{
"type": "FeatureCollection",
"name": "admin",
"crs": { "type": "name", "properties": { "name": "urn:ogc:def:crs:OGC:1.3:CRS84" } },
"features": [
{"type":"Feature","properties":{"id":null,"Name":"PMRDA","description":null,"timestamp":null,"begin":null,"end":null,"altitudeMode":null,"tessellate":-1,"extrude":0,"visibility":-1,"drawOrder":null,"icon":null},"geometry":{"type":"MultiPolygon","coordinates":[[[[73.630094236388686,18.336928110255631,0.0],[73.629558870534879,18.336776338024009,0.0],[73.629144107522421,18.336393121624511,0.0],[73.628744603378337,18.336016100957711,0.0],[73.628131075571773,18.335890927536362,0.0],[73.627788252744722,18.335630931726801,0.0],[73.627733240278459,18.335619172763231,0.0],[73.627455941234899,18.33555989895817,0.0],[73.6265214545856,18.335992988561109,0.0],[73.625527584335458,18.33596729450834,0.0],[73.625431852867749,18.335917221446689,0.0],[73.624634178099939,18.335752253893951,0.0],[73.62391057117253,18.335750038558391,0.0],[73.623819598858361,18.335740851813071,0.0],[73.622980462974951,18.335060517474449,0.0],[73.6221464684089,18.334741019447289,0.0],[73.621706038257756,18.33500116621877,0.0],[73.62103618307367,18.334807094115149,0.0],[73.620603641501916,18.335102806677821,0.0],[73.620210847817177,18.335051211757929,0.0],[73.619464477534592,18.336056979984392,0.0],[73.619380298877346,18.33617130469549,0.0],[73.61911192132041,18.33643509162215,0.0],[73.618675991700812,18.336522826466179,0.0],[73.618577876134779,18.33654215070435,0.0],[73.617757686721674,18.336494011157281,0.0],[73.617321296017892,18.336509825826411,0.0],[73.616879935103285,18.33653833905375,0.0],[73.616006514844045,18.337483947150261,0.0],[73.615687923846664,18.337493184325918,0.0],[73.614852838202268,18.336870128214581,0.0],[73.614117963105286,18.337505499040969,0.0],[73.613684970483177,18.337779477489178,0.0],[73.613368520717188,18.338417278827919,0.0],[73.612007947247932,18.338467488924479,0.0],[73.610779517549886,18.339184449413139,0.0],[73.609617292789736,18.338594320217268,0.0],[73.608848058818054,18.337904761919649,0.0],[73.608792791408732,18.337848822339719,0.0],[73.608557015020722,18.337610180601789,0.0],[73.608371508386185,18.33723347862626,0.0],[73.607939223105973,18.336712195319979,0.0],[73.607847607878924,18.336620909002391,0.0],[73.60701263033782,18.337110291679451,0.0],[73.606740789810488,18.337325252915701,0.0],[73.606471811958258,18.337494981532029,0.0],[73.606140771328668,18.337595095035439,0.0],[73.605667447784981,18.337741073257749,0.0],[73.605330117250517,18.337809164840841,0.0],[73.604871767491019,18.337787310816211,0.0],[73.604539182448107,18.337876674284828,0.0],[73.603603947550823,18.337717067905281,0.0],[73.603397271822487,18.337596018414452,0.0],[73.602578851013405,18.33703778442413,0.0],[73.602271347839803,18.336946550534648,0.0],[73.601880396781283,18.336863488320621,0.0],[73.601402662353095,18.336843915604739,0.0],[73.601028197562243,18.336784521715529,0.0],[73.600814120398766,18.336734903855071,0.0],[73.600652263495576,18.336699510592432,0.0],[73.599476438807272,18.336026756956912,0.0],[73.599074804835269,18.335758506233439,0.0],[73.598396307348636,18.335474963796141,0.0],[73.597884981569123,18.335341493484421,0.0],[73.597810244109027,18.33531922464261,0.0],[73.596965619118151,18.335373398406851,0.0],[73.596413809887522,18.334929401369148,0.0],[73.595351316677593,18.334474853802689,0.0],[73.594375795875848,18.334040499534328,0.0],[73.594200615543457,18.333980119107469,0.0],[73.593492454709477,18.3339543426784,0.0],[73.592658495257226,18.33360719620547,0.0],[73.591773920852063,18.333313750084031,0.0],[73.591112734523207,18.333276592930801,0.0],[73.590355165379592,18.333219631357782,0.0],[73.590335790300898,18.332908995377,0.0],[73.590229526423556,18.332264056616641,0.0],[73.590013367525728,18.331713943627999,0.0],[73.589922817697143,18.33144993184932,0.0],[73.589382564285415,18.330838805372139,0.0],[73.588771632804722,18.330829988188722,0.0],[73.58861896673254,18.330753931013799,0.0],[73.588411015317732,18.330602310282629,0.0],[73.588292384891972,18.330438960188861,0.0],[73.587721203078445,18.329570577362048,0.0],[73.58737872507929,18.329364752130068,0.0],[73.586943775634225,18.32912763325686,0.0],[73.586662403893044,18.328958073246621,0.0],[73.585930067025927,18.328427511875351,0.0],[73.585415866530909,18.328318624563739,0.0],[73.584807577649002,18.328166446168051,0.0],[73.584541102293699,18.327805561169288,0.0],[73.583909856842595,18.326971367068449,0.0],[73.583746298799682,18.326708159132771,0.0],[73.583594451700591,18.326422745970259,0.0],[73.583484358535884,18.32619704158148,0.0],[73.583140156954485,18.325491384478411,0.0],[73.582770700986586,18.325192770146391,0.0],[73.582649683441687,18.32509474292333,0.0],[73.582490198253979,18.32492491539421,0.0],[73.582102864006472,18.32455635595209,0.0],[73.581763524890945,18.323912190145229,0.0],[73.581499502148546,18.323410034929061,0.0],[73.581409971213489,18.323135648646488,0.0],[73.581283396726121,18.322769605718239,0.0],[73.58096871051535,18.32244542044338,0.0],[73.580792425307322,18.32234810070527,0.0],[73.580709918003294,18.321489800465191,0.0],[73.580275112755359,18.3205228008548,0.0],[73.580210824603398,18.32024721491198,0.0],[73.580125111960811,18.320031715001178,0.0],[73.579581615267685,18.3195850748175,0.0],[73.579509820987923,18.319628440447548,0.0],[73.57851041019272,18.319155229929141,0.0],[73.578031218979774,18.319089207671439,0.0],[73.577608526560667,18.317972437839309,0.0],[73.577190990495467,18.317323341487519,0.0],[73.576604793711226,18.316067876644709,0.0],[73.576109284205884,18.314396901824239,0.0],[73.575511631704117,18.314042764671999,0.0],[73.574345728270558,18.313836012288149,0.0],[73.573152675936385,18.314320333660191,0.0],[73.571959617414976,18.31480464799639,0.0],[73.571752013000079,18.314565710542769,0.0],[73.571521150114748,18.314368725005441,0.0],[73.570584402428324,18.31414036245857,0.0],[73.569647658462529,18.31391199638696,0.0],[73.568468582106547,18.313960782606141,0.0],[73.566863572817269,18.313620084001609,0.0],[73.565878006142597,18.31309275662797,0.0],[73.564966038368013,18.31281334075625,0.0],[73.564054074763106,18.312533920727091,0.0],[73.563474253487598,18.311839768447751,0.0],[73.562777260187161,18.311173505093151,0.0],[73.562080271275534,18.310507239509441,0.0],[73.561625701480693,18.310186686791429,0.0],[73.560557283032168,18.309231078851411,0.0],[73.559974364126944,18.308572673007049,0.0],[73.55962859312028,18.307868725877778,0.0],[73.558943564543497,18.30765481775753,0.0],[73.558013997369059,18.307626005327609,0.0],[73.557645543110638,18.307687823515892,0.0],[73.557164494447576,18.307525129271891,0.0],[73.556843315937229,18.30737848944689,0.0],[73.555924284192088,18.307056316811199,0.0],[73.554851851183201,18.306984217576261,0.0],[73.554102737196843,18.305966075593421,0.0],[73.553760678107267,18.305487158153909,0.0],[73.553204712754749,18.304979700349811,0.0],[73.552138897341464,18.303941467432779,0.0],[73.551741920702028,18.303945374180941,0.0],[73.551177618980958,18.30398505743343,0.0],[73.550641641044649,18.304029585841821,0.0],[73.550088871928921,18.304080170387259,0.0],[73.549905234608445,18.304070008317112,0.0],[73.549420596564758,18.30398884542954,0.0],[73.549069633042592,18.304014457266192,0.0],[73.548576561253796,18.304071352648361,0.0],[73.548381864537689,18.304137916565018,0.0],[73.54827429536887,18.304190959753662,0.0],[73.548138587237418,18.304132391205091,0.0],[73.547826055401728,18.304050484305669,0.0],[73.547540402887009,18.304000799552071,0.0],[73.54621801544917,18.303890368314121,0.0],[73.54613770024541,18.303890712859189,0.0],[73.545826921073925,18.304071183659339,0.0],[73.545120592522835,18.303806700740971,0.0],[73.544467195729652,18.30343289376788,0.0],[73.544170930960732,18.303189885689811,0.0],[73.54377121633506,18.302788375888849,0.0],[73.543519167706563,18.30253519340415,0.0],[73.542730324928627,18.30183017450409,0.0],[73.542390020269977,18.301464753432569,0.0],[73.541645604443787,18.301178231798829,0.0],[73.541453957461826,18.300956309082071,0.0],[73.54048445895819,18.30054541861022,0.0],[73.539514964386925,18.30013452351211,0.0],[73.539352372009972,18.30005102465153,0.0],[73.539165904706763,18.299955264652791,0.0],[73.538286421685072,18.299432458368649,0.0],[73.537767114846631,18.29913131982083,0.0],[73.537478382164139,18.29895624545939,0.0],[73.536514778082619,18.298518513583279,0.0],[73.536006073717502,18.29830176017262,0.0],[73.5354601863976,18.298067330658061,0.0],[73.535103674713469,18.297995075857919,0.0],[73.534463611948865,18.298200129435511,0.0],[73.533512762776709,18.29822545953213,0.0],[73.532970210729786,18.29818831740376,0.0],[73.532065644204422,18.297618780625299,0.0],[73.531355775484499,18.297402799653199,0.0],[73.530658014517286,18.297135392571239,0.0],[73.529796326772569,18.297026332586359,0.0],[73.529286452775906,18.297010139470029,0.0],[73.528452098659628,18.297238994510071,0.0],[73.526940378390748,18.297568773953021,0.0],[73.526589432170297,18.297679423131921,0.0],[73.525660314109132,18.29772335039635,0.0],[73.52454644203236,18.297759424239061,0.0],[73.523299424850009,18.297817288834729,0.0],[73.523269771629927,18.297912292905419,0.0],[73.521483684342854,18.29815223471449,0.0],[73.520750321825815,18.298108249743379,0.0],[73.519814508642071,18.29805211758913,0.0],[73.519579467942606,18.298173825222229,0.0],[73.518550293082356,18.298685881796409,0.0],[73.518215695547923,18.298546496995069,0.0],[73.516937249368766,18.297998411123139,0.0],[73.516621159361634,18.298013981464631,0.0],[73.516032086803705,18.29807324903237,0.0],[73.515400292229003,18.298260554037839,0.0],[73.515136809296493,18.298346692770259,0.0],[73.514764906003606,18.298361446582039,0.0],[73.513832999795724,18.298357410198172,0.0],[73.513152740157508,18.298527220960541,0.0],[73.512317441585196,18.29875611101701,0.0],[73.511334766631506,18.299027179392159,0.0],[73.511152057091124,18.299077578809431,0.0],[73.511070287040326,18.299044297421592,0.0],[73.510935149415914,18.299055937534622,0.0],[73.510378533023811,18.299123125351251,0.0],[73.509018950746807,18.299336426217501,0.0],[73.508948804233015,18.299333765125279,0.0],[73.508676120227236,18.2992731197862,0.0],[73.508652211833933,18.299313569284671,0.0],[73.508184728910038,18.29960544697909,0.0],[73.5076938911333,18.299401788531899,0.0],[73.506373090611419,18.29883078802003,0.0],[73.50605484711275,18.298689021906618,0.0],[73.506051443458986,18.298687153772971,0.0],[73.505713598217412,18.29850169895791,0.0],[73.505159501931431,18.298222463996751,0.0],[73.504388047308495,18.297508027081609,0.0],[73.503736737265953,18.296944542055289,0.0],[73.503207085701391,18.296583517267258,0.0],[73.503073688693462,18.296488961563039,0.0],[73.502911789401779,18.29639715067994,0.0],[73.50269483681096,18.296658255729241,0.0],[73.502278412932057,18.297069931640401,0.0],[73.50219408993452,18.29713305734299,0.0],[73.501459523128858,18.297538414177289,0.0],[73.501226266423899,18.297671227443509,0.0],[73.500516602706711,18.297797948125339,0.0],[73.500116293864792,18.29785934377734,0.0],[73.500111804939081,18.298097790999389,0.0],[73.500102175539482,18.298122135690932,0.0],[73.500089708132421,18.298131546221441,0.0],[73.499942131993791,18.298195129211958,0.0],[73.499394798008936,18.29849556958138,0.0],[73.499013218945876,18.298721530830019,0.0],[73.499000413848407,18.298739164868682,0.0],[73.498991696820553,18.298783312406229,0.0],[73.498902072990546,18.299258984510569,0.0],[73.498039354347029,18.2997377074051,0.0],[73.497580899033551,18.299988510361221,0.0],[73.497092901084343,18.300293670613051,0.0],[73.496162793387683,18.300830532759711,0.0],[73.495537523433427,18.30119338133705,0.0],[73.4949956771394,18.3007782435525,0.0],[73.494789946192398,18.300598272871429,0.0],[73.494343352318992,18.30079874562087,0.0],[73.493814812470703,18.301064765706951,0.0],[73.493775483132126,18.301097864617599,0.0],[73.493607079193126,18.30133197582958,0.0],[73.493498012828425,18.30148067027098,0.0],[73.493473936525831,18.30154153003916,0.0],[73.493233667221986,18.302075198131838,0.0],[73.492984927622672,18.302704813675462,0.0],[73.492825162626431,18.303064451027481,0.0],[73.49279721127121,18.30315940569912,0.0],[73.492126714746419,18.304047327322671,0.0],[73.491902157538107,18.304338872175489,0.0],[73.491888807893005,18.304372616745312,0.0],[73.491833636957665,18.304695925524541,0.0],[73.491683900800027,18.30550362421587,0.0],[73.49163572794329,18.30586030953571,0.0],[73.491321636687601,18.30605159848459,0.0],[73.49110096258481,18.306536649538469,0.0],[73.490801405375535,18.307232971157919,0.0],[73.490510502994027,18.30790697068506,0.0],[73.489954583845034,18.308219220181719,0.0],[73.489408568618728,18.308514656544379,0.0],[73.488776010751124,18.308683548190171,0.0],[73.488142586809943,18.308844412421578,0.0],[73.488138844801071,18.308845561960641,0.0],[73.488080718041275,18.30886341088922,0.0],[73.487729793523741,18.30965843340848,0.0],[73.487298137544784,18.31063849833733,0.0],[73.486782489606512,18.311931456403741,0.0],[73.486592451522455,18.312421310223691,0.0],[73.486584834642997,18.312440944259372,0.0],[73.486579890223254,18.312473867651018,0.0],[73.486715182731331,18.31287749599948,0.0],[73.486969249125693,18.313563097267082,0.0],[73.487032290168273,18.313573034882129,0.0],[73.48816508576148,18.314386845266419,0.0],[73.488779062089336,18.314828125280229,0.0],[73.488814176045523,18.314853362011132,0.0],[73.489260227135787,18.31517633070068,0.0],[73.489258203815197,18.315283579635459,0.0],[73.489263867724063,18.315320332429099,0.0],[73.489561570867437,18.31607952243245,0.0],[73.489835844369225,18.316758773943569,0.0],[73.489857185606567,18.316910798578601,0.0],[73.490029321667521,18.31764009152975,0.0],[73.490207109904375,18.318349302732361,0.0],[73.490214269893102,18.318377863734881,0.0],[73.490578298775702,18.318757983964851,0.0],[73.491108253719233,18.319338755584809,0.0],[73.491551763745775,18.319433267206058,0.0],[73.492445340308279,18.320355165284859,0.0],[73.492200134061136,18.320638503679842,0.0],[73.491591229221498,18.32145226379857,0.0],[73.491281961405619,18.32187190998145,0.0],[73.491243697693946,18.32190564980467,0.0],[73.491235787382536,18.321918644895039,0.0],[73.491229384955389,18.321934825284341,0.0],[73.491224390138186,18.3219964226342,0.0],[73.491186214677001,18.32250569229916,0.0],[73.4911712693292,18.3227555749632,0.0],[73.491170439491881,18.322769446493808,0.0],[73.491117588310203,18.322931879020359,0.0],[73.490937229211269,18.32359059841199,0.0],[73.490849380832785,18.323932001734519,0.0],[73.490853155935525,18.323931654804841,0.0],[73.490425801256492,18.324911339970509,0.0],[73.490246484830422,18.325336435083141,0.0],[73.489900537887891,18.32611963962772,0.0],[73.490416068823464,18.326951935130111,0.0],[73.490818869654035,18.327578092098189,0.0],[73.490979663365337,18.3278253747559,0.0],[73.490996542950029,18.32799260734863,0.0],[73.49103523883845,18.32854547072256,0.0],[73.491070282473359,18.32889635867657,0.0],[73.491298147274591,18.328947420813812,0.0],[73.491829042972952,18.329040088154091,0.0],[73.492441578702525,18.3288379845946,0.0],[73.49325281790702,18.328574637270691,0.0],[73.493502075915217,18.328493721613359,0.0],[73.494010087176079,18.328337287240739,0.0],[73.494744465080558,18.328110428320489,0.0],[73.494834860365543,18.328083318598949,0.0],[73.494840962606375,18.328081488207591,0.0],[73.495118300343549,18.328006680558989,0.0],[73.495613466548591,18.32784529898505,0.0],[73.49592736918683,18.327747963963009,0.0],[73.496500015432048,18.327572588138459,0.0],[73.496878379405118,18.327455840109501,0.0],[73.496887151519914,18.32745434242484,0.0],[73.497919863927549,18.327278024866771,0.0],[73.498613752040512,18.32774489322982,0.0],[73.498706088193714,18.327807019354658,0.0],[73.498712829910787,18.327811555090811,0.0],[73.498782108798366,18.32782174791036,0.0],[73.49917180114808,18.327828034028538,0.0],[73.499185840600362,18.327828260154661,0.0],[73.499935404493158,18.327847441876429,0.0],[73.500305498340609,18.328326533157799,0.0],[73.500375679261722,18.328367563668468,0.0],[73.500491790418053,18.328417316104961,0.0],[73.5007773606049,18.328642052063479,0.0],[73.50107231594626,18.328874173188922,0.0],[73.501724445505204,18.32938138766842,0.0],[73.501722698349667,18.329423859534799,0.0],[73.501721802866655,18.329445661390839,0.0],[73.501721467242973,18.330065181765601,0.0],[73.501721446367711,18.33034068418085,0.0],[73.501721430099963,18.330599610387999,0.0],[73.501865008155605,18.330716645451719,0.0],[73.502108940431313,18.330944781721119,0.0],[73.502199098360634,18.331030461900831,0.0],[73.502021276723937,18.331091012229258,0.0],[73.502047799497589,18.3312479461962,0.0],[73.502114068576461,18.33147720252029,0.0],[73.502205978977031,18.331884817046539,0.0],[73.50225653124032,18.332139982132361,0.0],[73.502292378172669,18.332320918902809,0.0],[73.502392040000217,18.332612955442041,0.0],[73.502403448879022,18.332649412464001,0.0],[73.502461239245349,18.332834075330631,0.0],[73.502531811588241,18.333059582037659,0.0],[73.502617525963359,18.333350518636159,0.0],[73.502618731294788,18.333355252034991,0.0],[73.502836880520476,18.33421151720324,0.0],[73.502629540694201,18.334667510742289,0.0],[73.502936745511349,18.335031794502761,0.0],[73.503118031426752,18.335315263181691,0.0],[73.503299316964529,18.335598731715219,0.0],[73.503416762073329,18.335778663404209,0.0],[73.503527779252067,18.33597892310199,0.0],[73.503706589149786,18.336368485120751,0.0],[73.50368657615077,18.336725350166709,0.0],[73.503826128672145,18.337132031430571,0.0],[73.504138545328018,18.33747747051147,0.0],[73.504112469606639,18.338300108833419,0.0],[73.503969054564664,18.338880769230101,0.0],[73.503990063647819,18.33917007896763,0.0],[73.503758513034427,18.339625684547009,0.0],[73.503722712826388,18.33992089515257,0.0],[73.503891873858038,18.340668509379139,0.0],[73.504124266135946,18.34173100160146,0.0],[73.503859001653964,18.342387666138809,0.0],[73.503806788072154,18.34264250223471,0.0],[73.50377237467562,18.34282529891787,0.0],[73.503692302856237,18.343053940067438,0.0],[73.503358458067268,18.343408813401041,0.0],[73.503353158653923,18.343523722879048,0.0],[73.503706951491068,18.343827700027141,0.0],[73.503754398393468,18.343996301561319,0.0],[73.503497531547438,18.345055634987851,0.0],[73.503004353285732,18.346621017150468,0.0],[73.502727866764687,18.34752751812367,0.0],[73.502451377963041,18.34843401841259,0.0],[73.502284289420629,18.349497269320821,0.0],[73.502110487802739,18.350262716098591,0.0],[73.501736842192884,18.350838874836061,0.0],[73.501703114226302,18.3509020627287,0.0],[73.501348851583884,18.351565765502961,0.0],[73.50114299764715,18.351489485085619,0.0],[73.499753829071381,18.350992754140609,0.0],[73.49945791090488,18.350873295416331,0.0],[73.498692267137656,18.35062959172199,0.0],[73.49752950498258,18.350383452550581,0.0],[73.497042980104155,18.35066522723325,0.0],[73.495672310072038,18.350712741953249,0.0],[73.494301640069466,18.350760246754739,0.0],[73.492862599343837,18.350928252362049,0.0],[73.492183380449717,18.35118030527271,0.0],[73.491356419365019,18.351921160975891,0.0],[73.491181061993757,18.351967144242131,0.0],[73.490303254384358,18.352197324656139,0.0],[73.489341586599991,18.352170609435021,0.0],[73.488379919497049,18.35214388937926,0.0],[73.48758352212063,18.352886725426249,0.0],[73.486787117934881,18.353629558496429,0.0],[73.4864865104431,18.353921385812939,0.0],[73.485866408332313,18.354665537259319,0.0],[73.484836195628532,18.355326736637849,0.0],[73.484731803647591,18.355420104039499,0.0],[73.483633665189743,18.35575781731664,0.0],[73.482662095319597,18.35612063143807,0.0],[73.481063786355932,18.356505762358822,0.0],[73.479339029209783,18.356879211398279,0.0],[73.478832006812524,18.35698092809654,0.0],[73.477867831294859,18.357479308892248,0.0],[73.476198088222048,18.357359799369139,0.0],[73.475572204169183,18.357725976958509,0.0],[73.47511260130274,18.357677364297409,0.0],[73.474488548247592,18.35791627833245,0.0],[73.474073183887484,18.358162101116051,0.0],[73.473518779324777,18.358556299107619,0.0],[73.472527942822012,18.35943472707871,0.0],[73.471453349549293,18.36087720311868,0.0],[73.470690791724167,18.362023486474719,0.0],[73.470138853450365,18.362916909023621,0.0],[73.469403529277614,18.36448970693608,0.0],[73.467719536336475,18.364231378067871,0.0],[73.466555224682907,18.36466652841127,0.0],[73.465632527597961,18.364192628279451,0.0],[73.464709834870703,18.363718723111379,0.0],[73.463692081640133,18.36327937816824,0.0],[73.463089157092327,18.363205286981088,0.0],[73.462679823352417,18.362595727060391,0.0],[73.462353648957972,18.362225310991889,0.0],[73.461308681184775,18.361105577097931,0.0],[73.460980460991792,18.360733440148032,0.0],[73.460165776097483,18.360196899383819,0.0],[73.459351096387792,18.359660355475832,0.0],[73.458536421862675,18.359123808424361,0.0],[73.457721751575804,18.358587258222059,0.0],[73.457171400272387,18.358134733507551,0.0],[73.456093039756226,18.357738634284932,0.0],[73.455261857976666,18.357364152227252,0.0],[73.454319768353358,18.356162646319639,0.0],[73.454019321136414,18.35504732684003,0.0],[73.453851507939433,18.354526822474579,0.0],[73.452861753457299,18.354323465931099,0.0],[73.451669190366815,18.35450395826809,0.0],[73.450875111117384,18.355017246153249,0.0],[73.450081028257031,18.35553053126279,0.0],[73.449286939901441,18.356043812677481,0.0],[73.448214480863143,18.356374167196179,0.0],[73.447142017238761,18.356704515351812,0.0],[73.446069549974638,18.35703485715176,0.0],[73.445273852979867,18.357621502802779,0.0],[73.444681559101369,18.358190139778841,0.0],[73.444585782684371,18.358750173003919,0.0],[73.443476999262089,18.359408242938219,0.0],[73.442529119708482,18.35919460858781,0.0],[73.441581242844848,18.358980970590959,0.0],[73.440881218122101,18.359701914332192,0.0],[73.440282910116366,18.36031809450272,0.0],[73.440181187549754,18.360422855012299,0.0],[73.439481151127438,18.361143792631029,0.0],[73.438781108854968,18.36186472718796,0.0],[73.438081060731975,18.36258565868286,0.0],[73.437476518012261,18.363286302591149,0.0],[73.43687196939824,18.363986943253039,0.0],[73.436267415819486,18.364687582483029,0.0],[73.435662857284058,18.365388219377451,0.0],[73.435058293791542,18.366088853935981,0.0],[73.434453725349954,18.366789485254952,0.0],[73.434108077575033,18.366894891594882,0.0],[73.433290826454893,18.36743334368348,0.0],[73.432473571351309,18.367971792763718,0.0],[73.431656310388121,18.368510237012671,0.0],[73.430839045449559,18.369048677349149,0.0],[73.430021774643009,18.36958711375717,0.0],[73.4292044989066,18.370125547147762,0.0],[73.428386963986796,18.370703336980458,0.0],[73.427569422797248,18.371281123752571,0.0],[73.426751877246758,18.371858905672351,0.0],[73.425934325426354,18.37243668453079,0.0],[73.425116769244724,18.373014458536229,0.0],[73.424299206792938,18.373592229479598,0.0],[73.423481639971541,18.374169996472769,0.0],[73.422664066896147,18.37474775859619,0.0],[73.422810239930811,18.37573214081992,0.0],[73.422956413225208,18.376716522951011,0.0],[73.423102587725793,18.377700904997251,0.0],[73.423248763432682,18.378685286958639,0.0],[73.4233949403461,18.379669668835131,0.0],[73.423541118457919,18.380654051530161,0.0],[73.423687297784753,18.381638433236748,0.0],[73.423833479264886,18.382622814866199,0.0],[73.42391148990059,18.38289122704029,0.0],[73.424013655110443,18.383931521640349,0.0],[73.424115821034761,18.384971816168711,0.0],[73.424217987681786,18.386012109721889,0.0],[73.424320155035289,18.38705240410685,0.0],[73.42442232310357,18.388092698420021,0.0],[73.424266033940555,18.388421043801589,0.0],[73.423929120417156,18.389413713216971,0.0],[73.423592202612426,18.390406381644748,0.0],[73.423255280525993,18.391399049084839,0.0],[73.422918355103874,18.392391715544949,0.0],[73.422581424452929,18.393384381009291,0.0],[73.422244489519258,18.394377045485591,0.0],[73.421642337322552,18.396028674159819,0.0],[73.421374737109161,18.396908386984091,0.0],[73.421107134793104,18.397788098252551,0.0],[73.420839529411367,18.398667809764351,0.0],[73.420236597373901,18.40034920047961,0.0],[73.420139075916836,18.40052831739175,0.0],[73.420490660556993,18.401723174395329,0.0],[73.420572672661706,18.40272891807415,0.0],[73.420642270404997,18.404103709878068,0.0],[73.419695847683755,18.404395966565279,0.0],[73.418749421170361,18.404688218279709,0.0],[73.417802992757885,18.4049804650369,0.0],[73.41685656150004,18.405272706828711,0.0],[73.415910126450669,18.40556494364705,0.0],[73.414963689502812,18.40585717550745,0.0],[73.414017248763798,18.406149402393851,0.0],[73.413070806126726,18.406441624321872,0.0],[73.412662324164401,18.40548856312747,0.0],[73.412253846336469,18.404535501304,0.0],[73.411845372642517,18.40358243885165,0.0],[73.41143690308219,18.402629375770509,0.0],[73.411028436700349,18.401676312956361,0.0],[73.410619975406078,18.400723248618188,0.0],[73.410211518244182,18.399770183651729,0.0],[73.409190044226136,18.400096860850979,0.0],[73.408168566760651,18.4004235322551,0.0],[73.407147085856224,18.400750196960232,0.0],[73.406125601496527,18.401076856773031,0.0],[73.405104113690143,18.401403510789709,0.0],[73.40502549737937,18.400452220776781,0.0],[73.404946881489721,18.3995009316093,0.0],[73.404868265091338,18.398549641472361,0.0],[73.403803132462841,18.399132005555281,0.0],[73.402737992059713,18.399714363078878,0.0],[73.401672845774783,18.400296714058481,0.0],[73.401191427170318,18.400599002669669,0.0],[73.400236626726738,18.401150969696669,0.0],[73.39928182139694,18.401702931437381,0.0],[73.399384375411572,18.402796851200399,0.0],[73.399706358782666,18.403330707731541,0.0],[73.399433880296286,18.404285533282959,0.0],[73.399161398394924,18.405240358121681,0.0],[73.398888912123695,18.406195183143161,0.0],[73.39863474021918,18.407246444967718,0.0],[73.398380564711374,18.4082977070079,0.0],[73.398126385608364,18.409348968360149,0.0],[73.397872202909753,18.410400229024429,0.0],[73.397692162399821,18.41143151541343,0.0],[73.397512119233838,18.41246280226359,0.0],[73.397332074366346,18.41349408867945,0.0],[73.397152025912604,18.414525373741601,0.0],[73.396971974802057,18.415556659264741,0.0],[73.397379249350621,18.416628785669879,0.0],[73.397786527508103,18.4177009123669,0.0],[73.398193811184697,18.418773037564719,0.0],[73.397710723308876,18.419740881442959,0.0],[73.397227629675172,18.42070872358379,0.0],[73.396615635896282,18.422157757834778,0.0],[73.396098282207547,18.422961714670642,0.0],[73.395580923521223,18.423765668759419,0.0],[73.395561287453248,18.424779124936361,0.0],[73.395421390117008,18.42611586810008,0.0],[73.395281488802922,18.427452611710049,0.0],[73.395222906479091,18.428388796437911,0.0],[73.395164322149739,18.429324981002541,0.0],[73.395105737707993,18.43026116541996,0.0],[73.39504715126067,18.4311973496742,0.0],[73.39498856375414,18.432133533773211,0.0],[73.394821622081849,18.43278535713949,0.0],[73.394758207079292,18.433032962045068,0.0],[73.394527847628567,18.43393239067548,0.0],[73.394454980969343,18.434988178321831,0.0],[73.394382112871668,18.43604396666279,0.0],[73.39432545742909,18.43711531898013,0.0],[73.394268800727204,18.438186671110699,0.0],[73.394063377830548,18.439069490676271,0.0],[73.393857951519067,18.439952310675331,0.0],[73.39365252274763,18.44083513021241,0.0],[73.393459502254402,18.442002849014418,0.0],[73.393266477549503,18.44317056817782,0.0],[73.393073449596088,18.444338285903619,0.0],[73.393623508860301,18.445246290904809,0.0],[73.394173572686555,18.44615429556502,0.0],[73.394723642038656,18.447062298084958,0.0],[73.39527371690032,18.4479703002714,0.0],[73.396463052606236,18.447456657406679,0.0],[73.397652380779178,18.446943007409342,0.0],[73.398542714623275,18.44662979512519,0.0],[73.399433044585223,18.446316579299271,0.0],[73.400323372566604,18.446003359044301,0.0],[73.401213697628961,18.445690133449119,0.0],[73.401389161542568,18.446693109926791,0.0],[73.401564627020988,18.447696086295512,0.0],[73.401740093109325,18.448699063450761,0.0],[73.401915561717857,18.44970203960149,0.0],[73.402091031891715,18.450705015643191,0.0],[73.402266503631097,18.45170799157582,0.0],[73.402331598140918,18.452080061499611,0.0],[73.402441976936188,18.45271096739933,0.0],[73.402543463427151,18.454495465141711,0.0],[73.402335651367153,18.45539051935781,0.0],[73.402127836791564,18.456285572197611,0.0],[73.401920019683601,18.457180625467959,0.0],[73.40171220005135,18.45807567826531,0.0],[73.401504376956325,18.458970729678299,0.0],[73.401296552275028,18.45986578152969,0.0],[73.401088725068902,18.46076083290799,0.0],[73.400872890781059,18.461998379748589,0.0],[73.400657051729027,18.463235925944709,0.0],[73.401381482037451,18.464007385872129,0.0],[73.402105917813017,18.464778844357351,0.0],[73.402830360011322,18.465550300504429,0.0],[73.403554809587817,18.466321753417581,0.0],[73.404864894890409,18.46656519603145,0.0],[73.406174985564078,18.466808629866939,0.0],[73.406978900717647,18.466958430534969,0.0],[73.406931257945843,18.467079980667329,0.0],[73.406559911558716,18.468024247748531,0.0],[73.406188559788987,18.468968513695209,0.0],[73.405817204529839,18.46991277852322,0.0],[73.40544584483429,18.470857042224491,0.0],[73.40507448071024,18.47180130389534,0.0],[73.404703111193783,18.472745565334701,0.0],[73.404331738186627,18.473689825654919,0.0],[73.40399127413248,18.474709786131559,0.0],[73.40365080465962,18.475729744673579,0.0],[73.403310331644718,18.47674970310365,0.0],[73.402969854157206,18.477769659606832,0.0],[73.404016595994094,18.477548330904149,0.0],[73.405063335601483,18.477326996205331,0.0],[73.40617364181513,18.477253071316252,0.0],[73.40728394857075,18.47717913894758,0.0],[73.408565776618971,18.477143883229431,0.0],[73.409847604871516,18.47710861788963,0.0],[73.409625280236611,18.47805988995459,0.0],[73.409402953680527,18.479011161489169,0.0],[73.40918062330941,18.479962432477549,0.0],[73.408958291008275,18.480913703838951,0.0],[73.408735954899953,18.481864973750511,0.0],[73.408042633393308,18.482563283642381,0.0],[73.407767134379313,18.483715037148588,0.0],[73.407762692957803,18.4853885475064,0.0],[73.407834288264283,18.486545169776889,0.0],[73.407712114568724,18.48729910924418,0.0],[73.407671490135229,18.48754980186381,0.0],[73.407659890430111,18.487621384626561,0.0],[73.407623451731254,18.487772004108692,0.0],[73.407589452738634,18.487912536227149,0.0],[73.407414144019924,18.488637158491461,0.0],[73.407168394232201,18.489652932616831,0.0],[73.407383845714378,18.490798577960788,0.0],[73.407599300388483,18.491944224054421,0.0],[73.407588780086655,18.49205327738375,0.0],[73.407532670971946,18.49263488274006,0.0],[73.407518347699337,18.49278335518332,0.0],[73.407508001498357,18.4928389232904,0.0],[73.407458207517251,18.493106356904171,0.0],[73.407323026098325,18.49383238846001,0.0],[73.407371195151185,18.494105205572311,0.0],[73.407464855168641,18.495070605754869,0.0],[73.407558515790626,18.496036005875869,0.0],[73.407791513038759,18.497094364981059,0.0],[73.407947386344148,18.49780238924097,0.0],[73.408086561162051,18.498254310979,0.0],[73.408314164308464,18.49899336956269,0.0],[73.40868094673101,18.500184348509151,0.0],[73.407591815388187,18.500295227509529,0.0],[73.40696071366466,18.500359473782311,0.0],[73.405919671510389,18.500501016315528,0.0],[73.404614961190205,18.500733153720549,0.0],[73.403582864155169,18.50091496671725,0.0],[73.40255076444582,18.50109677390487,0.0],[73.402124991259598,18.50024913943458,0.0],[73.401783604866367,18.499569498223831,0.0],[73.401156171497107,18.498440756957169,0.0],[73.400459947344572,18.497202158295899,0.0],[73.399837562816415,18.49643778363761,0.0],[73.399215182746374,18.495673408187471,0.0],[73.398592809044757,18.494909030154801,0.0],[73.398013962444466,18.49401371374519,0.0],[73.39743512256041,18.49311839685241,0.0],[73.396856288462075,18.49222307766183,0.0],[73.395507345347184,18.492648160611669,0.0],[73.393889559202293,18.493231330165589,0.0],[73.392905060474035,18.493582196772241,0.0],[73.391830274221604,18.49253742027248,0.0],[73.390993864579016,18.49162382283502,0.0],[73.390157464660163,18.49071022230148,0.0],[73.389199414887415,18.489707828082331,0.0],[73.389344132536635,18.488231915086988,0.0],[73.389448340918648,18.487257732858939,0.0],[73.389552546708842,18.486283551282739,0.0],[73.389656751809426,18.48530936947088,0.0],[73.389760955273687,18.484335187415411,0.0],[73.38991154996188,18.48305077453848,0.0],[73.389899551795665,18.482866195802458,0.0],[73.388820596023095,18.482704060769901,0.0],[73.387741643740455,18.482541918844291,0.0],[73.386662693984476,18.482379771824569,0.0],[73.384949124171115,18.482070989317041,0.0],[73.383973798581309,18.481904667563789,0.0],[73.382998474329099,18.481738341822091,0.0],[73.382845172026364,18.481700818401361,0.0],[73.381334202091679,18.4812869613604,0.0],[73.379660706636386,18.481242509172311,0.0],[73.379911833229428,18.480972122933,0.0],[73.380540298366114,18.480140065799521,0.0],[73.381168758218394,18.479308006050541,0.0],[73.381797211831312,18.478475944581859,0.0],[73.382425658275395,18.477643879578679,0.0],[73.382967904162669,18.476842649970379,0.0],[73.382805953527281,18.476346457568368,0.0],[73.382030745954907,18.476345639089331,0.0],[73.38096039684109,18.477525663729089,0.0],[73.380156261135937,18.47803730162666,0.0],[73.379352121764256,18.478548935722749,0.0],[73.378547976832408,18.479060566000729,0.0],[73.377743828233903,18.479572192476599,0.0],[73.37702239004399,18.47992934232629,0.0],[73.377095581869227,18.479198672756681,0.0],[73.377013421397123,18.478068454029749,0.0],[73.376931261369066,18.476938236124528,0.0],[73.376843212786397,18.47589649076787,0.0],[73.376755163799544,18.47485474443096,0.0],[73.37666711628502,18.473812998937049,0.0],[73.376580276486592,18.472715722977959,0.0],[73.376493436258059,18.47161844693445,0.0],[73.376406597492917,18.47052117082276,0.0],[73.376277128991845,18.468733796120549,0.0],[73.376243343282724,18.4684036069272,0.0],[73.375937604400406,18.468308066159711,0.0],[73.375695090102553,18.468335784914402,0.0],[73.375397706599969,18.46837048161423,0.0],[73.374967446410892,18.4684040726818,0.0],[73.374344222216877,18.46845670718627,0.0],[73.373995334978744,18.468561505359091,0.0],[73.373939082404789,18.468071843200871,0.0],[73.373796432646301,18.466969216930309,0.0],[73.373653784122027,18.46586659057041,0.0],[73.373511136831851,18.4647639641213,0.0],[73.373439938018677,18.464668264069861,0.0],[73.373206562894211,18.464841816288779,0.0],[73.37237213639888,18.465752110970492,0.0],[73.371095597569081,18.466538177795201,0.0],[73.369916143172929,18.467113125786739,0.0],[73.369764358420312,18.46723110170289,0.0],[73.369627179329555,18.467297574793839,0.0],[73.368691646077238,18.46788865099882,0.0],[73.367756105695477,18.468479721138419,0.0],[73.366820560060603,18.46907078703536,0.0],[73.365885007287588,18.469661847769359,0.0],[73.365812744428766,18.469706758525959,0.0],[73.365712352557594,18.46974686654778,0.0],[73.36465924694221,18.470372635605429,0.0],[73.363470597311562,18.47072060039477,0.0],[73.362541097476694,18.47114891222585,0.0],[73.36238081771036,18.4712094272512,0.0],[73.362372526723789,18.47133135100734,0.0],[73.362375610650972,18.4715599688605,0.0],[73.362401767501183,18.47239874061092,0.0],[73.362404867369108,18.473759209193471,0.0],[73.362388307894278,18.47472947246424,0.0],[73.362371746819477,18.47569973561566,0.0],[73.362358172905644,18.47579780220763,0.0],[73.361783080866417,18.477514102678651,0.0],[73.361690374668385,18.478477206682999,0.0],[73.361661995577776,18.478688063609319,0.0],[73.361509846139299,18.4796836063279,0.0],[73.361357693523544,18.480679147775501,0.0],[73.361160963763666,18.481952512640529,0.0],[73.360973402712332,18.483125426042651,0.0],[73.360785838440663,18.484298338921,0.0],[73.360716897352063,18.484551663940799,0.0],[73.360789288824677,18.484657952903952,0.0],[73.360889237667962,18.484784588260709,0.0],[73.362053506925804,18.486047749827929,0.0],[73.362276492846334,18.485909718830062,0.0],[73.363051427020238,18.485382915304019,0.0],[73.363826355633364,18.484856109103479,0.0],[73.365376853128794,18.483870519658659,0.0],[73.366245312915325,18.483291559839969,0.0],[73.367113767039939,18.482712595549469,0.0],[73.368116699408816,18.482042826926222,0.0],[73.368473803131323,18.482068853442009,0.0],[73.368902084534625,18.482074813432749,0.0],[73.3698650139699,18.482147042960229,0.0],[73.370827943688212,18.4822192667393,0.0],[73.372404316818205,18.482336218845301,0.0],[73.372738337130301,18.482310906687569,0.0],[73.372933832741552,18.482307814099741,0.0],[73.374081552177927,18.481941639941549,0.0],[73.375732086547345,18.481428830507909,0.0],[73.376744075814813,18.480873046438191,0.0],[73.377035035690241,18.480690029813491,0.0],[73.378556821589697,18.48150490700829,0.0],[73.378811454011199,18.481643267614221,0.0],[73.378650675838273,18.482090713001568,0.0],[73.378313377638776,18.483055991336549,0.0],[73.37797607525367,18.484021268685002,0.0],[73.377509719252259,18.485363789290531,0.0],[73.377198872328179,18.486254309266489,0.0],[73.37688802089734,18.48714482839576,0.0],[73.376577166853153,18.48803534669451,0.0],[73.375709092770023,18.48683769602507,0.0],[73.374855794799942,18.487165979872859,0.0],[73.374589573951212,18.487249757075588,0.0],[73.374531128715688,18.487532157261661,0.0],[73.374401260227842,18.488576078653271,0.0],[73.374271390583957,18.489619999732131,0.0],[73.374141517898593,18.49066391957842,0.0],[73.374008507492746,18.491671129055121,0.0],[73.37387549504821,18.492678337312,0.0],[73.373857077311982,18.492882622345331,0.0],[73.375036758288019,18.49412006994768,0.0],[73.375595452622974,18.493901305763028,0.0],[73.376702190350784,18.49376843098473,0.0],[73.377808926910191,18.493635549598441,0.0],[73.378915663247639,18.493502661612219,0.0],[73.379083707703799,18.49362687926287,0.0],[73.379917334429805,18.49440211577669,0.0],[73.380750968668437,18.495177350036801,0.0],[73.381584609481664,18.49595258113116,0.0],[73.382807751533548,18.497042016532969,0.0],[73.383855282858633,18.497588003719269,0.0],[73.384902821161845,18.498133986486909,0.0],[73.385950366451723,18.498679963931959,0.0],[73.386861780477375,18.49915104391722,0.0],[73.387773199751777,18.49962211986983,0.0],[73.387827836385284,18.499660053850949,0.0],[73.388831803783617,18.499684159570439,0.0],[73.389835772857339,18.49970825998998,0.0],[73.390839741712341,18.499732355093379,0.0],[73.392522855610153,18.499795152210041,0.0],[73.392713958664459,18.49980408610687,0.0],[73.3934379070174,18.5006109680313,0.0],[73.394161861133739,18.501417846724401,0.0],[73.393363486343461,18.501472957986479,0.0],[73.392318311338684,18.501537891854959,0.0],[73.391273136019024,18.501602820789952,0.0],[73.39019125595145,18.501955389263479,0.0],[73.38910937190235,18.502307952100011,0.0],[73.388027483888933,18.50266050749217,0.0],[73.387038758341376,18.50301008839239,0.0],[73.386050028205645,18.50335966379518,0.0],[73.385061295384318,18.503709232812788,0.0],[73.384072557966689,18.5040587972358,0.0],[73.383083816908382,18.50440835616844,0.0],[73.382095073156634,18.504757909618551,0.0],[73.381500740921609,18.50547438993506,0.0],[73.38090640459933,18.506190867056059,0.0],[73.380312063225531,18.506907342780082,0.0],[73.379717715861531,18.507623816195402,0.0],[73.379123364400925,18.508340287317949,0.0],[73.378529006958061,18.509056755227832,0.0],[73.377934645409553,18.509773221747981,0.0],[73.377103746251279,18.510313871562101,0.0],[73.376272842036045,18.51085451729249,0.0],[73.375441933710832,18.511395158946851,0.0],[73.374611019381447,18.511935796508691,0.0],[73.373780099994988,18.512476429985799,0.0],[73.372949176498253,18.513017059385881,0.0],[73.372118246997218,18.513557684692369,0.0],[73.371418726878858,18.514278933305839,0.0],[73.370719199910155,18.51500017881644,0.0],[73.370019667984891,18.515721421240141,0.0],[73.369320130147187,18.516442661471959,0.0],[73.368620586413897,18.517163897704609,0.0],[73.367921035829113,18.517885130833069,0.0],[73.367294946709208,18.51865443741395,0.0],[73.3666688509241,18.519423741418692,0.0],[73.366042750367626,18.520193042863479,0.0],[73.365416644083851,18.520962342643241,0.0],[73.364790531142432,18.52173163894258,0.0],[73.364164413428682,18.522500932681179,0.0],[73.363538289995134,18.523270223850421,0.0],[73.362910906054623,18.523994218157291,0.0],[73.362283516755909,18.52471820901415,0.0],[73.361656123028652,18.525442198235851,0.0],[73.361028722986973,18.526166184902269,0.0],[73.360401317586309,18.526890168117919,0.0],[73.359730418189869,18.52765113171845,0.0],[73.359059511829912,18.52841209150408,0.0],[73.35838860038308,18.529173049297821,0.0],[73.35771768197209,18.529934003275969,0.0],[73.35704675847353,18.53069495526163,0.0],[73.356375828957269,18.531455903439301,0.0],[73.355691754798116,18.53217992697806,0.0],[73.355007674824961,18.532903947536809,0.0],[73.35403036110749,18.532810119186681,0.0],[73.353053048886295,18.532716285860729,0.0],[73.352075738161673,18.532622447559039,0.0],[73.351098428925212,18.532528605185171,0.0],[73.350121121194547,18.532434756932322,0.0],[73.349143814014283,18.532340903695701,0.0],[73.348166509278869,18.532247045491928,0.0],[73.347189206032823,18.532153183216341,0.0],[73.34592355372753,18.532411022280559,0.0],[73.344767085238402,18.53246387381698,0.0],[73.343610615699347,18.532516718206612,0.0],[73.342869344347534,18.532651228519491,0.0],[73.342726860181031,18.533586394470049,0.0],[73.342584374980902,18.53452156011118,0.0],[73.342441887799851,18.535456725434511,0.0],[73.342299397690667,18.53639189043172,0.0],[73.34215690655617,18.537327054215961,0.0],[73.342014413431585,18.538262218585789,0.0],[73.341871917378469,18.539197382629471,0.0],[73.341729420290861,18.54013254636352,0.0],[73.341586921230274,18.54106770887627,0.0],[73.342366298494397,18.541647275039409,0.0],[73.343145680180783,18.542226838354711,0.0],[73.343925068183921,18.542806398838469,0.0],[73.344704461556731,18.543385956482069,0.0],[73.345483859352186,18.54396551127682,0.0],[73.346263263464792,18.544545063239081,0.0],[73.34704267295615,18.5451246114567,0.0],[73.347822087809078,18.54570415773631,0.0],[73.347227305898684,18.546482503575088,0.0],[73.346632518453063,18.54726084705624,0.0],[73.346037726427753,18.548039187284349,0.0],[73.345442927910753,18.548817526049429,0.0],[73.346250053507788,18.549389342480112,0.0],[73.347057184624092,18.549961154942249,0.0],[73.347864321242227,18.550532965242319,0.0],[73.348671463371204,18.55110477247656,0.0],[73.349478611011008,18.551676576644621,0.0],[73.350285764170437,18.55224837684273,0.0],[73.351092921885154,18.552820174869101,0.0],[73.351900086058251,18.553391969836589,0.0],[73.352707255751412,18.553963760833021,0.0],[73.3535144309473,18.554535549665019,0.0],[73.354321611654854,18.555107335428762,0.0],[73.355128797882784,18.555679117220471,0.0],[73.35593598961384,18.55625089684672,0.0],[73.356743186856889,18.556822673403659,0.0],[73.357550389620599,18.557394445987502,0.0],[73.358357597887903,18.557966216404829,0.0],[73.357407666078458,18.55777160678845,0.0],[73.356457737760763,18.557576992559682,0.0],[73.355507811040525,18.557382373702168,0.0],[73.354557887821159,18.557187749329071,0.0],[73.353607966191092,18.556993121231031,0.0],[73.352633800869398,18.55655519702481,0.0],[73.351659639908135,18.556117268147009,0.0],[73.350685485201836,18.555679334614581,0.0],[73.349711335803406,18.555241396419589,0.0],[73.348737190765689,18.55480345355414,0.0],[73.347738462408643,18.554873548524281,0.0],[73.34673973368723,18.55494363814255,0.0],[73.345741004593165,18.555013723312339,0.0],[73.344742275144071,18.555083802226768,0.0],[73.343743545331691,18.55515387578917,0.0],[73.342744815156252,18.555223943999479,0.0],[73.343037516493496,18.553521557003592,0.0],[73.342069105108095,18.553649182599599,0.0],[73.341100693640996,18.553776804021592,0.0],[73.340132280206717,18.553904420349379,0.0],[73.339163866700005,18.554032031599501,0.0],[73.338357539242452,18.5534610171403,0.0],[73.337551216328407,18.55289000051836,0.0],[73.336744899860818,18.552318980847211,0.0],[73.335938588892461,18.55174795811887,0.0],[73.335132282475954,18.551176932325379,0.0],[73.334325982505604,18.550605903483731,0.0],[73.333354636703291,18.55100447901879,0.0],[73.332383286742697,18.55140304918142,0.0],[73.331411932615126,18.55180161487467,0.0],[73.330440575285522,18.552200174299688,0.0],[73.329577961355554,18.55269013329119,0.0],[73.328715342721182,18.55318008792521,0.0],[73.327852719382349,18.553670038201279,0.0],[73.326990091330245,18.55415998502264,0.0],[73.326075744583804,18.554706355112408,0.0],[73.325161392240162,18.555252721182679,0.0],[73.324247033360791,18.555799082321251,0.0],[73.32333266984017,18.55634543854443,0.0],[73.32241830073103,18.556891789843391,0.0],[73.32150392508602,18.55743813620942,0.0],[73.321663028566888,18.558468723681539,0.0],[73.321822133439966,18.559499310160099,0.0],[73.321981238740548,18.56052989744353,0.0],[73.321960289634859,18.561459604036369,0.0],[73.32193934081026,18.562389310529671,0.0],[73.321918390372275,18.56331901690676,0.0],[73.321897439268099,18.564248723175972,0.0],[73.321876488444943,18.5651784293457,0.0],[73.321855536008329,18.566108135399119,0.0],[73.321834582905424,18.567037841344671,0.0],[73.321784433599717,18.568077976908071,0.0],[73.321734283136934,18.569118112300291,0.0],[73.321684131516918,18.570158247521359,0.0],[73.322093219509398,18.571503545694419,0.0],[73.321596233964883,18.573024870546071,0.0],[73.321882397122536,18.572995120891619,0.0],[73.32260324518866,18.573637431478179,0.0],[73.323324099634988,18.574279739702138,0.0],[73.324044959505628,18.574922046458241,0.0],[73.324765823871061,18.575564349930811,0.0],[73.325486694617396,18.576206651039868,0.0],[73.326207569850069,18.576848949768241,0.0],[73.326928451455231,18.577491247035891,0.0],[73.327488867575468,18.57831830723681,0.0],[73.328049289842014,18.579145367040461,0.0],[73.328438932950803,18.579029695770579,0.0],[73.329164131510439,18.579822770263132,0.0],[73.329889336698059,18.580615843333391,0.0],[73.330614548531727,18.581408913174229,0.0],[73.33133976604681,18.582201981583651,0.0],[73.332064991156017,18.58299504677121,0.0],[73.331784855928163,18.583871074676988,0.0],[73.331504717492393,18.584747100959461,0.0],[73.331224575830802,18.58562312742535,0.0],[73.330881731668299,18.586555937647219,0.0],[73.330538883376903,18.587488747766201,0.0],[73.330196031921275,18.58842155598375,0.0],[73.329853175388635,18.589354364089871,0.0],[73.329510314743715,18.590287170285919,0.0],[73.32946365361947,18.591256125400019,0.0],[73.329416992449424,18.59222507947068,0.0],[73.329370330277214,18.593194033392859,0.0],[73.329323666155418,18.594162987158281,0.0],[73.329277001970055,18.59513194168705,0.0],[73.329930998191159,18.594421349403,0.0],[73.330584988924684,18.593710754368821,0.0],[73.33123897416209,18.59300015748817,0.0],[73.331425729892487,18.59389553805606,0.0],[73.331580968083756,18.594639810803208,0.0],[73.331612486230924,18.594790919406041,0.0],[73.331799245090096,18.595686299747989,0.0],[73.331929864129208,18.59690056571365,0.0],[73.332060484284412,18.598114831584741,0.0],[73.333181100856478,18.597445726537931,0.0],[73.33430170900931,18.596776614990759,0.0],[73.334134221960241,18.597665902903788,0.0],[73.33396673278483,18.598555190450831,0.0],[73.333799240535356,18.59944447762361,0.0],[73.333631747106665,18.600333764438801,0.0],[73.333464251551121,18.601223050887999,0.0],[73.333296753868566,18.602112336971171,0.0],[73.33326404571342,18.602812370534409,0.0],[73.332474351031649,18.603548313977509,0.0],[73.331684648622343,18.604284253510269,0.0],[73.332026028230615,18.60516574876554,0.0],[73.332367411017486,18.606047243599061,0.0],[73.332708796026907,18.606928738905811,0.0],[73.333050185171828,18.60781023289557,0.0],[73.333391577496116,18.608691726463348,0.0],[73.333732973000181,18.609573219608951,0.0],[73.334074370727905,18.610454713227369,0.0],[73.334653254721403,18.609657435759878,0.0],[73.335232132204069,18.6088601560153,0.0],[73.335811005071392,18.608062874010681,0.0],[73.336389871428608,18.607265589729561,0.0],[73.336968733171148,18.606468303188819,0.0],[73.337547588395537,18.605671015275451,0.0],[73.338126439014616,18.604873724199571,0.0],[73.338708219810201,18.603921061593489,0.0],[73.339585654991268,18.60434452742065,0.0],[73.340463095733369,18.60476798858366,0.0],[73.341340541080271,18.605191445977209,0.0],[73.342217990075696,18.605614900496189,0.0],[73.342068582960209,18.607285141982619,0.0],[73.342071630049787,18.608217658181481,0.0],[73.34207467674473,18.60915017339109,0.0],[73.342077723027558,18.610082689418292,0.0],[73.342682954997898,18.610992840047949,0.0],[73.343288193151977,18.611902990052631,0.0],[73.343610754735494,18.612388050139451,0.0],[73.343893437499091,18.612813138528661,0.0],[73.345124539548593,18.612968073262898,0.0],[73.346355644507057,18.613123000112608,0.0],[73.3469184248559,18.612417127623232,0.0],[73.347008589870669,18.612304036305641,0.0],[73.347160708144528,18.611992454094811,0.0],[73.347348014160104,18.61178417748097,0.0],[73.347892308093307,18.61136559463479,0.0],[73.348417174459158,18.612172488585479,0.0],[73.348585828290098,18.612431763610768,0.0],[73.348942045568251,18.61297938229437,0.0],[73.349466921429823,18.613786274857699,0.0],[73.350059491938296,18.61452362416123,0.0],[73.350652066497076,18.61526097193147,0.0],[73.351244647001622,18.615998318184971,0.0],[73.351837231557127,18.61673566290473,0.0],[73.352429822058909,18.61747300610714,0.0],[73.35302241661222,18.61821034777542,0.0],[73.353615017112489,18.618947687925921,0.0],[73.354207621664798,18.619685026541809,0.0],[73.354800232164635,18.6204223636393,0.0],[73.355392846717066,18.621159699201751,0.0],[73.355985467217621,18.62189703324545,0.0],[73.356553255896486,18.622705636105319,0.0],[73.357121049767812,18.62351423759976,0.0],[73.357688847884333,18.624322837720261,0.0],[73.35825665214162,18.625131436483048,0.0],[73.358824461592405,18.62594003387969,0.0],[73.359392276237102,18.626748629909859,0.0],[73.359960096084691,18.627557223669971,0.0],[73.360527920170526,18.62836581695834,0.0],[73.361095750398917,18.629174408887788,0.0],[73.361663585822598,18.629982999449862,0.0],[73.362231426441966,18.6307915886443,0.0],[73.362799272257291,18.63160017647083,0.0],[73.363307302523992,18.632364311917549,0.0],[73.363815338118698,18.63312844538633,0.0],[73.36432337712904,18.633892578667389,0.0],[73.364831421467954,18.634656709970059,0.0],[73.365339469223031,18.635420841084638,0.0],[73.365847521359626,18.636184970212291,0.0],[73.366355578816965,18.636949098264491,0.0],[73.366863639691346,18.637713226128032,0.0],[73.367119355079012,18.638697794272201,0.0],[73.367375072965274,18.639682362195948,0.0],[73.367630793350415,18.640666929899162,0.0],[73.367886516234762,18.641651497381819,0.0],[73.368142241618514,18.642636064643821,0.0],[73.368397969501984,18.64362063168516,0.0],[73.369239772088022,18.644424852513129,0.0],[73.370081582603916,18.64522907011084,0.0],[73.371651224330435,18.645557526412041,0.0],[73.372298867959117,18.64550905491738,0.0],[73.372458851564048,18.645482651079949,0.0],[73.373413624751876,18.645402935292779,0.0],[73.374368396505176,18.645323214576109,0.0],[73.375323168719106,18.64524348894653,0.0],[73.375562158854663,18.64697601671666,0.0],[73.37582004394163,18.648743510799111,0.0],[73.376027568298653,18.64983409565777,0.0],[73.376235093803075,18.650924679456519,0.0],[73.376889574281677,18.650412135571472,0.0],[73.377331095286962,18.651470790223769,0.0],[73.377772622254511,18.652529444149369,0.0],[73.378684640714894,18.652861202016069,0.0],[73.379596663030085,18.653192956615818,0.0],[73.381299678266885,18.653826006549782,0.0],[73.382477573246319,18.654202114970069,0.0],[73.384029783895883,18.654716953561898,0.0],[73.385233979032975,18.655151854671871,0.0],[73.386430105372554,18.654779411078341,0.0],[73.387626228013687,18.654406958560759,0.0],[73.38757639494473,18.65468102881157,0.0],[73.387655294604571,18.6555911855083,0.0],[73.387734193756629,18.656501342142882,0.0],[73.387813093348882,18.657411498723501,0.0],[73.387891993381359,18.658321655250131,0.0],[73.38776508224943,18.659296068734861,0.0],[73.387638169211073,18.660270481927238,0.0],[73.387511253309768,18.661244895722451,0.0],[73.38722831073683,18.662212449866171,0.0],[73.386945365479491,18.66318000325311,0.0],[73.386662415641851,18.664147555866819,0.0],[73.386547791118815,18.664539513926499,0.0],[73.386379462171476,18.665115107715341,0.0],[73.386096505068011,18.666082658798629,0.0],[73.385813545270494,18.66705021002829,0.0],[73.385530580900038,18.66801775958092,0.0],[73.385456630042199,18.66820743615289,0.0],[73.385429227341731,18.669943832806268,0.0],[73.38546876861659,18.670948285148491,0.0],[73.385508308925452,18.67195273650303,0.0],[73.385547850155632,18.672957187789692,0.0],[73.385815031280046,18.67416773559501,0.0],[73.386082215515472,18.6753782831574,0.0],[73.386399310622394,18.676380678143421,0.0],[73.386716409022014,18.67738307186956,0.0],[73.386028846394467,18.678177126914441,0.0],[73.385341278216671,18.678971177994651,0.0],[73.385235156933916,18.679227020543269,0.0],[73.385129034348907,18.679482863896339,0.0],[73.384905881340558,18.68016621413777,0.0],[73.384856036154176,18.68038542352069,0.0],[73.384337765353024,18.681970064190661,0.0],[73.384257621197989,18.682215105815811,0.0],[73.384245795252014,18.68244661471909,0.0],[73.383887688538763,18.684151002221949,0.0],[73.383960805670711,18.685475505871029,0.0],[73.383996773640433,18.685941641796759,0.0],[73.384098314109437,18.68590923107498,0.0],[73.385179130820276,18.685642112563471,0.0],[73.385272320767399,18.68655414433146,0.0],[73.385365512257721,18.68746617605176,0.0],[73.385458703395372,18.688378207708119,0.0],[73.385551895128387,18.689290239308601,0.0],[73.385645087456837,18.690202270853248,0.0],[73.385738281337453,18.691114301446731,0.0],[73.38579441184477,18.691368791460601,0.0],[73.385809187700076,18.6923348086018,0.0],[73.385823963266958,18.69330082565914,0.0],[73.385838738545445,18.694266842632601,0.0],[73.385782062003386,18.694329167794749,0.0],[73.385408396666435,18.694389375681421,0.0],[73.385299359204964,18.6944251971162,0.0],[73.384490218885858,18.694912536435819,0.0],[73.383681075064999,18.695399870992571,0.0],[73.382871925837733,18.695887201673301,0.0],[73.382062773100117,18.696374528494001,0.0],[73.381253614956037,18.696861851438079,0.0],[73.380444453292881,18.697349171425039,0.0],[73.379635286231803,18.69783648663131,0.0],[73.37882611566026,18.698323797976421,0.0],[73.37801693968207,18.69881110544372,0.0],[73.377207759245337,18.699298409041159,0.0],[73.376398575298012,18.69978570877656,0.0],[73.375589385935371,18.700273005536658,0.0],[73.374780193070706,18.700760297530781,0.0],[73.373970994799265,18.7012475856456,0.0],[73.373161793017175,18.701734869897269,0.0],[73.372352585828196,18.70222215026908,0.0],[73.37154337511987,18.702709427680581,0.0],[73.370734159013224,18.703196700308229,0.0],[73.37013402871122,18.702458942237751,0.0],[73.369533902558203,18.701721182578272,0.0],[73.368933782450071,18.7009834213464,0.0],[73.368333666490386,18.70024565852593,0.0],[73.366892422153271,18.700453718136789,0.0],[73.365485927765675,18.699520759196329,0.0],[73.364481036908117,18.699647546543471,0.0],[73.363476145947473,18.699774328394,0.0],[73.362471252996656,18.69990110382787,0.0],[73.361466358986732,18.70002787466003,0.0],[73.360461464883443,18.700154639091899,0.0],[73.359269395568063,18.700960241947762,0.0],[73.359231366778587,18.702138665517811,0.0],[73.359193336764292,18.703317089801281,0.0],[73.359155305533761,18.704495513894791,0.0],[73.359197552763717,18.70550325552901,0.0],[73.35923980093844,18.706510997096679,0.0],[73.359282048170556,18.707518737677741,0.0],[73.359324296338841,18.708526479095742,0.0],[73.359366543555879,18.709534220430559,0.0],[73.359408791717897,18.710541961698791,0.0],[73.359451038928739,18.71154970288385,0.0],[73.359493287084675,18.712557444002321,0.0],[73.35893208219079,18.711730883039291,0.0],[73.358370882563747,18.710904319840001,0.0],[73.357809688185739,18.71007775621166,0.0],[73.357248499065051,18.70925119125102,0.0],[73.356687315201427,18.70842462495845,0.0],[73.356126136603152,18.707598056430591,0.0],[73.355564963252405,18.706771487474629,0.0],[73.355003795157529,18.70594491718737,0.0],[73.354442632318225,18.705118345569058,0.0],[73.35471254985562,18.704943516272419,0.0],[73.35517223242806,18.70464166916587,0.0],[73.354656431634751,18.703828334182109,0.0],[73.354140635563823,18.703014998090431,0.0],[73.353624844215062,18.70220166089101,0.0],[73.352937200926874,18.70111834709714,0.0],[73.352029221442749,18.69968904501496,0.0],[73.351425451233126,18.6987428317302,0.0],[73.350955776959168,18.698012013065259,0.0],[73.350696873881233,18.69761192548015,0.0],[73.350220246247076,18.69685393107487,0.0],[73.349719332165861,18.695943346979629,0.0],[73.349218423152479,18.695032760971628,0.0],[73.348892154447299,18.6944027533699,0.0],[73.348359111577224,18.69329081728953,0.0],[73.347479475442967,18.69383483606104,0.0],[73.347512680210215,18.694769810420059,0.0],[73.347545884905216,18.695704784712241,0.0],[73.347579089536822,18.696639758034209,0.0],[73.34643873923423,18.696840398899049,0.0],[73.345298386814264,18.69704103261309,0.0],[73.344169407325921,18.69583748540688,0.0],[73.342657402831918,18.695023701941221,0.0],[73.342305597680067,18.695121205582819,0.0],[73.341528042299416,18.696327145319611,0.0],[73.341440896746732,18.697003020094598,0.0],[73.341423922974784,18.69704282702407,0.0],[73.340522889783159,18.69788549232349,0.0],[73.339621848630429,18.698728152533739,0.0],[73.338720797620113,18.6995708076374,0.0],[73.337892207523495,18.698904895469511,0.0],[73.337063624011009,18.698238979193821,0.0],[73.335296044923027,18.697814490362418,0.0],[73.334408911949026,18.69723828795599,0.0],[73.333521786123029,18.69666208179309,0.0],[73.332948770143688,18.696233030004191,0.0],[73.332586245848944,18.697070918756971,0.0],[73.332223718638417,18.697908806466749,0.0],[73.331861186607014,18.698746694019931,0.0],[73.331498651668142,18.699584579626549,0.0],[73.331136111907782,18.700422465076372,0.0],[73.330773568291406,18.701260348570909,0.0],[73.331661802643595,18.701722576772308,0.0],[73.33255004112776,18.702184801109549,0.0],[73.333438285631189,18.7026470225026,0.0],[73.334326534275348,18.703109239127411,0.0],[73.335214788947567,18.703571451903901,0.0],[73.336103047751635,18.704033660814929,0.0],[73.336991312574852,18.704495866780348,0.0],[73.337879582486835,18.704958067984659,0.0],[73.338767856530637,18.70542026532242,0.0],[73.339656136602329,18.70588245881018,0.0],[73.339181723376427,18.707254719715849,0.0],[73.339826217836631,18.707595043230299,0.0],[73.340703906594584,18.70701892131752,0.0],[73.341522680917365,18.707423798067051,0.0],[73.342089789283989,18.707633755286182,0.0],[73.343039076907942,18.708267077013641,0.0],[73.343988371819378,18.708900393533831,0.0],[73.345521526300828,18.709924187660501,0.0],[73.34630056233263,18.71035484145365,0.0],[73.346370419704158,18.71062941227413,0.0],[73.346022189332743,18.711123957202421,0.0],[73.345442964124857,18.711484688815361,0.0],[73.343997849054929,18.712118727696399,0.0],[73.343742364293746,18.712450893589988,0.0],[73.34391271054217,18.712890773946292,0.0],[73.344166955837466,18.713014588870521,0.0],[73.344299265480117,18.713211744158979,0.0],[73.344513231501097,18.713958064770889,0.0],[73.34391111699955,18.714366919040209,0.0],[73.343296272829022,18.714577954182531,0.0],[73.343310579985882,18.71515150768402,0.0],[73.343695243665593,18.715209101263369,0.0],[73.344704953935178,18.71491266286678,0.0],[73.345250484068487,18.715818203075401,0.0],[73.345098760265287,18.71706315434211,0.0],[73.345382277862285,18.717347821928499,0.0],[73.345911260447025,18.717372215843579,0.0],[73.345794830709693,18.717635390444059,0.0],[73.346725707862049,18.718182726499819,0.0],[73.34765659220102,18.71873005836844,0.0],[73.348587481830279,18.719277386032829,0.0],[73.349518377698118,18.719824709500859,0.0],[73.350051538936597,18.719908216840469,0.0],[73.351455411423217,18.72012759419351,0.0],[73.353185653902671,18.72038409524275,0.0],[73.354339200330799,18.720305386527919,0.0],[73.354485709211829,18.72074015474367,0.0],[73.35487501450352,18.721893795005151,0.0],[73.35463494743685,18.72284651334197,0.0],[73.354394877261072,18.723799230167799,0.0],[73.354154804915353,18.724751946394349,0.0],[73.35391472849436,18.72570466290831,0.0],[73.353757912103092,18.72634253109878,0.0],[73.353693154466313,18.726607144454931,0.0],[73.353603330824598,18.726957539438711,0.0],[73.35329001971418,18.728124003999099,0.0],[73.353719426360257,18.729876421117119,0.0],[73.353917092155314,18.730674645642789,0.0],[73.353964624809649,18.730866591299598,0.0],[73.354204908330559,18.731834477577209,0.0],[73.354205171046928,18.731873542564891,0.0],[73.354081027433907,18.73189371493946,0.0],[73.353731790166037,18.73194990086877,0.0],[73.352935129078062,18.732079015129219,0.0],[73.353629020183348,18.732317059861341,0.0],[73.353648091254684,18.7323282384918,0.0],[73.354147032794884,18.733500502520851,0.0],[73.354638714174612,18.73465156624043,0.0],[73.354654098144465,18.734667680705869,0.0],[73.356109977619482,18.735717579272482,0.0],[73.356996029539488,18.736361341605839,0.0],[73.357882087377661,18.737005100207259,0.0],[73.357885810350595,18.737023659991689,0.0],[73.357594406922288,18.738025286231519,0.0],[73.357302999595333,18.73902691165117,0.0],[73.357011588369389,18.740028536250669,0.0],[73.356997998116697,18.740043585744761,0.0],[73.356123489698817,18.740393709517619,0.0],[73.355248978915512,18.740743828017528,0.0],[73.355228430355339,18.740753987925238,0.0],[73.354516307846865,18.741744863562101,0.0],[73.354536118635593,18.741892410597689,0.0],[73.35465665977658,18.742835234900561,0.0],[73.354777200880676,18.74377805822586,0.0],[73.354897743827095,18.744720882397068,0.0],[73.355003655569476,18.745676393937281,0.0],[73.355109568054658,18.74663190541558,0.0],[73.355215481282727,18.747587416831969,0.0],[73.355321395253796,18.748542928186492,0.0],[73.355472110001401,18.749887050018611,0.0],[73.355622525910164,18.75122849654754,0.0],[73.354927802038773,18.751904117237341,0.0],[73.354233072625178,18.752579734874288,0.0],[73.353538336720774,18.75325534944982,0.0],[73.352843596222002,18.753930960980181,0.0],[73.352148850180313,18.754606569456861,0.0],[73.351454098595482,18.755282174879468,0.0],[73.350759340527688,18.755957776336011,0.0],[73.350064577855775,18.75663337564966,0.0],[73.350735222681408,18.757328586569329,0.0],[73.351405872967277,18.758023795455749,0.0],[73.352076528713781,18.758719002308641,0.0],[73.352747189929858,18.759414206224271,0.0],[73.35341785754666,18.760109409017609,0.0],[73.354088529676446,18.760804609768169,0.0],[73.354759207267875,18.761499808484,0.0],[73.355429890321204,18.762195005164909,0.0],[73.356100578845442,18.762890198907119,0.0],[73.356771272823323,18.7635853915172,0.0],[73.357634672004636,18.76518835781901,0.0],[73.35820397743079,18.765973553222111,0.0],[73.358773287021947,18.766758747222369,0.0],[73.359342602675326,18.767543939836099,0.0],[73.35991192344278,18.768329131054781,0.0],[73.360481248376246,18.769114320869871,0.0],[73.361050579372872,18.769899509297709,0.0],[73.36161991548461,18.770684696329781,0.0],[73.36218925576334,18.771469881957579,0.0],[73.362758602106283,18.772255066197442,0.0],[73.36332795356526,18.773040249040779,0.0],[73.363897309192225,18.773825430479171,0.0],[73.364466670884383,18.774610610528871,0.0],[73.364274840658993,18.775646917693951,0.0],[73.364083007571537,18.776683224373262,0.0],[73.364311961842205,18.777576388970779,0.0],[73.364540917198127,18.77846955428469,0.0],[73.364769875554032,18.77936271852478,0.0],[73.364998835952875,18.780255882586129,0.0],[73.365227797446323,18.781149046460271,0.0],[73.365456761922857,18.78204221106731,0.0],[73.36568572845168,18.782935374591961,0.0],[73.365914696075663,18.78382853792937,0.0],[73.366143666692082,18.784721701096039,0.0],[73.366372639352633,18.785614864083652,0.0],[73.366601614048761,18.786508027795559,0.0],[73.366830589849556,18.787401190416581,0.0],[73.367059568643612,18.788294352866739,0.0],[73.367288549482581,18.789187515137652,0.0],[73.367517531418031,18.790080677220899,0.0],[73.367746516338613,18.790973840036528,0.0],[73.367975503313474,18.791867001769379,0.0],[73.368204491385384,18.792760163314458,0.0],[73.368433482451721,18.793653324688361,0.0],[73.368918968725069,18.794687337950659,0.0],[73.369404459568116,18.795721349378141,0.0],[73.370796569306563,18.795325373385861,0.0],[73.371323966180015,18.79443457278186,0.0],[73.371851356286399,18.793543770177099,0.0],[73.372378741531918,18.792652964685011,0.0],[73.372906120002526,18.791762158096041,0.0],[73.373433493604438,18.790871349523531,0.0],[73.373960860449628,18.789980538047821,0.0],[73.374488223358128,18.789089726404171,0.0],[73.374488653707928,18.789091341992521,0.0],[73.37499716164325,18.789417661292621,0.0],[73.375864076514574,18.789973971299119,0.0],[73.376787310280889,18.791236877440429,0.0],[73.378186864452815,18.792280538640529,0.0],[73.378749770250025,18.792790007176041,0.0],[73.37874489591637,18.793308257647539,0.0],[73.378370182609544,18.79399712922644,0.0],[73.378219797977394,18.79452725236035,0.0],[73.37877850656119,18.795711817771711,0.0],[73.378912767666193,18.796377815106201,0.0],[73.378961343518213,18.79708643081802,0.0],[73.379694600335597,18.79853943275991,0.0],[73.380515799951183,18.79947908416236,0.0],[73.381171124269272,18.800541917132829,0.0],[73.381589976461768,18.80160154657526,0.0],[73.381185840105417,18.803348500470481,0.0],[73.381400382116055,18.80450599949183,0.0],[73.381552669171185,18.805781369228171,0.0],[73.381763487937832,18.807210377093931,0.0],[73.381532071054494,18.807867255971061,0.0],[73.381642192809167,18.808123529435711,0.0],[73.381351948264012,18.807948574947819,0.0],[73.380712381320691,18.808237309154599,0.0],[73.380188079245613,18.80904777357657,0.0],[73.380609061657296,18.80992657400428,0.0],[73.381030050042014,18.810805373747659,0.0],[73.381608024068967,18.811996895195609,0.0],[73.382186007591898,18.81318841533464,0.0],[73.381761886341494,18.814020941038979,0.0],[73.381337762569032,18.81485346360294,0.0],[73.381378091869934,18.816001177819171,0.0],[73.381418419193338,18.817148890109131,0.0],[73.381458748316774,18.818296602312572,0.0],[73.38153929918127,18.819573932502429,0.0],[73.38204350572579,18.819738614124969,0.0],[73.381996587527453,18.819097488992149,0.0],[73.382465052079127,18.818146421896749,0.0],[73.382933511944671,18.81719535495019,0.0],[73.383729518846337,18.816102717200991,0.0],[73.384525515146095,18.815010076061341,0.0],[73.386016269406809,18.8149075252533,0.0],[73.385935231403423,18.815872586597141,0.0],[73.385889025636928,18.81642283413143,0.0],[73.385854192979693,18.81683764684545,0.0],[73.385773153169666,18.817802707796929,0.0],[73.385692111990508,18.818767767644641,0.0],[73.385611069433438,18.81973282729199,0.0],[73.385530025489757,18.820697887642432,0.0],[73.385448980176662,18.821662946889109,0.0],[73.385367933476829,18.822628006838819,0.0],[73.38557171879377,18.823570479282221,0.0],[73.385775505019424,18.82451295157356,0.0],[73.385883258610235,18.825011285569779,0.0],[73.385979294051438,18.82545542372911,0.0],[73.386183084941322,18.826397895740751,0.0],[73.386349341991163,18.82716678395564,0.0],[73.386386876740474,18.827340367600058,0.0],[73.386590671346582,18.82828283932357,0.0],[73.386794467811129,18.829225310902949,0.0],[73.386998265176871,18.83016778323341,0.0],[73.387202065358849,18.8311102545245,0.0],[73.387601119207375,18.83203159087223,0.0],[73.388000178014565,18.832952926611569,0.0],[73.388399239883285,18.83387426172585,0.0],[73.388798306711379,18.83479559623142,0.0],[73.389197376593003,18.835716931015121,0.0],[73.389083137230145,18.83690522749578,0.0],[73.389223323832596,18.837835028580979,0.0],[73.389363511574729,18.83876482868358,0.0],[73.389503701388207,18.839694629618538,0.0],[73.389468156127748,18.840643717963179,0.0],[73.389432610037446,18.841592805274999,0.0],[73.389397063108603,18.842541892457518,0.0],[73.389361515332567,18.84349098041411,0.0],[73.389888315144688,18.844560833927051,0.0],[73.389990601409636,18.84476856076046,0.0],[73.390415120242835,18.845630687225039,0.0],[73.390941932542617,18.846700538517279,0.0],[73.391284796048453,18.848008459326099,0.0],[73.391627664088091,18.849316379723319,0.0],[73.392914270612764,18.850563930224311,0.0],[73.393784367368127,18.850086710683382,0.0],[73.394654459432928,18.849609485781951,0.0],[73.395524547738816,18.849132257335349,0.0],[73.396394630405254,18.848655023520681,0.0],[73.397264709312779,18.848177786161571,0.0],[73.398134782580769,18.847700543435071,0.0],[73.399004851141001,18.847223297156539,0.0],[73.399874915959472,18.846746045527599,0.0],[73.40074497512127,18.846268790339192,0.0],[73.401615030541265,18.845791529801019,0.0],[73.402485080304615,18.845314265704019,0.0],[73.403271466594546,18.844882888147101,0.0],[73.403355125377246,18.844836996249779,0.0],[73.404225166691006,18.84435972325365,0.0],[73.405095202365146,18.84388244489282,0.0],[73.405965234288885,18.843405162087269,0.0],[73.406835260556008,18.842927875724548,0.0],[73.407366103138088,18.84370121177966,0.0],[73.407896951368386,18.844474546626699,0.0],[73.408206249678912,18.844925127590681,0.0],[73.408427803340928,18.845247881152719,0.0],[73.408958660021938,18.846021213558672,0.0],[73.409489522352118,18.846794544755991,0.0],[73.410020388433963,18.847567874728171,0.0],[73.41055125921666,18.848341203483159,0.0],[73.411082135640925,18.84911453193228,0.0],[73.411613015826291,18.849887858252298,0.0],[73.412143900713389,18.85066118335445,0.0],[73.412480930404456,18.851152121430811,0.0],[73.412674790302631,18.851434507238661,0.0],[73.413205685543161,18.852207829912722,0.0],[73.413736584528934,18.852981152263681,0.0],[73.414267488226258,18.85375447249265,0.0],[73.414798397575794,18.854527791510829,0.0],[73.415329310680022,18.855301109301909,0.0],[73.415860228488143,18.85607442587381,0.0],[73.416391151940985,18.856847742137759,0.0],[73.416922079157857,18.85762105627057,0.0],[73.418009465180958,18.858119172537918,0.0],[73.419096858971173,18.858617282903271,0.0],[73.419905248490338,18.8591316141882,0.0],[73.420713644046586,18.859645942302091,0.0],[73.421522043741973,18.8601602672287,0.0],[73.422330449474416,18.860674588983692,0.0],[73.42313886029514,18.861188907558699,0.0],[73.423947275255145,18.861703222945462,0.0],[73.42475569625249,18.862217535159591,0.0],[73.425564121389286,18.862731844184879,0.0],[73.426372552563535,18.863246150036989,0.0],[73.42718098787735,18.863760452699569,0.0],[73.427462836586599,18.864720414994778,0.0],[73.427744688101086,18.86568037700135,0.0],[73.428026543370294,18.86664033872718,0.0],[73.428395331480502,18.867493648565649,0.0],[73.428764123028401,18.868346958772541,0.0],[73.429132918031129,18.869200267540901,0.0],[73.429501717421203,18.870053576685532,0.0],[73.42987051931766,18.870906884383391,0.0],[73.430239324652931,18.87176019244928,0.0],[73.430608134384769,18.872613499987629,0.0],[73.43100489942627,18.873456277421621,0.0],[73.431401668158699,18.874299055126929,0.0],[73.431798440590811,18.8751418322001,0.0],[73.432195216722803,18.87598460864093,0.0],[73.43265164042252,18.876824234185818,0.0],[73.43310806936752,18.877663859778391,0.0],[73.433564501668428,18.87850348449911,0.0],[73.434020939223657,18.879343108363699,0.0],[73.434584945087508,18.880419002581899,0.0],[73.435148957753128,18.88149489458694,0.0],[73.435649786078741,18.882450245589091,0.0],[73.435712978161902,18.882570785290032,0.0],[73.436787586988061,18.883942470906799,0.0],[73.437319938444986,18.88425071398478,0.0],[73.438334048489324,18.884564794440909,0.0],[73.439348163668114,18.884878868730599,0.0],[73.439059956660302,18.885782784689969,0.0],[73.43877174525835,18.886686699886699,0.0],[73.438483531360205,18.887590614336752,0.0],[73.438195313067297,18.888494528024012,0.0],[73.437907092277698,18.889398440964431,0.0],[73.437618868042023,18.890302353149892,0.0],[73.43733063941086,18.8912062645724,0.0],[73.43704240828221,18.89211017524779,0.0],[73.43675417371503,18.89301408426466,0.0],[73.436465934743225,18.893917993421709,0.0],[73.43617769327318,18.894821901831509,0.0],[73.435889447406325,18.89572580947792,0.0],[73.435601199040704,18.896629716376939,0.0],[73.435312947226961,18.897533622520431,0.0],[73.435024691015585,18.89843752790037,0.0],[73.434736432304689,18.899341432532641,0.0],[73.435258021803349,18.900350218452591,0.0],[73.435779616250827,18.901359002342659,0.0],[73.436301217529319,18.902367786025401,0.0],[73.437435389490702,18.902792803906259,0.0],[73.438569567649253,18.903217815254369,0.0],[73.43970825251445,18.904397273615629,0.0],[73.438623620557806,18.904622914795929,0.0],[73.437538985213266,18.904848550320949,0.0],[73.436454348388111,18.905074179302972,0.0],[73.436164530353224,18.90595188937931,0.0],[73.435874709913776,18.906829598713241,0.0],[73.435823408484666,18.90759855405221,0.0],[73.435340950523411,18.908437067180781,0.0],[73.434858486568217,18.90927557862749,0.0],[73.434376017567942,18.91011408840015,0.0],[73.433893543522387,18.91095259649855,0.0],[73.433411065388711,18.91179110202712,0.0],[73.432928581251304,18.912629606776509,0.0],[73.432388367698891,18.913614397407351,0.0],[73.431848147482455,18.914599185907939,0.0],[73.431344885314033,18.91566890258262,0.0],[73.432399442965391,18.916308814716899,0.0],[73.433454008938469,18.91694872049311,0.0],[73.434508583224925,18.91758862081404,0.0],[73.435526211002639,18.918498227757929,0.0],[73.435864705223821,18.91986380250145,0.0],[73.436305675980563,18.920456795086089,0.0],[73.437044941080742,18.921006896483121,0.0],[73.437827296348871,18.921770338467791,0.0],[73.438191643892367,18.92261607146019,0.0],[73.438555995771551,18.923461803934959,0.0],[73.43892035008804,18.924307535876078,0.0],[73.439284707791401,18.9251532672913,0.0],[73.43964906983966,18.925998997285131,0.0],[73.440013434317606,18.926844727648401,0.0],[73.44037780218332,18.927690457485561,0.0],[73.441508294904324,18.927089221652562,0.0],[73.44263877895925,18.926487978303289,0.0],[73.443632832175069,18.925875734217389,0.0],[73.444626878398878,18.925263483342789,0.0],[73.445620917622449,18.924651226583489,0.0],[73.44661494888804,18.924038964835631,0.0],[73.447652300944696,18.9239191611995,0.0],[73.448689651023926,18.923799351647659,0.0],[73.449727000066517,18.92367953709158,0.0],[73.450764348088668,18.923559715724561,0.0],[73.452029024963096,18.924059975054959,0.0],[73.453293708981008,18.924560226267449,0.0],[73.453711729304999,18.925272986302719,0.0],[73.45454435347358,18.925756488631901,0.0],[73.455376982610886,18.926239988444369,0.0],[73.456209616733545,18.926723483932889,0.0],[73.457042255833372,18.927206976000711,0.0],[73.457874899901981,18.927690465550871,0.0],[73.458707548956042,18.928173950776159,0.0],[73.458723377270033,18.928183141797909,0.0],[73.459540202979014,18.928657433483231,0.0],[73.46037286198748,18.929140911864842,0.0],[73.460105866609268,18.930175363447919,0.0],[73.459838867481508,18.93120981339894,0.0],[73.459571865536759,18.932244263532571,0.0],[73.459304858884124,18.93327871292955,0.0],[73.45903784848106,18.934313160694241,0.0],[73.458993377812916,18.93459169920213,0.0],[73.4589641150734,18.934774983537679,0.0],[73.458851360129103,18.936275731306381,0.0],[73.458804191712773,18.93666531543558,0.0],[73.458778642858817,18.937755205592541,0.0],[73.458753093118972,18.93884509559923,0.0],[73.458370842563767,18.939783645670492,0.0],[73.457988587376377,18.940722195462332,0.0],[73.457606326623562,18.941660743159812,0.0],[73.457224062187223,18.94259929058547,0.0],[73.456841793134245,18.943537835924431,0.0],[73.456459519455862,18.944476380079951,0.0],[73.456077240193977,18.945414923947489,0.0],[73.456384940133944,18.946340842948679,0.0],[73.456692642159439,18.94726676158341,0.0],[73.457000348161515,18.948192680770649,0.0],[73.457308056257958,18.94911859868775,0.0],[73.457615768339778,18.95004451625385,0.0],[73.457923483457762,18.950970433460949,0.0],[73.458231200662723,18.95189635030103,0.0],[73.458538921845658,18.95282226769335,0.0],[73.458554438473115,18.95373934531835,0.0],[73.458569954869489,18.954656423770171,0.0],[73.458585471051308,18.955573501241972,0.0],[73.458600987002072,18.956490579540631,0.0],[73.458616503687807,18.957407656867112,0.0],[73.458902043236932,18.958202716128739,0.0],[73.459135621316321,18.959117498478211,0.0],[73.459369200627293,18.960032280618851,0.0],[73.45960278306913,18.960947062566401,0.0],[73.459836367700845,18.961861843409441,0.0],[73.46006995355647,18.962776624947001,0.0],[73.460387335282647,18.964557076280279,0.0],[73.461060341140694,18.965641768141769,0.0],[73.462173458638986,18.966842138791851,0.0],[73.463072786280136,18.966379904680579,0.0],[73.463972108261018,18.965917664917761,0.0],[73.46475107966225,18.966862130863252,0.0],[73.465530059691403,18.967806593154709,0.0],[73.466309048332562,18.96875105359856,0.0],[73.467279021589476,18.96879587004339,0.0],[73.468248996700908,18.968840682354209,0.0],[73.46921897272513,18.96888548961979,0.0],[73.470188949670089,18.968930290936608,0.0],[73.471158927519056,18.968975088111499,0.0],[73.472147593597654,18.96908828692554,0.0],[73.473136261423505,18.969201479649211,0.0],[73.474124930979883,18.969314668089229,0.0],[73.475113602282832,18.969427850438731,0.0],[73.476102275315682,18.969541028504409,0.0],[73.477090950094521,18.969654200479241,0.0],[73.478079626602621,18.9697673681701,0.0],[73.479068304856014,18.96988052976991,0.0],[73.479200432788133,18.970900664540761,0.0],[73.479332561856936,18.971920799221529,0.0],[73.479354881122092,18.972661203636392,0.0],[73.479369491676735,18.973172550654201,0.0],[73.479383543865467,18.97359176670755,0.0],[73.479419724521975,18.974781506962511,0.0],[73.479431150088388,18.97516949206096,0.0],[73.479625669182468,18.976146579201071,0.0],[73.479820189180415,18.977123665284591,0.0],[73.48001471196541,18.97810075213398,0.0],[73.480223144973422,18.97910930780268,0.0],[73.480431580041554,18.980117863305921,0.0],[73.481514475513322,18.98036384987439,0.0],[73.482597374634466,18.980609829418,0.0],[73.483547938546565,18.980735566346151,0.0],[73.48449850330455,18.9808612984815,0.0],[73.48581869894771,18.98058376635753,0.0],[73.487138890911552,18.98030622359968,0.0],[73.488524157549591,18.97921471714346,0.0],[73.489621814542517,18.97840307164569,0.0],[73.490719461087096,18.97759141973517,0.0],[73.491968454806951,18.976246812791459,0.0],[73.49254364510098,18.975510197628271,0.0],[73.492804512096754,18.97516498709815,0.0],[73.493298096513001,18.974434162324091,0.0],[73.493813585918403,18.973494117144199,0.0],[73.494329069246078,18.972554070036718,0.0],[73.494337544522907,18.97146300503114,0.0],[73.494346019154634,18.970371938990141,0.0],[73.494354493133301,18.969280872817251,0.0],[73.494058473710254,18.968314471491571,0.0],[73.494010768490398,18.968158728142949,0.0],[73.495115017156749,18.96832557545196,0.0],[73.496219268520051,18.968492415421039,0.0],[73.497323523513373,18.9686592498647,0.0],[73.498427780245152,18.968826077863842,0.0],[73.499532039672616,18.968992898522441,0.0],[73.500737286377571,18.968950111628541,0.0],[73.501942532113659,18.968907316838859,0.0],[73.502897358184953,18.96874208363662,0.0],[73.503852182735216,18.968576845378141,0.0],[73.50480700577225,18.96841160116012,0.0],[73.505897935056524,18.968142324344509,0.0],[73.506988861289869,18.96787304085321,0.0],[73.507879988803566,18.96752030071163,0.0],[73.508419342305672,18.968299401239481,0.0],[73.508958700667009,18.969078500476648,0.0],[73.509498064829458,18.96985759933408,0.0],[73.51003743291021,18.970636695989231,0.0],[73.51057680585113,18.971415791353131,0.0],[73.511116183644475,18.972194886328939,0.0],[73.510000989127988,18.97299607556042,0.0],[73.508885784164846,18.973797257277109,0.0],[73.509317227945544,18.97410840380406,0.0],[73.50972510429493,18.97440255231632,0.0],[73.51056443156169,18.975007843934389,0.0],[73.511403764065946,18.97561313211569,0.0],[73.512503896316176,18.976036899594991,0.0],[73.513604033594845,18.976460660889408,0.0],[73.514704177801178,18.97688441601376,0.0],[73.515121788911358,18.978335124503179,0.0],[73.515611292702687,18.979192587210932,0.0],[73.516100801264784,18.980050049792428,0.0],[73.51659031461412,18.980907510440399,0.0],[73.51714789530341,18.980010782797901,0.0],[73.5177054697876,18.979114052985249,0.0],[73.518263037125223,18.97821732009167,0.0],[73.518820599200254,18.977320585939491,0.0],[73.518728967253452,18.978254074144228,0.0],[73.518637333905872,18.97918756123989,0.0],[73.518545700091053,18.98012104904091,0.0],[73.518454063925631,18.981054535725189,0.0],[73.518362426343074,18.98198802310726,0.0],[73.518270787359356,18.982921509380141,0.0],[73.518179147908128,18.983854996358371,0.0],[73.518922833619015,18.983176642291291,0.0],[73.519666513322875,18.982498284777769,0.0],[73.520410187019976,18.981819923818129,0.0],[73.521153853752892,18.98114156030864,0.0],[73.521897515437161,18.980463192457869,0.0],[73.522641171115438,18.979784821162049,0.0],[73.523679255897818,18.979240976739561,0.0],[73.524717333285309,18.978697126902588,0.0],[73.525718557551528,18.978228874156461,0.0],[73.526719775569617,18.977760616488219,0.0],[73.527956942642447,18.97724743319208,0.0],[73.52919410168569,18.976734241079232,0.0],[73.529519089526772,18.97576219843809,0.0],[73.529844072260858,18.974790155769131,0.0],[73.530169051803412,18.9738181112806,0.0],[73.53049402719725,18.972846065868509,0.0],[73.530818997485085,18.971874020428888,0.0],[73.531143964582441,18.970901973169969,0.0],[73.531468926574476,18.969929925883701,0.0],[73.531429450382078,18.96894340982794,0.0],[73.531389973264709,18.967956894589559,0.0],[73.531350497137339,18.966970378376761,0.0],[73.532083429956046,18.96619349397255,0.0],[73.532816355928844,18.965416606146359,0.0],[73.533549276005559,18.964639714906021,0.0],[73.534742925342414,18.96391740067839,0.0],[73.535093388427683,18.962865136541168,0.0],[73.535443846671782,18.961812871329169,0.0],[73.535794300083111,18.960760604139018,0.0],[73.536160333766077,18.95995715970076,0.0],[73.536301102216655,18.958497382087248,0.0],[73.535774707060952,18.957629692228849,0.0],[73.535248317129671,18.956762001162851,0.0],[73.534721933371927,18.95589430889714,0.0],[73.535721742809443,18.95578575997952,0.0],[73.53672155134889,18.95567720557797,0.0],[73.538043510460739,18.95539854785692,0.0],[73.53936546584606,18.955119880399959,0.0],[73.54103792489579,18.954367843838941,0.0],[73.542386379515037,18.953262727575162,0.0],[73.543058957840785,18.95250131012715,0.0],[73.543731529986005,18.951739889768309,0.0],[73.543961311002462,18.951529742010749,0.0],[73.544731890090119,18.95082499749121,0.0],[73.545732239322135,18.94991009809285,0.0],[73.546474988163041,18.949195262140371,0.0],[73.547217730670056,18.94848042273459,0.0],[73.547960466851421,18.947765578972518,0.0],[73.548703197641132,18.94705073266881,0.0],[73.54944592114839,18.946335882905469,0.0],[73.550360695795973,18.945776182513271,0.0],[73.55127546548637,18.94521647717416,0.0],[73.552190228312824,18.944656767777211,0.0],[73.553104985240509,18.944097052523301,0.0],[73.554869728169692,18.943971210631879,0.0],[73.556067188985168,18.943565887888031,0.0],[73.557264644505139,18.943160557910929,0.0],[73.557527678840529,18.942028801300062,0.0],[73.559067870410502,18.94209558022493,0.0],[73.559986013603051,18.941910634737962,0.0],[73.560128605830641,18.942672845080359,0.0],[73.560457899912123,18.943342573763559,0.0],[73.561193254797104,18.942744746043392,0.0],[73.561928604501517,18.942146915022182,0.0],[73.562673098000047,18.941541642216421,0.0],[73.563417586188578,18.940936366027579,0.0],[73.564206311614512,18.940180216437909,0.0],[73.564995029939197,18.93942406206024,0.0],[73.565783742097224,18.938667904709309,0.0],[73.566572446205171,18.937911742563809,0.0],[73.567542941712688,18.937079308652169,0.0],[73.568513428616129,18.936246868961589,0.0],[73.569716389829054,18.934904234218401,0.0],[73.570693892969999,18.933597261478969,0.0],[73.571181936781528,18.932746743345049,0.0],[73.571669976379823,18.931896223533471,0.0],[73.571753532258398,18.931847755989448,0.0],[73.572257214740276,18.93016172596278,0.0],[73.572652894695921,18.930030279041869,0.0],[73.572633795747208,18.929979752748199,0.0],[73.573627995117008,18.929585041328689,0.0],[73.574622191075647,18.929190325168051,0.0],[73.574877109823589,18.928545661548171,0.0],[73.576351104241638,18.928363664959249,0.0],[73.577296709654604,18.927898336610589,0.0],[73.578242310077087,18.927433003979321,0.0],[73.579187906473635,18.926967665266162,0.0],[73.580133496937762,18.926502321360349,0.0],[73.581245679883864,18.926205268167749,0.0],[73.581984175765911,18.92561786888621,0.0],[73.582722665598837,18.925030466284419,0.0],[73.583308390708012,18.924516718819849,0.0],[73.584137151134897,18.923132501788452,0.0],[73.584461676642292,18.922277579279541,0.0],[73.584786198575372,18.9214226559114,0.0],[73.585110717883722,18.920567731691349,0.0],[73.585435232676431,18.919712805701501,0.0],[73.585735924904114,18.918823074881129,0.0],[73.586036612687465,18.91793334417973,0.0],[73.586337296991317,18.917043611797599,0.0],[73.586637977808451,18.916153878638291,0.0],[73.586938655139036,18.915264144702011,0.0],[73.587239328983301,18.914374409988699,0.0],[73.587539999341587,18.913484674498459,0.0],[73.587840667163434,18.91259493823863,0.0],[73.588826350760854,18.91176511386557,0.0],[73.589812025668309,18.910935282657661,0.0],[73.589230384650079,18.90936228049566,0.0],[73.589543678673124,18.908544319077141,0.0],[73.589584662043109,18.908437317221889,0.0],[73.589938935229966,18.907512352025851,0.0],[73.590293204203405,18.906587385811228,0.0],[73.590864899969858,18.905799515424899,0.0],[73.591436590249813,18.90501164196202,0.0],[73.592008275036036,18.90422376632641,0.0],[73.593366265574303,18.903166179937791,0.0],[73.593711265228265,18.90255207041319,0.0],[73.594485638434662,18.901865850861611,0.0],[73.595260004413319,18.901179626711791,0.0],[73.596034365047899,18.900493399785461,0.0],[73.596808718455293,18.89980716826166,0.0],[73.597583066519121,18.899120933962159,0.0],[73.59835908810031,18.89754919123283,0.0],[73.598999051900307,18.896874591580652,0.0],[73.599639010541594,18.896199988441019,0.0],[73.60027896400949,18.895525383621209,0.0],[73.60091891231167,18.89485077621795,0.0],[73.601823718451882,18.89451113796035,0.0],[73.602728521213365,18.894171494144999,0.0],[73.603664084278023,18.893771530694679,0.0],[73.604599643164306,18.893371562230019,0.0],[73.605535198821329,18.892971588758432,0.0],[73.606470749350493,18.892571610265989,0.0],[73.607406295700926,18.892171626760149,0.0],[73.607712715025514,18.89209561556769,0.0],[73.607888993148009,18.891857175350001,0.0],[73.608064590651907,18.891710779811429,0.0],[73.60953783445207,18.89082056481023,0.0],[73.60975549255329,18.890824172553131,0.0],[73.610490505851828,18.890132325491461,0.0],[73.611225512157418,18.889440475981331,0.0],[73.611960513383778,18.888748622230199,0.0],[73.612210209659267,18.88742463156354,0.0],[73.612407592929046,18.88624062456849,0.0],[73.612794227381571,18.884906398518051,0.0],[73.613283437783039,18.88379771797376,0.0],[73.613909443824852,18.882664843990419,0.0],[73.614535441056134,18.881531967225659,0.0],[73.614515566299659,18.88151485733875,0.0],[73.614813633236025,18.88152172126922,0.0],[73.620711894693841,18.880477289259701,0.0],[73.62182726021355,18.88015330848857,0.0],[73.622845840581476,18.87965689550385,0.0],[73.623862047680987,18.87893777889947,0.0],[73.624518209682961,18.87861768178054,0.0],[73.625221561893952,18.877996137514959,0.0],[73.626197599918669,18.877573337867108,0.0],[73.627204346090778,18.876946801098921,0.0],[73.629529861271408,18.8762576214164,0.0],[73.630761208022491,18.87618690228933,0.0],[73.634697423372344,18.875550727099078,0.0],[73.63504940233652,18.875521446525632,0.0],[73.636687794593229,18.877613767001829,0.0],[73.637149750287847,18.878180283346818,0.0],[73.638391320795733,18.879146397128078,0.0],[73.640089012859974,18.879821288253581,0.0],[73.641268502193739,18.8799500743118,0.0],[73.641840031324477,18.880163775240199,0.0],[73.642661804911185,18.880721477187901,0.0],[73.643302014177422,18.881635917723148,0.0],[73.64394223021101,18.882550355498651,0.0],[73.643895696268473,18.88291055753389,0.0],[73.644325991509035,18.883417009177389,0.0],[73.644536817248181,18.88374119959666,0.0],[73.644760296814908,18.884007981907349,0.0],[73.645296011089769,18.884561788406881,0.0],[73.645569769343879,18.884909454981539,0.0],[73.646554080155454,18.884545920185872,0.0],[73.647209161831356,18.884753269897871,0.0],[73.647531258463204,18.88486532929339,0.0],[73.648114785155968,18.885579275,0.0],[73.648663251784242,18.885213379934179,0.0],[73.648711229172349,18.885056232868539,0.0],[73.648884849511731,18.88488983897556,0.0],[73.64901515122088,18.884857545792311,0.0],[73.649694006188597,18.885250120123551,0.0],[73.650125526280291,18.885305175014722,0.0],[73.650472122705494,18.885347575045479,0.0],[73.650604296715315,18.885240827579381,0.0],[73.651204512004227,18.884613109138151,0.0],[73.651142132988184,18.88452803540817,0.0],[73.650908596913467,18.884183165763648,0.0],[73.650523402614297,18.88397183507562,0.0],[73.650045114257125,18.883646646235881,0.0],[73.649646458812441,18.883441511361401,0.0],[73.649255936243833,18.883379571781131,0.0],[73.648884564421053,18.883281734875759,0.0],[73.647631937948589,18.882882449709939,0.0],[73.647475781571643,18.88280683189841,0.0],[73.646523534492175,18.88232530906313,0.0],[73.645802657350757,18.8819891556222,0.0],[73.645251590286492,18.88225836510119,0.0],[73.644273175117249,18.881060935728581,0.0],[73.644216627231359,18.880952280158311,0.0],[73.643983424509386,18.880428347486632,0.0],[73.64378801969913,18.879964784529129,0.0],[73.643541390974249,18.879758056001432,0.0],[73.642984505865698,18.8794794600506,0.0],[73.642465783286696,18.878684745099079,0.0],[73.642134964752444,18.878326781958311,0.0],[73.64142612164035,18.877275841073271,0.0],[73.640974518622372,18.87654532771047,0.0],[73.640944964333244,18.87643086695471,0.0],[73.640842567784034,18.87533065920093,0.0],[73.641085798794577,18.87416960854484,0.0],[73.641102624579261,18.874040630873569,0.0],[73.641379486153681,18.873037837549479,0.0],[73.641480522534309,18.872641605260291,0.0],[73.642375501701849,18.871733431117729,0.0],[73.642930360605021,18.87106774902691,0.0],[73.643658384627415,18.870744819081409,0.0],[73.644842795892231,18.869814202834949,0.0],[73.645642196447071,18.869519269526009,0.0],[73.646078448677372,18.86889488532259,0.0],[73.646308582601364,18.868595791222141,0.0],[73.647096443313202,18.868066059381231,0.0],[73.647056271055916,18.86729775881351,0.0],[73.64693115080324,18.86648032909655,0.0],[73.646705190950328,18.865050752534341,0.0],[73.646676168929304,18.864529796011102,0.0],[73.646469399309282,18.863670359305861,0.0],[73.646672269842568,18.86314868553244,0.0],[73.647408679700021,18.863124036302349,0.0],[73.647748321807896,18.863286046992531,0.0],[73.647950334429694,18.863247054068239,0.0],[73.648234344451353,18.863254407534949,0.0],[73.648354991193784,18.863262331696479,0.0],[73.648646595738782,18.86328148263847,0.0],[73.648640883033593,18.863258361874969,0.0],[73.648934535712968,18.8631379410158,0.0],[73.649094297721902,18.863061073694741,0.0],[73.649366981990227,18.863113060577611,0.0],[73.649449221237958,18.863156279324791,0.0],[73.649605401910193,18.863276106212609,0.0],[73.64963553229039,18.863299222498771,0.0],[73.649807364604214,18.863301886875529,0.0],[73.650004597444024,18.86330494497075,0.0],[73.650197020674057,18.8633079282178,0.0],[73.650348249820297,18.86331027279617,0.0],[73.650582403121376,18.86337147787965,0.0],[73.651137240173028,18.86347291058868,0.0],[73.651521521767975,18.863649928586181,0.0],[73.651507419954541,18.863728340504061,0.0],[73.651477587268701,18.86389422268989,0.0],[73.651460335625146,18.863990152120049,0.0],[73.651566265120209,18.86400255146804,0.0],[73.651855933726068,18.864179844730749,0.0],[73.651812889993451,18.86429100338567,0.0],[73.652137398121894,18.864597944372939,0.0],[73.652274451995467,18.864728708576362,0.0],[73.652343378576504,18.864866554995078,0.0],[73.652413935478549,18.865007661577739,0.0],[73.653273761208879,18.864917285483411,0.0],[73.653519459643078,18.86489145976277,0.0],[73.653995863671312,18.865040799460939,0.0],[73.654249985171788,18.865332202248201,0.0],[73.653611435737503,18.865410939080011,0.0],[73.653700004710302,18.865953024845691,0.0],[73.653539551415761,18.865962755756801,0.0],[73.653598359278831,18.866136073709111,0.0],[73.653516372784679,18.866250018673341,0.0],[73.653268858689572,18.866388028111299,0.0],[73.653433338125083,18.866595198220161,0.0],[73.653539392861958,18.866692002927451,0.0],[73.653590054034012,18.866729347712958,0.0],[73.653724349440495,18.866924220103261,0.0],[73.65409164788251,18.866862433510381,0.0],[73.654149051746131,18.86727493675291,0.0],[73.654242925086791,18.867517649417231,0.0],[73.654900144461763,18.86768897421106,0.0],[73.656151904358055,18.867341314495249,0.0],[73.656558534713483,18.86725185742538,0.0],[73.656797679068646,18.867340609760301,0.0],[73.657486787277335,18.86724162176246,0.0],[73.657484146827514,18.867306586664231,0.0],[73.658194253077752,18.867211758516181,0.0],[73.658253902873298,18.867341112925729,0.0],[73.658300022360123,18.867567586384389,0.0],[73.658241892753324,18.867822273442719,0.0],[73.65844432927075,18.868354579717131,0.0],[73.658403857004529,18.868468360893221,0.0],[73.658180241779561,18.86851196110937,0.0],[73.657968928925214,18.86857186459547,0.0],[73.657655085070473,18.86858390989978,0.0],[73.6575515334643,18.868396134526009,0.0],[73.657454883050676,18.868346588555639,0.0],[73.657138577978216,18.86947596247439,0.0],[73.657472260871614,18.869478744520421,0.0],[73.657916538753099,18.86944742460588,0.0],[73.658182733397993,18.869397376658771,0.0],[73.658332394099702,18.869944125745139,0.0],[73.658495106265477,18.870255097276821,0.0],[73.658537528998693,18.870366512353591,0.0],[73.659549116856724,18.871291163427699,0.0],[73.66013955133991,18.871216470312199,0.0],[73.660456976128202,18.87098407615532,0.0],[73.660500152201038,18.870952466082041,0.0],[73.661117629492779,18.870529562979709,0.0],[73.661331424548564,18.87029673676232,0.0],[73.661632329185807,18.87002226808282,0.0],[73.661970881230488,18.87055431230274,0.0],[73.662073731053866,18.870685858507429,0.0],[73.662201761091239,18.87059476074689,0.0],[73.66257209258643,18.870754933445919,0.0],[73.662954026315305,18.87085411007395,0.0],[73.663137024265268,18.870819988271322,0.0],[73.663311576339623,18.870808252472951,0.0],[73.663455774871693,18.870824961997599,0.0],[73.663503576764171,18.870723293303129,0.0],[73.663986606010454,18.870757162699981,0.0],[73.664672397868202,18.870830041048571,0.0],[73.665034656077353,18.87077536236923,0.0],[73.665540718240237,18.870707859767961,0.0],[73.666108899298479,18.870935158783048,0.0],[73.666345777973518,18.870963602172779,0.0],[73.666746658370599,18.87106534303571,0.0],[73.667038494111125,18.870971352163789,0.0],[73.667283409229796,18.870368101295011,0.0],[73.66743652586517,18.870754917426051,0.0],[73.667795094700466,18.870609552744678,0.0],[73.667786227734311,18.87043616325607,0.0],[73.668074382121617,18.870405828194649,0.0],[73.668429632058931,18.870368428835441,0.0],[73.668622541465297,18.869969653151291,0.0],[73.668989816482892,18.87032449278956,0.0],[73.669155640025508,18.87080101909681,0.0],[73.669679615196046,18.872138236015129,0.0],[73.67021617657042,18.873510506903411,0.0],[73.670522205283831,18.874289033718469,0.0],[73.67075875030875,18.874901607777019,0.0],[73.670627572620447,18.87531562738258,0.0],[73.669855967800132,18.875464482037181,0.0],[73.669129675018894,18.875354053561299,0.0],[73.66806323587673,18.87512996821766,0.0],[73.666996799966313,18.874905876927699,0.0],[73.666093196639636,18.875002219473561,0.0],[73.665501126114265,18.87516864212758,0.0],[73.66510181974617,18.875361831591199,0.0],[73.663486360122022,18.875963219970821,0.0],[73.662760064078114,18.87630387684457,0.0],[73.661482920641944,18.877185415279779,0.0],[73.66098848527119,18.87762360247546,0.0],[73.660450802462108,18.878357028153619,0.0],[73.660369775998774,18.878520464896908,0.0],[73.660510841408964,18.879002725120831,0.0],[73.660789435898479,18.879705027840728,0.0],[73.660925178684167,18.879947102208799,0.0],[73.661169908477362,18.88023456473406,0.0],[73.661453454275886,18.88042930679234,0.0],[73.661955267840469,18.880722659408178,0.0],[73.662342269974161,18.88099743675598,0.0],[73.66263438814002,18.881205105841541,0.0],[73.662699612908852,18.88119560112905,0.0],[73.662889297430056,18.881165775152361,0.0],[73.662953504466984,18.881086181033101,0.0],[73.663021914661726,18.88109691680533,0.0],[73.663212643909006,18.881087342808058,0.0],[73.66329359861902,18.88108260893133,0.0],[73.663539660897811,18.88101740013812,0.0],[73.663688789579695,18.88097382839571,0.0],[73.664035697097418,18.880873529966671,0.0],[73.664336866173329,18.88078519112339,0.0],[73.664641842457002,18.88071121448505,0.0],[73.664807773516415,18.880651060598421,0.0],[73.664986412569036,18.880568899709608,0.0],[73.665271305191894,18.880452497275151,0.0],[73.665482657768976,18.880333974565549,0.0],[73.666086897530121,18.88072978603623,0.0],[73.666618516302762,18.881073673644501,0.0],[73.666897014225484,18.881206667564179,0.0],[73.667483345822845,18.881384686216549,0.0],[73.667603598859174,18.881421197007349,0.0],[73.667898200466155,18.88154684035355,0.0],[73.668286918019746,18.881657761967571,0.0],[73.668567659742735,18.881304903295401,0.0],[73.668693028214491,18.881184054375971,0.0],[73.669176192871703,18.880721376968591,0.0],[73.669326809192754,18.88061064226774,0.0],[73.669507907072173,18.881169225700049,0.0],[73.669616859140618,18.88174347790304,0.0],[73.669754599963639,18.882107406735301,0.0],[73.670478573593087,18.88241081202284,0.0],[73.670857120865534,18.882544379129129,0.0],[73.670629188216822,18.883542981058319,0.0],[73.670295076363558,18.884170547117719,0.0],[73.670284177698832,18.884191018535279,0.0],[73.670257877659438,18.884251369823168,0.0],[73.670217531506736,18.884480918356509,0.0],[73.670092409217531,18.885133280044101,0.0],[73.670119414000865,18.88515960942258,0.0],[73.670160560357942,18.88519972565631,0.0],[73.670252678862923,18.885185086777241,0.0],[73.670511136826676,18.885465223289032,0.0],[73.670972451520768,18.88589147739172,0.0],[73.671150809426123,18.886002875900338,0.0],[73.670774648783649,18.886428436246309,0.0],[73.670780059838776,18.886721471756282,0.0],[73.671064203052779,18.886697730913749,0.0],[73.671517871539194,18.886706625965211,0.0],[73.671385518602136,18.8874334719094,0.0],[73.671369335735889,18.888146365244999,0.0],[73.671734681001055,18.888855994142649,0.0],[73.672872858127121,18.88948627831742,0.0],[73.673090127754335,18.890419079036,0.0],[73.673362336489689,18.89170111834288,0.0],[73.674176504038698,18.892429034906151,0.0],[73.674952940448506,18.893172772123879,0.0],[73.675135329781753,18.893778878124952,0.0],[73.675632612628405,18.894184156009558,0.0],[73.676687781899645,18.894507678828731,0.0],[73.677128410475717,18.894627419949948,0.0],[73.677784671110103,18.89502094964239,0.0],[73.677763754433002,18.8952932125319,0.0],[73.677443849364963,18.895874667146551,0.0],[73.677514224158514,18.8962957299523,0.0],[73.677885750750491,18.89683152787385,0.0],[73.678279770130004,18.897770504925202,0.0],[73.678612259904085,18.898493955651201,0.0],[73.678999468171568,18.89914819698539,0.0],[73.680051805536422,18.898758985813782,0.0],[73.680438697984016,18.89894216024976,0.0],[73.681416730386687,18.899212301952652,0.0],[73.682153488191844,18.899764549199102,0.0],[73.682812627926722,18.900943856073731,0.0],[73.68274656442361,18.901796324379362,0.0],[73.682944062158057,18.902031623728249,0.0],[73.683555353530423,18.901983515418589,0.0],[73.683962796644266,18.902067657120721,0.0],[73.68417874386769,18.902719310433149,0.0],[73.684408166181598,18.90326772639067,0.0],[73.684884644208068,18.904223611480081,0.0],[73.685041440650707,18.904815322238871,0.0],[73.685160750430441,18.90529199374809,0.0],[73.685475975327748,18.905723234036049,0.0],[73.685788046619635,18.90595528705505,0.0],[73.686106077458462,18.90655181352399,0.0],[73.686444971225669,18.90719690044887,0.0],[73.686713984981495,18.907513335553229,0.0],[73.687889476336025,18.90782539069647,0.0],[73.688381490508675,18.908129991282632,0.0],[73.688836744526398,18.908245897548252,0.0],[73.689314955863807,18.90837934617668,0.0],[73.689441258629259,18.9086047305845,0.0],[73.689534070687614,18.909113839744411,0.0],[73.689720465205667,18.909329104887,0.0],[73.689868261161791,18.90951215932089,0.0],[73.69018626089813,18.909688794986181,0.0],[73.690542007115766,18.909868357342891,0.0],[73.690827589822774,18.910072049117051,0.0],[73.691482320508683,18.91086753828775,0.0],[73.691181227738284,18.911158081225619,0.0],[73.69099237027082,18.911377918204121,0.0],[73.690982814951283,18.911732390507709,0.0],[73.691004139568719,18.912009392537819,0.0],[73.691289554531778,18.91223516723268,0.0],[73.691220632012488,18.912506532775119,0.0],[73.690918385741753,18.912706703460231,0.0],[73.690871909076677,18.912912405974691,0.0],[73.691322853378622,18.912988514025869,0.0],[73.691697526441118,18.913337449367731,0.0],[73.691783725542692,18.913545925644492,0.0],[73.691632195256332,18.91380257176613,0.0],[73.691375791306783,18.913868288458939,0.0],[73.69123300722778,18.913923858625399,0.0],[73.691308196560939,18.914147557075289,0.0],[73.691567073356978,18.914399391039129,0.0],[73.691295011562772,18.91476998848718,0.0],[73.691186718286829,18.91493922380926,0.0],[73.69122029507497,18.915130678057029,0.0],[73.691380165480084,18.915450311952942,0.0],[73.69159813929177,18.91558889544218,0.0],[73.691643163600133,18.915818003353749,0.0],[73.691632251704547,18.916128459420559,0.0],[73.691630796048912,18.91656378406417,0.0],[73.691696348229556,18.916696048943219,0.0],[73.691979136869975,18.916873257288142,0.0],[73.692066497153661,18.917061710883591,0.0],[73.692099241738944,18.917290867737929,0.0],[73.692120271359514,18.917447228415529,0.0],[73.69213470410223,18.917508258214021,0.0],[73.692302551884623,18.917597129338969,0.0],[73.692463645884558,18.917759935952951,0.0],[73.692586094437218,18.917965720616859,0.0],[73.692603774718023,18.918135654885919,0.0],[73.69249136372602,18.918277992733671,0.0],[73.692377684171291,18.9183053036719,0.0],[73.69229096372176,18.918312451080801,0.0],[73.692173024644845,18.91835113970323,0.0],[73.692140332986995,18.918502607600129,0.0],[73.692151814816796,18.918654954126371,0.0],[73.692533844868947,18.919271520089811,0.0],[73.692589769894312,18.9195294658257,0.0],[73.692614458287721,18.919861067225678,0.0],[73.692680146626572,18.92018463258087,0.0],[73.692772270699621,18.920406436606939,0.0],[73.692902858393083,18.920489597213781,0.0],[73.693161528815892,18.92058075532951,0.0],[73.693447686121019,18.92060382681807,0.0],[73.693699130993863,18.920720353134708,0.0],[73.693890849537425,18.920829172365579,0.0],[73.693748452092862,18.921172433524632,0.0],[73.693616905225824,18.92154140572611,0.0],[73.693087108395858,18.922105170329829,0.0],[73.692535462483349,18.922721151322119,0.0],[73.692121450383354,18.9233177288509,0.0],[73.691907776318828,18.92381435989574,0.0],[73.691797779243132,18.924283880898301,0.0],[73.691599266435787,18.92497688224033,0.0],[73.691650347983384,18.925289713198229,0.0],[73.691442644463748,18.92645277833083,0.0],[73.691234937540969,18.927615843819311,0.0],[73.691027226279459,18.9287789078498,0.0],[73.692680168417311,18.929087308395982,0.0],[73.693797337130846,18.930245925563991,0.0],[73.694818984940952,18.93050355679274,0.0],[73.695840636225043,18.930761183479721,0.0],[73.696835915663229,18.930770280556089,0.0],[73.697831195556134,18.93077937320237,0.0],[73.698482934592676,18.930816321421169,0.0],[73.699126933978334,18.93106599774363,0.0],[73.700585566614492,18.931329777511181,0.0],[73.701426879331379,18.931304551316529,0.0],[73.702314093219343,18.92983762476414,0.0],[73.702804701271248,18.929442189980541,0.0],[73.703350862953286,18.928529006279639,0.0],[73.703858165933866,18.927730964055058,0.0],[73.704076040051334,18.92747326499245,0.0],[73.704464385268395,18.927294927298359,0.0],[73.704744933353524,18.92675360983354,0.0],[73.705389112482479,18.926621997364141,0.0],[73.70560574447434,18.92658735476008,0.0],[73.706009999993285,18.926073177909739,0.0],[73.706323324692107,18.925651625124861,0.0],[73.706611803379772,18.925396983721178,0.0],[73.7069370122924,18.92502983474008,0.0],[73.707390472106425,18.924186515495361,0.0],[73.707861581824147,18.923831148756449,0.0],[73.708355049693992,18.923213125220538,0.0],[73.708806132365481,18.92251821761764,0.0],[73.708943638414624,18.922368116679241,0.0],[73.709236757000028,18.92210371062659,0.0],[73.709846925708277,18.921628634674288,0.0],[73.711115655611735,18.920468522191928,0.0],[73.71173116238684,18.91973322487782,0.0],[73.712346663699918,18.918997925145948,0.0],[73.71296215954429,18.918262623900102,0.0],[73.71360906742899,18.917488499881049,0.0],[73.714255968320643,18.916714373184629,0.0],[73.714862590183586,18.915982735893198,0.0],[73.716037894565446,18.91632640558058,0.0],[73.717213204192817,18.916670068098391,0.0],[73.718388519065286,18.917013723446129,0.0],[73.719500693863907,18.916533079571309,0.0],[73.719845443071122,18.917006191264129,0.0],[73.720497260375012,18.917745721035189,0.0],[73.721149084300336,18.918485248804728,0.0],[73.721800912948552,18.919224774559321,0.0],[73.722493016569999,18.919871449730419,0.0],[73.723185124566513,18.920518123487319,0.0],[73.723877238844011,18.921164794939351,0.0],[73.724638873122572,18.921955195436318,0.0],[73.725094910254271,18.922490511325101,0.0],[73.726028418486308,18.92284323999133,0.0],[73.726149542684013,18.92286130921029,0.0],[73.726256993323048,18.922916206463519,0.0],[73.726343379155608,18.923017636311361,0.0],[73.727597985955853,18.923284126951149,0.0],[73.729284269182997,18.923539525819329,0.0],[73.730265253356251,18.923435905867908,0.0],[73.73091859233368,18.92349845013452,0.0],[73.731236621296375,18.92363644165313,0.0],[73.731531220517425,18.923816003491929,0.0],[73.731642324086735,18.924002965767421,0.0],[73.732378604754331,18.92483325990171,0.0],[73.733028906750818,18.92503140489428,0.0],[73.734007767413701,18.925077734226299,0.0],[73.734986628941385,18.92512405932921,0.0],[73.736295178535457,18.92509253182816,0.0],[73.737575758238094,18.92511311070384,0.0],[73.738348986574294,18.924876878126579,0.0],[73.739249944518988,18.924753608017259,0.0],[73.740521578494381,18.92464293695291,0.0],[73.74184106361092,18.92447925895188,0.0],[73.74297855099492,18.924384065489651,0.0],[73.743474891705617,18.924465036722449,0.0],[73.744307170693901,18.92453917948589,0.0],[73.745404806746507,18.924410429892831,0.0],[73.745808197062374,18.924302874872861,0.0],[73.746763966927546,18.924163630837079,0.0],[73.74780492019913,18.92417065636787,0.0],[73.748347470261692,18.924182138300001,0.0],[73.748618421233587,18.924232055975789,0.0],[73.749549582964349,18.924334903362631,0.0],[73.749651372710787,18.92442091197994,0.0],[73.750153023701003,18.92465409366558,0.0],[73.750800385700813,18.924932397728579,0.0],[73.75103630906014,18.925031797992361,0.0],[73.751158125023139,18.925338556711111,0.0],[73.752285593831175,18.92448304538593,0.0],[73.753219011799658,18.923633010198049,0.0],[73.754294980194402,18.922702579304271,0.0],[73.754854975658517,18.92219119590893,0.0],[73.75511965295324,18.92199409543035,0.0],[73.755314238966136,18.921920062067151,0.0],[73.75554739677699,18.921833652846971,0.0],[73.755964752000253,18.921659009912979,0.0],[73.757454659135959,18.921071916625671,0.0],[73.758055152004587,18.920845474418041,0.0],[73.758683425583271,18.92060950577298,0.0],[73.758957642524265,18.920521968735841,0.0],[73.759311762456846,18.920519397518198,0.0],[73.759476236516093,18.920661587806752,0.0],[73.759881342792269,18.920853900310309,0.0],[73.760700430684096,18.921280083863831,0.0],[73.761183187177593,18.921512848811869,0.0],[73.761340887398958,18.92157872510397,0.0],[73.761602205344559,18.921685641377731,0.0],[73.761928381718477,18.921794934449039,0.0],[73.762582340700277,18.921914674855952,0.0],[73.762834349618331,18.921996764005868,0.0],[73.762930875849534,18.922032915504939,0.0],[73.763841298386296,18.922260874309451,0.0],[73.763929303005696,18.922286851752169,0.0],[73.764808639274648,18.92245375712362,0.0],[73.765161836920981,18.922533165921909,0.0],[73.765885608648816,18.92285297389342,0.0],[73.766035119305101,18.922848030235851,0.0],[73.766826227650625,18.923027538775571,0.0],[73.766996659027271,18.923244999634889,0.0],[73.76721138822198,18.92319420626789,0.0],[73.767812989779586,18.923018743868241,0.0],[73.768559306000284,18.92259864192873,0.0],[73.768580767579081,18.922409273753392,0.0],[73.769260215908204,18.921796333830649,0.0],[73.77020107003078,18.920968529370828,0.0],[73.770988238077521,18.920454461590008,0.0],[73.771775401413308,18.919940391073489,0.0],[73.772846407139937,18.919368320048381,0.0],[73.773638994856839,18.91900968366879,0.0],[73.773683896999046,18.918987826415059,0.0],[73.773944494424597,18.918924026658981,0.0],[73.774806370557258,18.919057821501831,0.0],[73.775420890050711,18.919249108874929,0.0],[73.775894190908943,18.919379019660781,0.0],[73.777110285252888,18.919612797161211,0.0],[73.777556067985373,18.919703865994329,0.0],[73.778100588239013,18.9198906979763,0.0],[73.779082214928508,18.920210639554451,0.0],[73.780063846595581,18.920530575242989,0.0],[73.78128588688115,18.920900476460289,0.0],[73.781680442759196,18.921058740864069,0.0],[73.782047971296436,18.92119230396273,0.0],[73.783154124414978,18.921520535351721,0.0],[73.784260282222377,18.921848760378751,0.0],[73.784364764080507,18.92178061088303,0.0],[73.785070537342449,18.92130799359041,0.0],[73.785801817337372,18.920812579367919,0.0],[73.786906699063522,18.920198615022521,0.0],[73.787480545516118,18.919911878631961,0.0],[73.788415934369766,18.919444481850171,0.0],[73.789572374111302,18.918906016138909,0.0],[73.789929566982295,18.918932723245071,0.0],[73.790736189784056,18.917918000085582,0.0],[73.79154280363673,18.916903272775802,0.0],[73.792029869071953,18.916290531431251,0.0],[73.793079773390119,18.91544816905472,0.0],[73.793705749439596,18.915293496407269,0.0],[73.793992860477573,18.915295361364539,0.0],[73.794499896251338,18.915325950265359,0.0],[73.795168129301558,18.915566858088081,0.0],[73.795560254554587,18.915815616228169,0.0],[73.795885739748144,18.916021308751031,0.0],[73.796519306504123,18.915318708147289,0.0],[73.797435490418138,18.91437701996961,0.0],[73.798011916014346,18.91381020438746,0.0],[73.79840303407677,18.91346758567186,0.0],[73.799940878908998,18.91291041212277,0.0],[73.800319184722753,18.913209989972209,0.0],[73.801304331092396,18.913177002515049,0.0],[73.802065747992131,18.9132471715834,0.0],[73.803070762499189,18.913423766588739,0.0],[73.803688837541813,18.913512286586709,0.0],[73.804948915853458,18.913615245664221,0.0],[73.805286346205648,18.913585783777091,0.0],[73.806322445434617,18.913420620370339,0.0],[73.807073601017152,18.91307992138195,0.0],[73.807534054558246,18.91295007791545,0.0],[73.80772146831616,18.912841561716949,0.0],[73.807897179093445,18.91276059751744,0.0],[73.80893528106607,18.912618144528,0.0],[73.809473997044179,18.91249140588538,0.0],[73.809756845245317,18.912500150586741,0.0],[73.810126101316641,18.912855439084041,0.0],[73.811123558836698,18.91274659198195,0.0],[73.812350894668953,18.913063074705821,0.0],[73.813578235569096,18.913379550462299,0.0],[73.814428824894151,18.914188422065521,0.0],[73.81527942335218,18.914997290156261,0.0],[73.81569054011733,18.916060228741781,0.0],[73.816101661723891,18.917123167485322,0.0],[73.816309102825144,18.91833698529171,0.0],[73.816399549706617,18.918831410057791,0.0],[73.816103539099032,18.919772775958869,0.0],[73.816640272584323,18.921020493241759,0.0],[73.816665265810215,18.92208338457295,0.0],[73.816690259890777,18.923146276708689,0.0],[73.816521962111338,18.923710927647701,0.0],[73.81677118055039,18.92486472041826,0.0],[73.81680482862204,18.92606805245736,0.0],[73.817252017603039,18.926749061639121,0.0],[73.818156492558415,18.928196511209009,0.0],[73.818440519942101,18.928332643306081,0.0],[73.818047233630111,18.928919865648911,0.0],[73.81779240530615,18.929369706731261,0.0],[73.817354179317093,18.92997563424742,0.0],[73.816804569501954,18.930745596941019,0.0],[73.816254953591255,18.931515556759681,0.0],[73.815776930294987,18.932048549486801,0.0],[73.815213313783076,18.932589227170379,0.0],[73.814163186089715,18.933475675982621,0.0],[73.814322220994725,18.933750307074401,0.0],[73.814477806704602,18.93404389205369,0.0],[73.814484844841033,18.934061950715819,0.0],[73.814747158586115,18.934885355462281,0.0],[73.814894845399053,18.935351777725899,0.0],[73.814948054328397,18.935479734236761,0.0],[73.814996891492513,18.935597178092721,0.0],[73.815082066728579,18.93580201101523,0.0],[73.815084258711167,18.935807889517509,0.0],[73.815124973514699,18.935917078392649,0.0],[73.815156387347429,18.936004148655609,0.0],[73.815214655950143,18.936165652727968,0.0],[73.815270176113685,18.936319539777909,0.0],[73.815344880268952,18.9365265991173,0.0],[73.815396002794202,18.936685236401448,0.0],[73.815438348864447,18.936818066233869,0.0],[73.815495800712412,18.937015073715951,0.0],[73.815658283139967,18.937573213512579,0.0],[73.815900881200406,18.938139297797541,0.0],[73.81595319962895,18.938261377550969,0.0],[73.816122192763643,18.938760569261941,0.0],[73.816355948309521,18.939111988360921,0.0],[73.816583441106644,18.939654114467402,0.0],[73.817001992007377,18.940651532324711,0.0],[73.817411420967076,18.94162720068454,0.0],[73.817446334110372,18.94171039832111,0.0],[73.81735349139278,18.942010747454479,0.0],[73.817755963592177,18.942755752202689,0.0],[73.817831774318478,18.94290973721975,0.0],[73.818051277281526,18.943355577899641,0.0],[73.818413341886028,18.943998652925519,0.0],[73.818798362076038,18.944684116949251,0.0],[73.819041377432868,18.945123323792991,0.0],[73.819320102320475,18.945563677612562,0.0],[73.819370194430547,18.945662005132039,0.0],[73.82019200891105,18.946382557853699,0.0],[73.821013829530841,18.94710310725452,0.0],[73.822057612590825,18.947788230095139,0.0],[73.822910003677862,18.948110474887311,0.0],[73.823944383074959,18.948430838672451,0.0],[73.824414590801794,18.948856346281239,0.0],[73.825743733511246,18.949990872591261,0.0],[73.826487341103544,18.95108647586008,0.0],[73.826815239329406,18.952026830590128,0.0],[73.827143141900578,18.952967184851151,0.0],[73.828115663746303,18.953768554300989,0.0],[73.829088195901591,18.954569919989911,0.0],[73.830392986167951,18.955878347839541,0.0],[73.831261672906408,18.95669878554979,0.0],[73.832351399678984,18.95773390807085,0.0],[73.833398095616914,18.957905216547971,0.0],[73.834444793089332,18.958076518314378,0.0],[73.835567300963703,18.9595175502803,0.0],[73.837389430615858,18.95974532169431,0.0],[73.838126032316453,18.960816224101219,0.0],[73.838145792135279,18.96223276174009,0.0],[73.838377881940175,18.96224548593618,0.0],[73.83803346888709,18.9639542963147,0.0],[73.83882212769511,18.96537963904375,0.0],[73.839062694842355,18.966689705243549,0.0],[73.839493213690616,18.967564815054441,0.0],[73.839923735873512,18.968439924017499,0.0],[73.840580102757244,18.969108999790439,0.0],[73.841759750336777,18.970065889465499,0.0],[73.842068061452139,18.970336574061481,0.0],[73.842629281829147,18.97048198048962,0.0],[73.842697889792021,18.970433926959739,0.0],[73.84275179240791,18.97049782381395,0.0],[73.844366130366623,18.970729726295961,0.0],[73.845334850497167,18.970292045739409,0.0],[73.846303565792624,18.96985436073053,0.0],[73.847272276259119,18.969416670366101,0.0],[73.848408450829098,18.969178142282939,0.0],[73.849544623496811,18.968939607961921,0.0],[73.850150136527247,18.968432692563859,0.0],[73.850781603515543,18.967795375395699,0.0],[73.851502449022789,18.967037084659822,0.0],[73.852059807196881,18.966150362693011,0.0],[73.852325527011587,18.966026026033958,0.0],[73.852881131694133,18.96525426521503,0.0],[73.853723320790323,18.96483766665294,0.0],[73.853794561848403,18.964791001242961,0.0],[73.854978268578961,18.9642041085249,0.0],[73.855815467878244,18.963657896811199,0.0],[73.856652660896316,18.963111680086069,0.0],[73.858277172441603,18.962428654564171,0.0],[73.859228033061129,18.96189380036672,0.0],[73.860178887799393,18.961358940940691,0.0],[73.861621375917466,18.960330034214468,0.0],[73.862721006419321,18.959504407897711,0.0],[73.863970371891995,18.95838469915839,0.0],[73.865021012188436,18.957353779556939,0.0],[73.865257034905454,18.957039975562669,0.0],[73.8654139815132,18.956788957683269,0.0],[73.86593554531035,18.957047316429581,0.0],[73.866106321813618,18.957124593503121,0.0],[73.866311204376814,18.957221806241861,0.0],[73.866504085153721,18.957303879103812,0.0],[73.866604062357951,18.957352796884521,0.0],[73.866806133231748,18.957441168839392,0.0],[73.867074444238241,18.957561337690059,0.0],[73.867357414581761,18.957738933945119,0.0],[73.867653690704671,18.957718340558731,0.0],[73.867882775799089,18.957773226053479,0.0],[73.868077260849702,18.957837331173049,0.0],[73.868079526583756,18.957835268463011,0.0],[73.868309719899443,18.95788205281875,0.0],[73.868476742327132,18.95791706907389,0.0],[73.868679978779639,18.958000592760659,0.0],[73.86882023272058,18.95805257547979,0.0],[73.868904450365036,18.958110631909289,0.0],[73.86963430652203,18.958534419259099,0.0],[73.869862762135455,18.958397661477921,0.0],[73.870179741996807,18.958517210092491,0.0],[73.871890451467735,18.95796135283091,0.0],[73.872720535093933,18.957495477516591,0.0],[73.873060425178565,18.957073860375711,0.0],[73.873569726400362,18.956925934716939,0.0],[73.873770377365886,18.956724639715279,0.0],[73.874208373451367,18.956285234602539,0.0],[73.874713348729642,18.95557146051954,0.0],[73.87540257851181,18.954995825426948,0.0],[73.875770430972011,18.95467338538332,0.0],[73.875877388562955,18.954560898063701,0.0],[73.87599556234133,18.954436614864171,0.0],[73.876414342901626,18.953786201548649,0.0],[73.876441926011225,18.953743981022129,0.0],[73.876525600117233,18.953585139342721,0.0],[73.876580037612186,18.953276276947101,0.0],[73.87672951288198,18.952492519238849,0.0],[73.876846067358699,18.952044638278529,0.0],[73.877038492319585,18.95176275013754,0.0],[73.87714664257409,18.951465466668299,0.0],[73.87730806987382,18.950871245805271,0.0],[73.877370176421451,18.95050870738574,0.0],[73.877417736272307,18.950489663889041,0.0],[73.87773176848718,18.950349241553919,0.0],[73.878512540574874,18.9501919758202,0.0],[73.878939032541737,18.950115326174011,0.0],[73.879390712361854,18.950063787103641,0.0],[73.879414701978462,18.949505931348291,0.0],[73.879536061988588,18.94852218200635,0.0],[73.879600329325228,18.94818276243506,0.0],[73.879619093114115,18.947690555736418,0.0],[73.879593390599766,18.947192285309981,0.0],[73.879577922572381,18.946892414969099,0.0],[73.879431370071686,18.946480313355789,0.0],[73.879218217914158,18.94537979565634,0.0],[73.879161446474768,18.944411619821832,0.0],[73.879104675379111,18.943443443001161,0.0],[73.879047905570658,18.942475266103539,0.0],[73.87916752550133,18.942072721244301,0.0],[73.879299551795995,18.941804386185929,0.0],[73.879410257143164,18.941577756966531,0.0],[73.879485178690729,18.941425705515101,0.0],[73.879639285534694,18.941116008531889,0.0],[73.879711818056606,18.9409695459854,0.0],[73.880251805779494,18.941261533271501,0.0],[73.881018038175228,18.94199599652076,0.0],[73.881704823824307,18.942652724057599,0.0],[73.882391614838838,18.943309450185311,0.0],[73.883078411231153,18.943966173096332,0.0],[73.883360829926346,18.943812141781859,0.0],[73.883823876032565,18.943596069079259,0.0],[73.884341662482598,18.9433986484411,0.0],[73.884911862867867,18.943413905440359,0.0],[73.885310289126252,18.94429557396619,0.0],[73.88570871840615,18.945177241762678,0.0],[73.886305924515554,18.945167679554491,0.0],[73.887010885574441,18.944296069347601,0.0],[73.887480276598083,18.944336521472572,0.0],[73.887885564820195,18.943571994375301,0.0],[73.887163417078867,18.942926214603929,0.0],[73.88700043808312,18.94250086257513,0.0],[73.887167707229253,18.94149220900022,0.0],[73.887334973075795,18.940483555961851,0.0],[73.889016474487462,18.940787809663409,0.0],[73.889470156834832,18.94107199579943,0.0],[73.889975967231408,18.94176415085574,0.0],[73.890842548196744,18.943055245142901,0.0],[73.891654407517365,18.943148120473889,0.0],[73.892097625836087,18.94362953336308,0.0],[73.892512103963142,18.942491238488039,0.0],[73.893309103808861,18.94268682129595,0.0],[73.894041312218292,18.942259825454069,0.0],[73.894714834023901,18.942534535070841,0.0],[73.894869585481942,18.942482490357541,0.0],[73.894663463792781,18.941611672416141,0.0],[73.893555560596809,18.94126468684826,0.0],[73.892447662312009,18.940917694881669,0.0],[73.892528428308253,18.939748776305368,0.0],[73.892947851104907,18.939110059487941,0.0],[73.893351531726282,18.938939876537969,0.0],[73.893864077718376,18.939026174306939,0.0],[73.894242447805269,18.938891747310802,0.0],[73.895599302808989,18.940055329180339,0.0],[73.895967888691999,18.939866335541598,0.0],[73.896046122527167,18.938471984894971,0.0],[73.896808232276484,18.937888085586589,0.0],[73.896714518817646,18.937752960669339,0.0],[73.896031294062482,18.937658659234032,0.0],[73.895575982056741,18.937760531069799,0.0],[73.894828568911166,18.937444413958911,0.0],[73.894193572663895,18.93645325118726,0.0],[73.893558584654372,18.935462086525192,0.0],[73.892923602982805,18.9344709199618,0.0],[73.894066610423465,18.93391918172351,0.0],[73.894139369915209,18.932997873292958,0.0],[73.894212128326146,18.932076564703539,0.0],[73.894244922035099,18.931880255168799,0.0],[73.894299453942878,18.931765734526589,0.0],[73.893679724467233,18.931084345720208,0.0],[73.893917918755434,18.930436822796569,0.0],[73.894170285794786,18.930297922668728,0.0],[73.894610115703884,18.93019680511328,0.0],[73.895917063386563,18.929896330846571,0.0],[73.896443638142003,18.92909495310241,0.0],[73.895503769334212,18.92851963525225,0.0],[73.895669439260999,18.92739465863599,0.0],[73.895835106560597,18.926269680721639,0.0],[73.895593955116539,18.925772926126658,0.0],[73.896248158107241,18.92422465251634,0.0],[73.896262934249265,18.923340975112328,0.0],[73.896432972472567,18.92282279902302,0.0],[73.896577825568841,18.921975528904071,0.0],[73.896755559819411,18.921694992040209,0.0],[73.897069636133324,18.920820274785381,0.0],[73.897289261005014,18.92043209837577,0.0],[73.897399857326064,18.919894476625569,0.0],[73.897164427544169,18.919572856892561,0.0],[73.897149602139862,18.919362142220571,0.0],[73.896860984836479,18.91939748776274,0.0],[73.896497341158593,18.919463022237629,0.0],[73.896922222535707,18.917915547617628,0.0],[73.897078490852195,18.91754275702931,0.0],[73.897206063596002,18.9170493003882,0.0],[73.897294236170012,18.916857847682031,0.0],[73.897423981839296,18.916364274487439,0.0],[73.897536821816175,18.915904868748989,0.0],[73.897600680472905,18.915690658691531,0.0],[73.897712376898653,18.915050776558129,0.0],[73.897927759755362,18.91447601266513,0.0],[73.897995560779279,18.91430639983783,0.0],[73.898080836931214,18.91389854009525,0.0],[73.899581797637666,18.914000068424599,0.0],[73.899868498856861,18.913889204630731,0.0],[73.899936193966383,18.91379381391193,0.0],[73.900094783128111,18.913720462856741,0.0],[73.900374522843734,18.913595509853629,0.0],[73.900993141812833,18.91334897159139,0.0],[73.9011572642424,18.913297202453371,0.0],[73.901231899403086,18.913395096733488,0.0],[73.90138257780329,18.91362116474237,0.0],[73.901510492723503,18.913831932118999,0.0],[73.901550438579719,18.913900599625681,0.0],[73.901755764044594,18.914323429444991,0.0],[73.901817848026909,18.914402650466219,0.0],[73.902298703057582,18.91438103634944,0.0],[73.902553573609808,18.914342902555362,0.0],[73.902691892989836,18.914365086629381,0.0],[73.902992022965307,18.914394959616821,0.0],[73.903598707475183,18.91448444038549,0.0],[73.904115870079323,18.914762956750909,0.0],[73.904223091630158,18.91490792154347,0.0],[73.904598696694165,18.91472204557142,0.0],[73.904805401433848,18.914702836062599,0.0],[73.905088694350781,18.914706421460139,0.0],[73.905258254088835,18.914834051727169,0.0],[73.905379858725823,18.91485224328871,0.0],[73.905586643743817,18.914869160240912,0.0],[73.905692479591181,18.914883635948978,0.0],[73.906259921209482,18.915267450098199,0.0],[73.906567748390458,18.9154207483646,0.0],[73.907012155461487,18.915631359619638,0.0],[73.90714096853273,18.915713565209259,0.0],[73.907850575382341,18.916336782124251,0.0],[73.90814551333979,18.916493338357832,0.0],[73.908600978569368,18.916717853078001,0.0],[73.909220876052544,18.916927422264209,0.0],[73.90997892068161,18.91684696634228,0.0],[73.910930866517859,18.916604047544201,0.0],[73.911882810804173,18.916361123725949,0.0],[73.912437768539178,18.916205130642091,0.0],[73.913643599359617,18.9164417501275,0.0],[73.91409027550408,18.91641652514032,0.0],[73.914506286710335,18.916543768506081,0.0],[73.91567537745054,18.916241513715089,0.0],[73.916466399391609,18.915771525271051,0.0],[73.917576213364299,18.915604738704531,0.0],[73.918562225892401,18.91593057963237,0.0],[73.918967110345321,18.916215624788009,0.0],[73.919552035850998,18.916338878373899,0.0],[73.919988306685383,18.91646256050312,0.0],[73.920466488620818,18.916408612810368,0.0],[73.920701334180578,18.916428473906219,0.0],[73.920996370652475,18.916468863877899,0.0],[73.921672001946391,18.916528313476309,0.0],[73.922091365006068,18.916406247177719,0.0],[73.922371252601408,18.91634213484004,0.0],[73.922757146552726,18.91647100604315,0.0],[73.923078792053161,18.916662185516639,0.0],[73.923294425479625,18.91659016810009,0.0],[73.923477473065475,18.916432450925971,0.0],[73.923941229005166,18.916052200166611,0.0],[73.924297019144873,18.915504451978801,0.0],[73.924346795092006,18.91512929987498,0.0],[73.924412444744874,18.91460831552148,0.0],[73.924523623996606,18.914017442599409,0.0],[73.924922963267534,18.913687431102201,0.0],[73.92514494501971,18.91352762768858,0.0],[73.925793121588285,18.913259374743689,0.0],[73.926300960374348,18.913866741891141,0.0],[73.92658653626988,18.913786602454891,0.0],[73.926796470249045,18.913564614919739,0.0],[73.92734288408559,18.912960468608041,0.0],[73.927997614392154,18.91276849745643,0.0],[73.928281245720143,18.912581546025692,0.0],[73.928064549761203,18.911903109021111,0.0],[73.928786887283152,18.911847570690419,0.0],[73.929033231757373,18.91174219062211,0.0],[73.929512467711902,18.911563922240688,0.0],[73.930174305177488,18.911317259745179,0.0],[73.93076587230621,18.911103904624049,0.0],[73.93155812652688,18.910811034906491,0.0],[73.931948926738713,18.910712575085078,0.0],[73.932520658372511,18.910616909286961,0.0],[73.933054600927164,18.91066647565377,0.0],[73.933328551348268,18.910805622165,0.0],[73.933747509748841,18.910774092034611,0.0],[73.934061197875749,18.91064904232627,0.0],[73.93474887448933,18.910217183838821,0.0],[73.936115179153617,18.909144314104761,0.0],[73.936132577731271,18.908914058011892,0.0],[73.936239499502946,18.908113670912371,0.0],[73.936309057237722,18.907606833060239,0.0],[73.936360706648472,18.90732725369195,0.0],[73.93650455001476,18.906901156869601,0.0],[73.936738464921334,18.906584774789071,0.0],[73.937053754962562,18.90618906444805,0.0],[73.937264317382429,18.90595468651739,0.0],[73.937421620637451,18.905708693559991,0.0],[73.93755274056025,18.90551033232255,0.0],[73.937750833306566,18.905134090954771,0.0],[73.938027814134287,18.904709089975881,0.0],[73.938274909225356,18.90442818073122,0.0],[73.938386323051517,18.90417068940236,0.0],[73.938478606246363,18.90385597680897,0.0],[73.938644105764453,18.903563800266131,0.0],[73.938799589061489,18.903171178428011,0.0],[73.938997106733311,18.902571671545431,0.0],[73.93933538087748,18.902373029504851,0.0],[73.940004545565714,18.90207258852524,0.0],[73.939988192331739,18.901141951841609,0.0],[73.940154060546107,18.899734316303199,0.0],[73.940229797425275,18.898849263552261,0.0],[73.94022478134184,18.898389915909309,0.0],[73.940385337647058,18.897904092758711,0.0],[73.940580076996341,18.897480650240269,0.0],[73.940650139518638,18.897216923722681,0.0],[73.940707392902354,18.896879476210071,0.0],[73.940806549670199,18.896584628150219,0.0],[73.940936304627613,18.89618982298278,0.0],[73.94094261714632,18.895856553616881,0.0],[73.940936497837868,18.89560348786549,0.0],[73.94097058680515,18.895127268369929,0.0],[73.941474487522385,18.894809293973111,0.0],[73.941699574496681,18.89450076083136,0.0],[73.941926051785444,18.89417072465185,0.0],[73.942151090951029,18.893891140132961,0.0],[73.942405127855295,18.89352850709156,0.0],[73.942606907983546,18.893156421435879,0.0],[73.942643617623631,18.893088727699581,0.0],[73.943876987319086,18.892982171538399,0.0],[73.944549187844046,18.892903698971558,0.0],[73.945548831971209,18.89283582370479,0.0],[73.946838656396267,18.89269868636859,0.0],[73.947887468834253,18.892666783223021,0.0],[73.948982083943278,18.892694561289829,0.0],[73.949897888007271,18.892701263449929,0.0],[73.95172676565555,18.89261994444556,0.0],[73.952761826242508,18.892586343019239,0.0],[73.953602865300624,18.892566207075571,0.0],[73.954751858481345,18.892437030471481,0.0],[73.954891085304894,18.892440641757741,0.0],[73.955982067563596,18.892303519775581,0.0],[73.957283946449493,18.8922487556306,0.0],[73.958592674448383,18.892134313151349,0.0],[73.959901402102787,18.89201986137477,0.0],[73.961015836766464,18.891807409474939,0.0],[73.96213026895775,18.891594950752999,0.0],[73.962246827263399,18.89158759504344,0.0],[73.963431372708172,18.891379715478919,0.0],[73.963833163135291,18.89133608832519,0.0],[73.964393106795811,18.891306861102709,0.0],[73.965119009143052,18.89117808702574,0.0],[73.965667765803445,18.89103057749152,0.0],[73.965993579160809,18.89100347013272,0.0],[73.966390311739161,18.890929390172271,0.0],[73.966755809083637,18.890840353635969,0.0],[73.967050046693672,18.8907866015312,0.0],[73.967540569312675,18.890589880936069,0.0],[73.967650554678286,18.889276061224201,0.0],[73.967868437667335,18.889110667206161,0.0],[73.96851095750911,18.888951995857109,0.0],[73.969517391873481,18.888965287066121,0.0],[73.970523826688407,18.88897857192973,0.0],[73.971251897094334,18.888906828101248,0.0],[73.971805447478417,18.888564892321639,0.0],[73.972179421891497,18.88789328967918,0.0],[73.972341523832128,18.887480282398521,0.0],[73.972500323827163,18.88854282318772,0.0],[73.972605638090315,18.888998743301059,0.0],[73.972916259028679,18.889483550127618,0.0],[73.973400360391921,18.890282352739678,0.0],[73.973884467164865,18.8910811542465,0.0],[73.974368577449013,18.89187995463741,0.0],[73.974852693143418,18.89267875392277,0.0],[73.975336812349738,18.893477552091859,0.0],[73.975820936966898,18.894276349155,0.0],[73.976391920915106,18.895218452083029,0.0],[73.976451207268212,18.895316271282489,0.0],[73.977048410614259,18.89630162336509,0.0],[73.977645621705676,18.897286972857579,0.0],[73.977803246250986,18.897363407909939,0.0],[73.978353448515449,18.897630212049599,0.0],[73.978589782156391,18.89781924285202,0.0],[73.978861207360737,18.898438520037981,0.0],[73.97902563705172,18.899067757529622,0.0],[73.979036739752601,18.89915619599001,0.0],[73.979165258074502,18.899622339736371,0.0],[73.979283913868812,18.900170136738179,0.0],[73.979410437608138,18.900348170373771,0.0],[73.979693696525985,18.900866906532361,0.0],[73.979793119069186,18.901152776285741,0.0],[73.979775250856108,18.902158706736639,0.0],[73.979757383066342,18.90316463707391,0.0],[73.979592944861807,18.903293169450532,0.0],[73.979526746934155,18.90342802653543,0.0],[73.979377396631421,18.904104448948551,0.0],[73.979302240843637,18.904367546251301,0.0],[73.979179546530077,18.905033974804681,0.0],[73.978352325484224,18.90515362981618,0.0],[73.978291539613522,18.905574988299119,0.0],[73.977675789627085,18.906383928208822,0.0],[73.97758819124617,18.906566659323101,0.0],[73.977381109747341,18.90686039201735,0.0],[73.97683402483905,18.907678291441531,0.0],[73.976773601512193,18.907768624024911,0.0],[73.976759677622752,18.907830264793841,0.0],[73.976711488371123,18.9080435999483,0.0],[73.976716562193275,18.908196477959429,0.0],[73.976587412884314,18.90898886974853,0.0],[73.977285642575382,18.909666499180819,0.0],[73.977507594162049,18.910436842176889,0.0],[73.976944242263002,18.91064668723558,0.0],[73.977332692056805,18.91115173921126,0.0],[73.976972094795997,18.911860809318291,0.0],[73.977049379353119,18.912532543355368,0.0],[73.977016274941022,18.91329820776069,0.0],[73.977082501842901,18.913487665737829,0.0],[73.977101181314509,18.913548754998999,0.0],[73.977235253526331,18.913971405306679,0.0],[73.977313776156848,18.914108702851529,0.0],[73.976923535699129,18.915031911735909,0.0],[73.977464055486067,18.915893754895549,0.0],[73.978004580665598,18.9167555966641,0.0],[73.977376082365353,18.917900631347809,0.0],[73.977460741267564,18.91824850688938,0.0],[73.977528458984921,18.91860010255412,0.0],[73.977510765612791,18.919049947495701,0.0],[73.9786085945412,18.920341074718479,0.0],[73.978606792484655,18.92157731162256,0.0],[73.978417351571537,18.922344117142359,0.0],[73.978429408443233,18.922580819116501,0.0],[73.978520582168883,18.92284342797636,0.0],[73.978646345520019,18.924218777649472,0.0],[73.978702193798341,18.92476531415728,0.0],[73.978859659987393,18.92576444209395,0.0],[73.979605449364797,18.925869398615621,0.0],[73.980612435780699,18.92610972770013,0.0],[73.98103424055445,18.925952532134129,0.0],[73.981540302618981,18.925760092420369,0.0],[73.98242061366507,18.925585369310781,0.0],[73.982590745235115,18.925574826344199,0.0],[73.982933860361939,18.92548068992458,0.0],[73.983856769554052,18.926274708380809,0.0],[73.985176530318569,18.92751940613724,0.0],[73.985833303907043,18.928001997275409,0.0],[73.986480885497826,18.92855889755781,0.0],[73.987203735064796,18.929039963537591,0.0],[73.987657216439445,18.92920361522199,0.0],[73.988081161726043,18.929289457499682,0.0],[73.989696042430396,18.929461265230561,0.0],[73.990307685192718,18.9294164296834,0.0],[73.991353263812599,18.929267496769281,0.0],[73.992195746556646,18.92911003689278,0.0],[73.993340417554279,18.929005512675541,0.0],[73.994444259448088,18.928819713120522,0.0],[73.995271847182508,18.928619809891948,0.0],[73.995698377743224,18.928324566926111,0.0],[73.996041803365046,18.928092198617481,0.0],[73.997037860183227,18.9280721324394,0.0],[73.998442844252835,18.9281186028586,0.0],[73.998678601234289,18.9281131092559,0.0],[73.999032018141108,18.928076354189951,0.0],[73.999385620695463,18.928008235907861,0.0],[74.0003647231499,18.92778686816072,0.0],[74.001343823278077,18.92756549421982,0.0],[74.002241061168732,18.92753801839909,0.0],[74.003135538594265,18.92747706242146,0.0],[74.003885237748975,18.927357263602719,0.0],[74.004220717254512,18.92728542763474,0.0],[74.005023747168366,18.927092289396541,0.0],[74.005423298667722,18.926869104159248,0.0],[74.005951006204711,18.926530097283241,0.0],[74.006429285342406,18.926139401004509,0.0],[74.007633085816906,18.925071531664269,0.0],[74.008858313863854,18.92396186598641,0.0],[74.009299047440251,18.924144895546071,0.0],[74.009835739968665,18.924115085242089,0.0],[74.011113362196681,18.92394269305241,0.0],[74.012390981293393,18.923770291036259,0.0],[74.012454587779231,18.92376170841553,0.0],[74.013499666310949,18.923486965159029,0.0],[74.014544740744256,18.92321221675304,0.0],[74.014713704994577,18.92316020288191,0.0],[74.015885534218754,18.92278597928264,0.0],[74.017057359508996,18.92241174713477,0.0],[74.018229178955181,18.92203750823602,0.0],[74.018502001084158,18.921914214484051,0.0],[74.019922032763802,18.921084440252649,0.0],[74.020490752841667,18.920862190861911,0.0],[74.020923249050838,18.920693175009241,0.0],[74.021583309035464,18.920269300393269,0.0],[74.02242576278131,18.919704037365289,0.0],[74.023268210957852,18.919138770224791,0.0],[74.023188219613388,18.91846023930054,0.0],[74.023743484306124,18.918096293185901,0.0],[74.024523491029015,18.917551044856769,0.0],[74.024813399586705,18.91724620823835,0.0],[74.025070037497144,18.916941302160879,0.0],[74.025313193486966,18.916573873899541,0.0],[74.025535428424504,18.91636373449251,0.0],[74.025629019025573,18.916340551198221,0.0],[74.025828168095643,18.91614320736803,0.0],[74.026088059053123,18.915765381328772,0.0],[74.026289966073776,18.91553148970015,0.0],[74.026350756287925,18.915476180143731,0.0],[74.026461900749311,18.915391237441259,0.0],[74.026629848246344,18.91523339670438,0.0],[74.027000800376996,18.91505944256533,0.0],[74.027045274600781,18.915036931037719,0.0],[74.027392422232907,18.914923719177079,0.0],[74.027599417363618,18.91486974870822,0.0],[74.027776206138157,18.914815747280489,0.0],[74.027998847283072,18.914790708947329,0.0],[74.028132431999566,18.914742513951971,0.0],[74.028232983368,18.914684974616311,0.0],[74.028514925223135,18.914517065205061,0.0],[74.028888006698978,18.914294574737131,0.0],[74.029317028580593,18.91410809901063,0.0],[74.029525776698861,18.91394044066363,0.0],[74.029593955766131,18.913879149211471,0.0],[74.029749295206841,18.91367400995389,0.0],[74.029893711520913,18.913501867171821,0.0],[74.030090288908525,18.913286017581619,0.0],[74.030308074021264,18.912980767763599,0.0],[74.030364876851991,18.912850841283021,0.0],[74.030409626266206,18.912698042212511,0.0],[74.030454743055671,18.91223749698144,0.0],[74.030438206879836,18.911711524653349,0.0],[74.030544167134565,18.911403169360131,0.0],[74.030660584286963,18.911061296149111,0.0],[74.031315959176595,18.91049723127442,0.0],[74.031420669191462,18.910133647078311,0.0],[74.031434072844846,18.91000755766775,0.0],[74.031481299603357,18.909801145280891,0.0],[74.031257884632595,18.909439533296091,0.0],[74.030993115503165,18.909177125813589,0.0],[74.030815331497209,18.90903752036515,0.0],[74.030483610700415,18.908636084052478,0.0],[74.030387049813768,18.907764474776329,0.0],[74.030298027024955,18.907217892383262,0.0],[74.030332659018384,18.906520174217331,0.0],[74.030335743618636,18.906191655743712,0.0],[74.030351365534685,18.905768145142801,0.0],[74.030343015371045,18.90563062912311,0.0],[74.030349342741147,18.90546089056334,0.0],[74.030349542032255,18.905304854066099,0.0],[74.030328343159397,18.90507496601175,0.0],[74.030288642701393,18.904762226450259,0.0],[74.030338534539609,18.904364105376789,0.0],[74.03039824560922,18.90404408320687,0.0],[74.030440260039512,18.90382628544716,0.0],[74.030453792634404,18.90378016471745,0.0],[74.030405339073596,18.90324392592532,0.0],[74.030394026562746,18.902919509888921,0.0],[74.030399648843954,18.902761031000431,0.0],[74.030281575216762,18.901866906013659,0.0],[74.030277032058066,18.90142572072536,0.0],[74.030268383938406,18.90097456001185,0.0],[74.030281673927234,18.900889096504979,0.0],[74.030289177891291,18.90035649318185,0.0],[74.030254602079353,18.899869753160839,0.0],[74.030237399405152,18.89948353284116,0.0],[74.030233072445,18.899438268655839,0.0],[74.030182734205383,18.89891165208109,0.0],[74.03008529776379,18.898094442355401,0.0],[74.030107821823037,18.897708352490682,0.0],[74.030065056197841,18.897386544611379,0.0],[74.030071042356653,18.89719421405114,0.0],[74.030074264115797,18.896883815590719,0.0],[74.030045182372135,18.896599653031121,0.0],[74.029830341943011,18.895862843934509,0.0],[74.029766788946901,18.895404715519259,0.0],[74.029698767502666,18.895193867251258,0.0],[74.029626404575694,18.894960605018412,0.0],[74.029597708537196,18.894863716718021,0.0],[74.029483382606955,18.894175637664571,0.0],[74.02948218961069,18.894116096374589,0.0],[74.029601042920604,18.894133860547001,0.0],[74.029773654990279,18.894171539426861,0.0],[74.029986383985374,18.894209817899132,0.0],[74.030147130620946,18.894222907849141,0.0],[74.030435795765086,18.89425261213173,0.0],[74.030707044067071,18.894326350739188,0.0],[74.031523872344565,18.894401297730042,0.0],[74.032232035747839,18.89447384636766,0.0],[74.032642447471687,18.894476076771682,0.0],[74.032821765435642,18.89445342579015,0.0],[74.033112617698762,18.89440135641442,0.0],[74.033387393460188,18.894340669554602,0.0],[74.033651501899428,18.894259715190469,0.0],[74.034520907304369,18.894038111548639,0.0],[74.03475648493577,18.893943078098161,0.0],[74.035763932971804,18.89358697803597,0.0],[74.036609307957505,18.893261768650031,0.0],[74.036998325070385,18.893090838666541,0.0],[74.038505495264829,18.892389837463291,0.0],[74.039628176884904,18.891813767261109,0.0],[74.040596714669391,18.89129695746492,0.0],[74.041341379083448,18.890830009718648,0.0],[74.041590465702939,18.89054635332927,0.0],[74.041857307981289,18.89031977495948,0.0],[74.04244603811577,18.889997359193799,0.0],[74.042854836619739,18.889815290037721,0.0],[74.04331558185163,18.889663845459172,0.0],[74.043576106764831,18.889638958434169,0.0],[74.043931565535445,18.889491695947761,0.0],[74.044837680005386,18.889419379876269,0.0],[74.045658290120841,18.889438703604931,0.0],[74.045511438203903,18.888673581372959,0.0],[74.045219540747169,18.887413865038269,0.0],[74.045004414631975,18.886478834365938,0.0],[74.044789290659253,18.885543804361198,0.0],[74.044574168833947,18.884608774120331,0.0],[74.044643923109618,18.884070827582331,0.0],[74.044654046021449,18.884034511894871,0.0],[74.044646619043334,18.88364842349198,0.0],[74.044631090904559,18.883447076124291,0.0],[74.04454071058025,18.882772642757811,0.0],[74.044510925932343,18.882559455306641,0.0],[74.044491603134901,18.88235330704746,0.0],[74.044392301452831,18.88187430367493,0.0],[74.044326049581514,18.88151770726601,0.0],[74.044306478649318,18.881415460126529,0.0],[74.045611827760368,18.881751910828712,0.0],[74.046916624704821,18.882088445516949,0.0],[74.047864560688041,18.88186630821432,0.0],[74.048812495346652,18.8816441650652,0.0],[74.049760426776643,18.88142201696369,0.0],[74.05048847771458,18.880834675363332,0.0],[74.050794787343804,18.880626750180859,0.0],[74.051611665634013,18.88032011506812,0.0],[74.052494247908712,18.879982524598422,0.0],[74.053376827766158,18.879644929777879,0.0],[74.05425940330764,18.879307330596991,0.0],[74.055429159367222,18.87885939743655,0.0],[74.056598910459854,18.878411455726742,0.0],[74.056876688995985,18.878213316719179,0.0],[74.057294446618883,18.877865905168971,0.0],[74.058242685899856,18.877102962579229,0.0],[74.059190916667035,18.87634001381582,0.0],[74.060139138910685,18.875577060686751,0.0],[74.05987898411901,18.875163557866919,0.0],[74.059292908076884,18.87421512777038,0.0],[74.060110317829597,18.87282738232906,0.0],[74.060567601365719,18.872034541842321,0.0],[74.06102487952154,18.871241700876919,0.0],[74.06143805627012,18.87090350938551,0.0],[74.062082135868962,18.87040932924862,0.0],[74.06300050382913,18.869982371494149,0.0],[74.06321525664741,18.870174241466451,0.0],[74.063471269526829,18.870252140073418,0.0],[74.065020533834669,18.86961763947296,0.0],[74.065338306653658,18.869399840011699,0.0],[74.065667377635918,18.86911801544737,0.0],[74.065947880879264,18.868870754640898,0.0],[74.066313018759558,18.868466636944351,0.0],[74.067137672165558,18.8680864648842,0.0],[74.067090323621642,18.86785765911803,0.0],[74.067444848007923,18.867714054628841,0.0],[74.067737489414668,18.867644359192582,0.0],[74.067919702368798,18.867676601807322,0.0],[74.068536417761706,18.868088063708509,0.0],[74.069496269639487,18.86737804143614,0.0],[74.06985950621403,18.866953557544139,0.0],[74.070225108482248,18.86675136813292,0.0],[74.070514037325268,18.86662089931686,0.0],[74.070871567363994,18.866579502844761,0.0],[74.070958356223898,18.866569454250168,0.0],[74.070996313853854,18.86657767750804,0.0],[74.071617021336863,18.866712146624,0.0],[74.072704643253431,18.866394302011781,0.0],[74.073708426567947,18.866143266167509,0.0],[74.074712207137452,18.86589222387007,0.0],[74.075858590144534,18.86527743220298,0.0],[74.076135123847351,18.865171361089761,0.0],[74.07648451598493,18.864914220952219,0.0],[74.076819734950789,18.864728834960701,0.0],[74.077326755882908,18.863635512987109,0.0],[74.078418963326683,18.862481562633558,0.0],[74.078506099440361,18.86164856691423,0.0],[74.078777289403376,18.859993586255761,0.0],[74.079126327911354,18.85961762435695,0.0],[74.079717167789525,18.859629468167121,0.0],[74.080332873832518,18.85954605032488,0.0],[74.081002149562437,18.85935361168066,0.0],[74.081679919824396,18.859078254645851,0.0],[74.081982746344366,18.85896126085412,0.0],[74.082280563729242,18.858880334334671,0.0],[74.08232212718049,18.858869040663311,0.0],[74.082408359014963,18.85885465150864,0.0],[74.082535868318914,18.858833375383981,0.0],[74.082689233177689,18.858785799056349,0.0],[74.082839848851862,18.85872270715512,0.0],[74.08295942991775,18.858675088871131,0.0],[74.083103052972078,18.85861801793255,0.0],[74.083246916662631,18.858581807041471,0.0],[74.083392675638606,18.85854511918264,0.0],[74.083526567503526,18.85847799524111,0.0],[74.083633487520729,18.858446974616999,0.0],[74.083712131162642,18.858424157634541,0.0],[74.083812539868305,18.85842715048814,0.0],[74.084223550617992,18.85843939972996,0.0],[74.084653838761739,18.858386467473949,0.0],[74.084870595706249,18.858339218140181,0.0],[74.085120853332356,18.858276584275721,0.0],[74.085387374332669,18.858199668511489,0.0],[74.085548498693598,18.858156829794591,0.0],[74.085762150116992,18.85806317227857,0.0],[74.086027921134018,18.85794603132144,0.0],[74.08641235717343,18.85778215956055,0.0],[74.086790820645348,18.85761062691299,0.0],[74.087035932550805,18.857491535077031,0.0],[74.087263666388793,18.857385503706229,0.0],[74.08748957078825,18.85729702993153,0.0],[74.088149890617032,18.85697442559832,0.0],[74.088485227358049,18.856652011994061,0.0],[74.088789208409736,18.856318526780061,0.0],[74.089039052782169,18.855937579055379,0.0],[74.089133260735608,18.855750315173619,0.0],[74.089207293519664,18.855560854174769,0.0],[74.089228327941754,18.855394640739469,0.0],[74.089267293663397,18.855200302649891,0.0],[74.090114152819922,18.854623996048051,0.0],[74.091206446816059,18.854511283657111,0.0],[74.091591633860318,18.854007483180329,0.0],[74.092305629428708,18.853009377233558,0.0],[74.093130351482515,18.852305116220052,0.0],[74.093920468021267,18.852308522990359,0.0],[74.094953927001868,18.852322362106491,0.0],[74.095379580061064,18.852200210397658,0.0],[74.0956112076327,18.852118639341509,0.0],[74.096403792362707,18.850864671883521,0.0],[74.096512243001101,18.850819481983581,0.0],[74.096747087202672,18.850618628417958,0.0],[74.09801935077185,18.849464937592209,0.0],[74.098476485888241,18.84907303539519,0.0],[74.098431671450967,18.848527194148591,0.0],[74.098287005284121,18.84715693983366,0.0],[74.099166398713237,18.847083153562441,0.0],[74.099579777415542,18.847050510944751,0.0],[74.10072222570399,18.847082911261229,0.0],[74.102324174836056,18.847163211308601,0.0],[74.103050424058864,18.847192615173981,0.0],[74.103219320052418,18.847682133212601,0.0],[74.104723758757018,18.84792778866187,0.0],[74.105542136303157,18.848127617209059,0.0],[74.10645734744071,18.848564199737261,0.0],[74.106626106011262,18.848120849987591,0.0],[74.107313159790536,18.847863418727009,0.0],[74.107406897653291,18.8478892979556,0.0],[74.108362303370825,18.847959778646089,0.0],[74.109317710108158,18.84803025446779,0.0],[74.110795978093179,18.848061052153071,0.0],[74.111195626887834,18.848096464173381,0.0],[74.111120977755036,18.848156266135369,0.0],[74.111103021619854,18.848236261527681,0.0],[74.111183019895549,18.848277332231799,0.0],[74.111890476819781,18.848652791314741,0.0],[74.113376024403053,18.849471942669211,0.0],[74.114404217924772,18.850208735154911,0.0],[74.115432420538511,18.85094552137063,0.0],[74.116077962259382,18.851239345561169,0.0],[74.116285941571121,18.85140895979163,0.0],[74.116464807631445,18.85155065963988,0.0],[74.117330939471685,18.85208952708107,0.0],[74.117970413419485,18.853037630313839,0.0],[74.118080513588382,18.8532726025507,0.0],[74.118136401651,18.85349297270978,0.0],[74.118192288849627,18.85364830734941,0.0],[74.118447581522389,18.85405310472223,0.0],[74.118732193820719,18.854365867898149,0.0],[74.118976256059867,18.854634067258949,0.0],[74.119701152165732,18.855636581341741,0.0],[74.120641518710514,18.856937065650339,0.0],[74.121987928050416,18.855795679009621,0.0],[74.122728429634307,18.85526136947848,0.0],[74.123094520667962,18.855274462437841,0.0],[74.123179427485979,18.856428111465871,0.0],[74.12375269758445,18.858116529263079,0.0],[74.124540415155252,18.859099895463991,0.0],[74.125326321550503,18.860080985380819,0.0],[74.125344844932812,18.860102430417399,0.0],[74.125668304065883,18.860518711266231,0.0],[74.126444119056728,18.860853472161079,0.0],[74.127000179416655,18.86114702374292,0.0],[74.128617202718587,18.86176471603692,0.0],[74.128831769945052,18.86212936060166,0.0],[74.130024783252836,18.862181958691458,0.0],[74.130662991252009,18.862924157194961,0.0],[74.131980640726184,18.863696536810981,0.0],[74.132066630621139,18.86375816252308,0.0],[74.132754449606551,18.864269065961629,0.0],[74.13326971669791,18.864493214957399,0.0],[74.133834849649134,18.86503490341261,0.0],[74.134947748726916,18.865345180024651,0.0],[74.135923092055336,18.865831820124029,0.0],[74.13597848249573,18.865852903943878,0.0],[74.137043551851562,18.866182233937,0.0],[74.138108625611991,18.86651155708519,0.0],[74.13946061411842,18.867287334135941,0.0],[74.140906498217305,18.867892006530941,0.0],[74.142686182156567,18.86850058103105,0.0],[74.143941163486105,18.86817605747083,0.0],[74.144168433672178,18.86830595070084,0.0],[74.144291575927525,18.868670921810299,0.0],[74.144338453376406,18.868809856387379,0.0],[74.144265598267864,18.869586724168041,0.0],[74.144278086485087,18.869709220432771,0.0],[74.144289076334829,18.869817013819631,0.0],[74.144725575002482,18.870440426214859,0.0],[74.145295474938521,18.870179717142889,0.0],[74.14584237338461,18.869929528201919,0.0],[74.146354640792822,18.8706724775518,0.0],[74.146357830756074,18.870692670932769,0.0],[74.146507801471202,18.871642149447901,0.0],[74.146564912393004,18.871700023267682,0.0],[74.146636187527918,18.871772250454349,0.0],[74.147024140252981,18.87169274954449,0.0],[74.147169586804935,18.87166294344415,0.0],[74.147464308445748,18.87101693385269,0.0],[74.147480391369825,18.870981680041581,0.0],[74.147363541881504,18.87071044537857,0.0],[74.147309838753358,18.8705857876095,0.0],[74.147274039163662,18.86965303068272,0.0],[74.147000337825546,18.869264983848382,0.0],[74.146970578665091,18.869091317754631,0.0],[74.147435472151358,18.8686300526259,0.0],[74.148038760831966,18.867553228016622,0.0],[74.148642040649193,18.866476400116611,0.0],[74.148900879200511,18.866429404015481,0.0],[74.149139181993519,18.866386137228691,0.0],[74.14915320066882,18.866386198607749,0.0],[74.149875597047981,18.8663894067294,0.0],[74.150094445180557,18.866390378252259,0.0],[74.15009787068368,18.865904605035489,0.0],[74.150141261334909,18.86470536219262,0.0],[74.150576074644547,18.864492297470392,0.0],[74.150609199546849,18.864476065413449,0.0],[74.150654713563483,18.864453762781348,0.0],[74.150998506065434,18.864440204200928,0.0],[74.151099149963201,18.864324885369609,0.0],[74.151205084118658,18.864203505971599,0.0],[74.151723615308526,18.86385778429894,0.0],[74.151750450414781,18.864775376524069,0.0],[74.151777285601455,18.86569296776366,0.0],[74.153203285343338,18.865882415964261,0.0],[74.154767391992934,18.86541810359375,0.0],[74.154562687559206,18.864957965115359,0.0],[74.155457822245225,18.864632163642991,0.0],[74.156352953631526,18.864306357718711,0.0],[74.156866362461173,18.863334422596932,0.0],[74.157566914448708,18.8620081842828,0.0],[74.157815645311302,18.86205714013521,0.0],[74.158377201509921,18.862125172296121,0.0],[74.158586697327536,18.86245652995802,0.0],[74.158989062839964,18.862091226511371,0.0],[74.159596125856822,18.86235562595164,0.0],[74.160002940670097,18.86204835544088,0.0],[74.160679044053609,18.862548772632639,0.0],[74.160726166463192,18.862575847725932,0.0],[74.160808291612341,18.86262303441605,0.0],[74.160839241948437,18.862675969283661,0.0],[74.160894792961756,18.862770979479532,0.0],[74.161864460460649,18.864083622685861,0.0],[74.162470406126616,18.863748735120382,0.0],[74.162017422705716,18.862900419134959,0.0],[74.162110831760131,18.862250094311928,0.0],[74.162134170373733,18.862087607463831,0.0],[74.162135134280732,18.861971312191582,0.0],[74.16214076046812,18.861292761627439,0.0],[74.162691287522705,18.861318029227089,0.0],[74.16326463361986,18.86093222358938,0.0],[74.163642619851899,18.860677872601389,0.0],[74.1629789882507,18.860293868755221,0.0],[74.162821067809986,18.859959536834161,0.0],[74.16262511357786,18.859544680754311,0.0],[74.163118072546339,18.859313731452101,0.0],[74.163143820553273,18.859139225082991,0.0],[74.162523281809129,18.858216683037949,0.0],[74.162887315700161,18.858057626881749,0.0],[74.163020036178565,18.85759370262442,0.0],[74.163236052102675,18.857552052113579,0.0],[74.163580818760011,18.857472950951522,0.0],[74.163679732054689,18.85761865423639,0.0],[74.164255620470968,18.858466951581001,0.0],[74.164831515521328,18.859315247296031,0.0],[74.165563847338802,18.859923128463159,0.0],[74.165602695043617,18.85997635463799,0.0],[74.166016544088919,18.860543370491211,0.0],[74.166212768440417,18.860657510924959,0.0],[74.166565566633153,18.860123650343539,0.0],[74.166427025516697,18.859265728397379,0.0],[74.166800415919766,18.858604930805729,0.0],[74.167218619989342,18.857864817457401,0.0],[74.167312686672901,18.85699910063277,0.0],[74.167646827985209,18.856892807811072,0.0],[74.168509831329587,18.857366142149559,0.0],[74.169372840582938,18.857839471750591,0.0],[74.170235853842428,18.8583127975091,0.0],[74.171110307006032,18.856848888019751,0.0],[74.170337597853248,18.856713226878341,0.0],[74.170424687613362,18.85586225956385,0.0],[74.170876387782243,18.85610580892557,0.0],[74.171750467046039,18.85592513945063,0.0],[74.172974589966913,18.856191675254021,0.0],[74.173877737510338,18.856898235972551,0.0],[74.175671251603589,18.85723451667603,0.0],[74.177222683099259,18.858076749729971,0.0],[74.1773015613647,18.85805158570907,0.0],[74.178013516075325,18.857840499049839,0.0],[74.178805858867818,18.85769792368572,0.0],[74.179711311797291,18.857715430993402,0.0],[74.180350229453879,18.857878119956421,0.0],[74.180556291833554,18.857930589923431,0.0],[74.180847854604522,18.85802054124694,0.0],[74.181277985959412,18.858656937167829,0.0],[74.181662278600484,18.859217561637589,0.0],[74.181913278723243,18.85991863428745,0.0],[74.182346564357658,18.860043620259059,0.0],[74.182344791292806,18.859199307021139,0.0],[74.182665410684479,18.858774485023879,0.0],[74.183717438098782,18.858082538631251,0.0],[74.184764832348151,18.857966497063931,0.0],[74.185717443097204,18.857955439218859,0.0],[74.186670053919826,18.857944377398081,0.0],[74.187591118554664,18.8577292653328,0.0],[74.189155261850146,18.857644343700709,0.0],[74.189325898822787,18.85777856387465,0.0],[74.189389861869202,18.857828876294391,0.0],[74.190180862405953,18.858118050971161,0.0],[74.191091595962561,18.85850422999756,0.0],[74.191375344789961,18.85848569394782,0.0],[74.191431694412401,18.858482012962941,0.0],[74.192820289901235,18.858391295279421,0.0],[74.19312347936345,18.85837148617302,0.0],[74.194162404187907,18.858444363346202,0.0],[74.19495086665782,18.859068428832291,0.0],[74.19573933500719,18.859692490251192,0.0],[74.196527809231938,18.860316548506141,0.0],[74.197316289332193,18.86094060359682,0.0],[74.197857143553207,18.860564593323989,0.0],[74.198958776968254,18.861020905378808,0.0],[74.199435156532886,18.861360641038019,0.0],[74.199806351756806,18.8616253599528,0.0],[74.199951904054657,18.861665050321719,0.0],[74.200460320437855,18.861803685282229,0.0],[74.200650957984962,18.862264007191499,0.0],[74.201259087400388,18.862709729321459,0.0],[74.20135444300297,18.862779618560619,0.0],[74.202144564014816,18.863211937608021,0.0],[74.202380443949963,18.864098998488611,0.0],[74.202616325238992,18.864986059074159,0.0],[74.203107021814517,18.866321346491549,0.0],[74.2034110902203,18.866864644960369,0.0],[74.203968388662091,18.867866473566799,0.0],[74.204725163519342,18.868775103887021,0.0],[74.205192368987824,18.86916886002907,0.0],[74.205375211865416,18.869589407921179,0.0],[74.205551830072636,18.869995639574221,0.0],[74.205608231946329,18.870065283644688,0.0],[74.205648401547094,18.870034165903501,0.0],[74.206759128087995,18.869173717043459,0.0],[74.20794355557085,18.868701204259889,0.0],[74.208581337410067,18.86846866684176,0.0],[74.208725161906898,18.868434235169492,0.0],[74.209152140775771,18.86833201386527,0.0],[74.20935987060146,18.868243847377759,0.0],[74.209605437787047,18.86813962151761,0.0],[74.209675742384832,18.868044974211259,0.0],[74.209837978489588,18.867932638452881,0.0],[74.21038380009486,18.867591011895041,0.0],[74.211249824807439,18.866737122765759,0.0],[74.212022341026241,18.86635045905027,0.0],[74.212354263506015,18.866129418585061,0.0],[74.212739504128578,18.86558453581484,0.0],[74.212812781636401,18.86553510354328,0.0],[74.212881628774866,18.865521474814742,0.0],[74.212979545495756,18.865506724571549,0.0],[74.213068064010997,18.86550077466838,0.0],[74.213130906669036,18.86549654980864,0.0],[74.213332788644621,18.865482979934288,0.0],[74.213401400815158,18.86546781641573,0.0],[74.213480395342756,18.8654406402995,0.0],[74.213553828545599,18.86541537640484,0.0],[74.213634766487743,18.86538753155142,0.0],[74.213682620885393,18.865371068343219,0.0],[74.213717222645286,18.86535045169715,0.0],[74.213755132360262,18.865327863558829,0.0],[74.213925242864974,18.865214177325281,0.0],[74.214189610506637,18.865042236056379,0.0],[74.214376548619029,18.864896098474379,0.0],[74.214457232562268,18.864833023594269,0.0],[74.214604452458943,18.864754106286739,0.0],[74.214785474428879,18.864658443755161,0.0],[74.214900278400094,18.864597774608288,0.0],[74.214931604776666,18.86458471613032,0.0],[74.214980747686283,18.864564231059759,0.0],[74.215130565586449,18.864501778200989,0.0],[74.215196313234813,18.864474371052999,0.0],[74.21523976739249,18.864456256768129,0.0],[74.215406749918131,18.864364438459329,0.0],[74.215537398633941,18.864292597102111,0.0],[74.215576768994666,18.864245065888781,0.0],[74.215695403948175,18.864215788434919,0.0],[74.216225709121943,18.864208139223141,0.0],[74.21712449592161,18.863873232087951,0.0],[74.218361165151109,18.863511937770848,0.0],[74.219870147717018,18.863369577324018,0.0],[74.221217064355713,18.863099604252081,0.0],[74.221406000025027,18.863071984532731,0.0],[74.221585985044953,18.86303939922875,0.0],[74.221829157842137,18.862997088247159,0.0],[74.222187647218121,18.862916559029379,0.0],[74.222519530329194,18.862857173374589,0.0],[74.222990397039894,18.862790468851401,0.0],[74.223323412471402,18.862747509699449,0.0],[74.223779228375903,18.862677809609512,0.0],[74.224049624749199,18.86263646141516,0.0],[74.225132372746415,18.86241611633222,0.0],[74.225726775239721,18.86232098562898,0.0],[74.226367653546461,18.862134965109039,0.0],[74.226832128842929,18.862084332027671,0.0],[74.227688637481307,18.86208788756154,0.0],[74.228131894040558,18.862149758150551,0.0],[74.228790997299285,18.862152489971159,0.0],[74.229228528718991,18.862051206120771,0.0],[74.230214135089312,18.86203243946342,0.0],[74.231048382070881,18.86203405021088,0.0],[74.23112538823824,18.862034198395701,0.0],[74.231213128679997,18.862034367384371,0.0],[74.231320869798182,18.862057561592401,0.0],[74.231484929204683,18.862092880272701,0.0],[74.231528834101368,18.862093066951129,0.0],[74.231996063064159,18.862143133520341,0.0],[74.232194190994178,18.8621534615652,0.0],[74.232655695906871,18.862177517387821,0.0],[74.232960307725236,18.862132721180231,0.0],[74.233113571565937,18.8621101813354,0.0],[74.233663331287644,18.862006369732729,0.0],[74.234970771232838,18.86156435029951,0.0],[74.235952481713738,18.86137401686274,0.0],[74.23693419017718,18.861183677262421,0.0],[74.237915896618844,18.860993332402309,0.0],[74.23942618559056,18.860981401200839,0.0],[74.240258744738739,18.86136060510664,0.0],[74.241557771502826,18.861684907771838,0.0],[74.242807921833233,18.861417562780289,0.0],[74.244058068513809,18.86115020834211,0.0],[74.245030945758614,18.860815760427741,0.0],[74.246003819316726,18.86048130728188,0.0],[74.247151684555149,18.860271427763479,0.0],[74.248299547195771,18.86006154196626,0.0],[74.248544577419281,18.860020926614059,0.0],[74.248804449228359,18.86000292226025,0.0],[74.249231204946,18.859950444030449,0.0],[74.249339328639522,18.85992724503576,0.0],[74.249579409853069,18.859888146483851,0.0],[74.250112488399694,18.859737165371548,0.0],[74.250390413589713,18.859726022962722,0.0],[74.250705601352919,18.85970135682199,0.0],[74.251066484857247,18.859698025561599,0.0],[74.251723040359408,18.85973739736805,0.0],[74.253075136798898,18.859778413720409,0.0],[74.253232821768464,18.859913965531021,0.0],[74.25365478952348,18.860471297955431,0.0],[74.254357213259894,18.86098055083642,0.0],[74.254722265207519,18.861024036602529,0.0],[74.255493469570013,18.86079451274697,0.0],[74.256010073357288,18.86054564173217,0.0],[74.256440228963385,18.86028466835786,0.0],[74.256996047177154,18.859933325392021,0.0],[74.257281480421753,18.859498389682411,0.0],[74.257215794451696,18.858839130971869,0.0],[74.256890535468941,18.858392778039931,0.0],[74.256644021458257,18.857984384419488,0.0],[74.256619114283936,18.857920749714872,0.0],[74.256643307484424,18.85782387243859,0.0],[74.25686522320882,18.857507347695009,0.0],[74.25704231221691,18.85725215381175,0.0],[74.257458361397696,18.857022889941941,0.0],[74.257735565694261,18.856880872768951,0.0],[74.258849177629358,18.856364045468322,0.0],[74.259921024400896,18.85567975809483,0.0],[74.260514960802368,18.85540658358914,0.0],[74.260563726474828,18.855372264981021,0.0],[74.261462892764442,18.855130404920889,0.0],[74.262343864379261,18.854728061131361,0.0],[74.263224831914513,18.854325713012781,0.0],[74.264304309414172,18.85367177745583,0.0],[74.265383778688943,18.853017835310361,0.0],[74.266507235348527,18.85250412442333,0.0],[74.267630685364978,18.851990406497851,0.0],[74.268567193477523,18.851715661250811,0.0],[74.269503698700689,18.851440911182682,0.0],[74.270155196119063,18.851265715462429,0.0],[74.2703080743497,18.85126944861965,0.0],[74.271327370872925,18.850960620504569,0.0],[74.27186484114138,18.850654037233198,0.0],[74.272099352903183,18.85050485513257,0.0],[74.27218005364827,18.850443981098511,0.0],[74.272248593485202,18.850393346612272,0.0],[74.273336429777729,18.849548388740679,0.0],[74.274116752818429,18.848848496644159,0.0],[74.274050509213865,18.84877928602457,0.0],[74.274664313517249,18.848169443849809,0.0],[74.276079985981269,18.84755442044624,0.0],[74.277204570740864,18.847616470620359,0.0],[74.277655199998733,18.8476413323665,0.0],[74.277917046902687,18.847853547515399,0.0],[74.278969031332622,18.848570856992652,0.0],[74.279753729650494,18.84922071701892,0.0],[74.279851051583577,18.85020128937164,0.0],[74.279948373490299,18.851181861605291,0.0],[74.28002897495557,18.852322634062912,0.0],[74.280109576274825,18.853463407283591,0.0],[74.280332934192074,18.854397407462869,0.0],[74.280556293448157,18.855331408263851,0.0],[74.281495906840846,18.856784357890991,0.0],[74.282553673187564,18.85754853174474,0.0],[74.283675739505625,18.857937736385299,0.0],[74.284883152212998,18.857309804626471,0.0],[74.2856944523474,18.85621026581742,0.0],[74.286780197212693,18.854871937043541,0.0],[74.287378834115017,18.85405832428825,0.0],[74.287977465172943,18.853244709347351,0.0],[74.288576091332189,18.852431093128519,0.0],[74.289174710702383,18.85161747381731,0.0],[74.29044038008648,18.85043168578731,0.0],[74.291280917449143,18.849879932920391,0.0],[74.292121449393349,18.849328175143359,0.0],[74.292692455128488,18.848880378927099,0.0],[74.29408640992807,18.847948564622339,0.0],[74.294970049789796,18.847382807006738,0.0],[74.295853683808673,18.84681704587512,0.0],[74.296543894997953,18.846188311099841,0.0],[74.297234100101988,18.845559574457489,0.0],[74.298077333106363,18.844953133755389,0.0],[74.298920559160024,18.844346689900181,0.0],[74.299887857703979,18.844212455367291,0.0],[74.300855155835293,18.844078215763421,0.0],[74.301001136151044,18.844157843537669,0.0],[74.301921076842106,18.844659640464322,0.0],[74.302616731718331,18.845524339522839,0.0],[74.302699626570515,18.846973402563041,0.0],[74.302744657375115,18.84791406226169,0.0],[74.30278968849511,18.848854721871501,0.0],[74.302701890868377,18.850556703106118,0.0],[74.302953981083533,18.8521667900098,0.0],[74.303703787641211,18.853703437546219,0.0],[74.304744766582175,18.854705995329009,0.0],[74.306447342272165,18.854886051223769,0.0],[74.307703516976062,18.85380098247979,0.0],[74.308554401799668,18.853079463160618,0.0],[74.309405279380783,18.852357938761269,0.0],[74.310243296421334,18.85182732904271,0.0],[74.311081308267532,18.851296715354639,0.0],[74.311919314919365,18.850766097697431,0.0],[74.312757316376988,18.850235476071429,0.0],[74.313729133431139,18.84957168079552,0.0],[74.31470094197654,18.84890788105891,0.0],[74.315672743918938,18.848244075061739,0.0],[74.316441895937814,18.847350809972799,0.0],[74.317211039764075,18.846457541364881,0.0],[74.318145579464911,18.84570827901096,0.0],[74.3190801118688,18.844959011650001,0.0],[74.320271823587234,18.843552750181011,0.0],[74.320942241594224,18.84257144693855,0.0],[74.321612651699851,18.841590140032089,0.0],[74.322439289414731,18.840685779416059,0.0],[74.323265918240523,18.839781413863609,0.0],[74.324474479562781,18.838587089739729,0.0],[74.325872287671046,18.837951348772709,0.0],[74.326980599020132,18.837708474313079,0.0],[74.328088906451811,18.837465592248581,0.0],[74.329249641263118,18.837365590159731,0.0],[74.330410375898964,18.837265579896538,0.0],[74.331571108456998,18.837165562356049,0.0],[74.33255050149846,18.837015990655381,0.0],[74.333529893929651,18.836866412850959,0.0],[74.334509284794024,18.83671683074682,0.0],[74.335488674098357,18.836567242535761,0.0],[74.336468060886105,18.836417650021939,0.0],[74.337447447062345,18.836268051404812,0.0],[74.338463654211253,18.8366567343936,0.0],[74.339479867145897,18.837045411067852,0.0],[74.34041931470297,18.837768371228989,0.0],[74.341358770359747,18.838491325940439,0.0],[74.342358187160713,18.839829377534048,0.0],[74.342946035680171,18.841234946312891,0.0],[74.343378575005332,18.842130054306221,0.0],[74.343811118786121,18.843025162253301,0.0],[74.345095418250494,18.844271640443448,0.0],[74.346553333700669,18.844754426251701,0.0],[74.348218855975645,18.84465030842858,0.0],[74.349415516839926,18.844498197977501,0.0],[74.350612174850326,18.84434607976851,0.0],[74.351737165758195,18.843892836626619,0.0],[74.352862150815739,18.843439585583958,0.0],[74.354358351454721,18.842530444830359,0.0],[74.355225817384621,18.841780884233849,0.0],[74.356093274689329,18.841031319305159,0.0],[74.357299305650145,18.840186949248601,0.0],[74.358483663776795,18.83965650322558,0.0],[74.359800014072519,18.839393763062159,0.0],[74.36111635961521,18.839131013466989,0.0],[74.362214789974431,18.839021537620049,0.0],[74.363313218169679,18.838912055251239,0.0],[74.364451938232079,18.838719009335779,0.0],[74.365590655910907,18.838525956380799,0.0],[74.366427571070972,18.838022168693708,0.0],[74.367264481312517,18.837518377074169,0.0],[74.367994813002596,18.836601444731361,0.0],[74.369289304945283,18.835978045611309,0.0],[74.370249480720119,18.835328951434821,0.0],[74.371369409598557,18.834639008643489,0.0],[74.372071303493371,18.83424267738004,0.0],[74.372806620844457,18.833892371337821,0.0],[74.37362259883075,18.833591872889102,0.0],[74.375358074447846,18.832948858991969,0.0],[74.376226564878934,18.832562928712161,0.0],[74.37709505144089,18.832176995158601,0.0],[74.378041208976526,18.831794584543509,0.0],[74.378987361402935,18.831412169887081,0.0],[74.379933510621711,18.831029750292249,0.0],[74.380860609095336,18.830746467270099,0.0],[74.38178770459534,18.83046317863538,0.0],[74.383527995426263,18.830584421191261,0.0],[74.384864785312928,18.830996063914721,0.0],[74.385811478868121,18.831466109093181,0.0],[74.386758176850293,18.831936149586831,0.0],[74.388147596134914,18.832112626396238,0.0],[74.389537018643125,18.832289092023789,0.0],[74.390512865873305,18.83186242212906,0.0],[74.391488708301651,18.831435746966651,0.0],[74.392464545928149,18.831009066537021,0.0],[74.393380552562178,18.830552039959159,0.0],[74.394296554343484,18.83009500871831,0.0],[74.395212551272024,18.829637972814869,0.0],[74.3960816125104,18.828793883294669,0.0],[74.396950665066967,18.827949788500291,0.0],[74.397582357643884,18.826906431146451,0.0],[74.398214042290562,18.82586307131832,0.0],[74.398442810177997,18.82462965687558,0.0],[74.39867157445903,18.823396241896901,0.0],[74.398469750338776,18.822441423080651,0.0],[74.398267928341738,18.821486603108809,0.0],[74.396679021536329,18.82051394536877,0.0],[74.395698858935489,18.819939934453611,0.0],[74.394718704039917,18.819365917638059,0.0],[74.393975594846907,18.81874972918423,0.0],[74.393232491091055,18.818133537881529,0.0],[74.392616820807021,18.816867856986999,0.0],[74.392562486772462,18.81675615871913,0.0],[74.392537311618341,18.816661518706379,0.0],[74.392487837881163,18.81647552754491,0.0],[74.392301442800829,18.815774803797161,0.0],[74.392040402644611,18.81479344759218,0.0],[74.391817666026711,18.81382400885154,0.0],[74.391594931796803,18.812854569817048,0.0],[74.391079529219908,18.81171847277265,0.0],[74.390564134316875,18.81058237526965,0.0],[74.389518857089101,18.80973660808505,0.0],[74.388473589415881,18.808890834357999,0.0],[74.387566533240474,18.808328531148678,0.0],[74.386659483172906,18.807766223667979,0.0],[74.385752438264035,18.807203911913181,0.0],[74.385250230856897,18.806265639479349,0.0],[74.384748027951161,18.80532736485252,0.0],[74.384245831437738,18.804389089846669,0.0],[74.384382042738537,18.80314530139643,0.0],[74.384518251749128,18.80190151352862,0.0],[74.384779284225317,18.800853934335709,0.0],[74.385040314223815,18.7998063554754,0.0],[74.385301339853569,18.798758775134171,0.0],[74.385562362057343,18.79771119512252,0.0],[74.38582338084197,18.796663613633239,0.0],[74.385913366457928,18.796428209713198,0.0],[74.386344460804708,18.79547704608482,0.0],[74.386775550175471,18.794525880322951,0.0],[74.387206634564009,18.79357471423506,0.0],[74.387637713977256,18.792623546013949,0.0],[74.388116070620001,18.791389622307541,0.0],[74.388594420049856,18.7901556970154,0.0],[74.388555849006423,18.78919775877706,0.0],[74.388517277283924,18.78823981953877,0.0],[74.388380379754651,18.786966325480559,0.0],[74.388243483986059,18.78569283120817,0.0],[74.388384601228623,18.78478040806333,0.0],[74.388525717749459,18.783867984683241,0.0],[74.389228661679155,18.78308462030687,0.0],[74.389931599076291,18.782301253939139,0.0],[74.390634529944563,18.7815178846766,0.0],[74.39133745428434,18.780734512519661,0.0],[74.392124992332029,18.779891305321549,0.0],[74.392912523465696,18.779048094509658,0.0],[74.39370004673701,18.778204880081262,0.0],[74.394538779794303,18.77766846310778,0.0],[74.395501796019985,18.777264985561999,0.0],[74.39646480778579,18.776861502906719,0.0],[74.397427816040448,18.77645801514532,0.0],[74.398390818886199,18.776054522271998,0.0],[74.399353817271674,18.775651024290209,0.0],[74.400474476934662,18.775163314867569,0.0],[74.400415115115322,18.775014512528951,0.0],[74.400194501859772,18.774310874364701,0.0],[74.40020053353733,18.774145611224888,0.0],[74.40022413668261,18.77343537210821,0.0],[74.399061485496532,18.772225030527249,0.0],[74.398230273982946,18.77138094965197,0.0],[74.397399069779567,18.77053686523341,0.0],[74.396567874783372,18.76969277727812,0.0],[74.395153252579391,18.76898796033451,0.0],[74.394659062928596,18.768479608675069,0.0],[74.394460455820948,18.768309382950989,0.0],[74.394048030032152,18.768031930853571,0.0],[74.393553688029542,18.76760717372526,0.0],[74.39309950334588,18.76658540143605,0.0],[74.392883987285799,18.76638604373845,0.0],[74.394612955178857,18.76576665036087,0.0],[74.394800913959429,18.765258034892689,0.0],[74.394922042380486,18.764610833188659,0.0],[74.394938994273332,18.76380778306574,0.0],[74.394905687888411,18.763280421356828,0.0],[74.394916424288212,18.762957598164181,0.0],[74.394998046536017,18.76178945899462,0.0],[74.395079667414279,18.760621318708999,0.0],[74.395113390592599,18.760137261835659,0.0],[74.395119042723806,18.76005778341046,0.0],[74.395320737537617,18.759046646740341,0.0],[74.395522428818765,18.758035509673309,0.0],[74.395759348388822,18.757097766763941,0.0],[74.395996264240594,18.756160023384279,0.0],[74.396167333714018,18.755644223225929,0.0],[74.396313063909375,18.755260037671,0.0],[74.396597325966027,18.754345526025631,0.0],[74.396658871437225,18.754072487649321,0.0],[74.397012021239789,18.75274343272768,0.0],[74.397144823416284,18.751595519138021,0.0],[74.397277622610602,18.75044760526059,0.0],[74.397348090163746,18.748908451791308,0.0],[74.397419568137579,18.747900564422029,0.0],[74.397532380432153,18.746934208205221,0.0],[74.397583644199585,18.74643368851741,0.0],[74.397572854549495,18.745874639883819,0.0],[74.39762808162277,18.74463761178994,0.0],[74.397823833077609,18.743397192930111,0.0],[74.397918675588102,18.74251501695592,0.0],[74.397977340175885,18.74196935105914,0.0],[74.397980948008396,18.741938507606339,0.0],[74.398016479123257,18.741954734913481,0.0],[74.398324909991615,18.74201885476511,0.0],[74.398604794943793,18.742047366675301,0.0],[74.398657616048609,18.742042888383729,0.0],[74.39884393246426,18.742028235149661,0.0],[74.398924798796244,18.742022128821539,0.0],[74.399044538577812,18.742012346087989,0.0],[74.399306047096985,18.741994924302379,0.0],[74.399474273055105,18.741985928621581,0.0],[74.399545517315957,18.741982273763721,0.0],[74.399678928686782,18.74197542920616,0.0],[74.399825285394215,18.74196739695881,0.0],[74.400184583659239,18.741915354684121,0.0],[74.400596774962366,18.742033014536151,0.0],[74.400849811896208,18.742180551006189,0.0],[74.400988379410634,18.74226134460196,0.0],[74.401096218078109,18.742317944782581,0.0],[74.401676512015698,18.74262460631471,0.0],[74.401771644170651,18.742681769202171,0.0],[74.401909819540592,18.742745665194029,0.0],[74.40194275548356,18.742760894767549,0.0],[74.402082047874941,18.742736829997781,0.0],[74.402420116589965,18.7426802818174,0.0],[74.402726979600246,18.74262895293721,0.0],[74.402804596553921,18.742609231256761,0.0],[74.403002423012893,18.7425589629283,0.0],[74.403273849306771,18.742494759995971,0.0],[74.403654741283333,18.742404663159579,0.0],[74.404249335736964,18.742249720962391,0.0],[74.404301470758497,18.742236367637059,0.0],[74.404706552074231,18.742132615775638,0.0],[74.404786340761447,18.742111051990001,0.0],[74.404891524725983,18.742076872971911,0.0],[74.404949982010081,18.742063045211172,0.0],[74.405049190948034,18.742039577385931,0.0],[74.405135987420437,18.742020347528982,0.0],[74.405242912167338,18.742000208249539,0.0],[74.405512170177303,18.742026263966281,0.0],[74.405651398500893,18.742039736472591,0.0],[74.405767729765913,18.742018518758769,0.0],[74.40588406195576,18.74199730007108,0.0],[74.406064012075717,18.74196163604411,0.0],[74.406227921414981,18.741941825232921,0.0],[74.406287031721149,18.74193409404495,0.0],[74.406533563294545,18.74190185088948,0.0],[74.406800923819105,18.741812540745919,0.0],[74.4068595998192,18.74180148308437,0.0],[74.406918274866783,18.74179042449741,0.0],[74.406991935347577,18.741771211794379,0.0],[74.407065596764312,18.741751998161099,0.0],[74.407136701206085,18.741732087737869,0.0],[74.407264173478495,18.741694620514579,0.0],[74.407387357122346,18.741648677766179,0.0],[74.407560640556071,18.741583922796352,0.0],[74.407656343561541,18.74154798601888,0.0],[74.40777304644115,18.741502188791781,0.0],[74.407889968922959,18.741453517339881,0.0],[74.407976692231173,18.741409654071461,0.0],[74.408107855226717,18.741343313017008,0.0],[74.408342074713644,18.741212112507469,0.0],[74.408643513109851,18.741087200021919,0.0],[74.40936024338346,18.740912295385019,0.0],[74.409749708416484,18.740957568461869,0.0],[74.410433863386643,18.741135293615589,0.0],[74.410736612760772,18.741901503731739,0.0],[74.411281154351272,18.742259952208279,0.0],[74.412087119302655,18.74260408350354,0.0],[74.41253559898864,18.742904920412169,0.0],[74.413309882404022,18.74326361054176,0.0],[74.414484490262836,18.744356756560268,0.0],[74.415701985539314,18.74549647517124,0.0],[74.415940579499306,18.74566347398261,0.0],[74.416938096424445,18.74620595784716,0.0],[74.418762813305165,18.74621379343235,0.0],[74.419962352783273,18.74688611601939,0.0],[74.420812574807371,18.747417209238112,0.0],[74.421662802218165,18.74794829780344,0.0],[74.422513035012656,18.748479382618839,0.0],[74.423057078818019,18.74894468341018,0.0],[74.424136525421162,18.74961176451837,0.0],[74.425363363070758,18.75027742332712,0.0],[74.425663450176955,18.750283530504252,0.0],[74.426192863722406,18.749878298125751,0.0],[74.427080188364812,18.7490470964858,0.0],[74.427967503378625,18.74821588942542,0.0],[74.428854810658478,18.747384677854729,0.0],[74.429657551261116,18.74646153957115,0.0],[74.430460283093637,18.745538396617309,0.0],[74.431561532672688,18.744257389416639,0.0],[74.432255235154784,18.743592965504309,0.0],[74.432948931263383,18.74292853792327,0.0],[74.433642622889877,18.742264108487038,0.0],[74.435100575843649,18.74116525126686,0.0],[74.435963105273757,18.740525793281101,0.0],[74.436825627307556,18.739886331103332,0.0],[74.437688143845392,18.73924686383592,0.0],[74.438539910100673,18.738650984616712,0.0],[74.439391670435938,18.738055100423519,0.0],[74.440243424845463,18.73745921306438,0.0],[74.441095173335157,18.736863320732059,0.0],[74.441304569057124,18.73648008009808,0.0],[74.441983138591169,18.735409582121409,0.0],[74.442661698504466,18.734339081337961,0.0],[74.443389050703573,18.733407271099271,0.0],[74.444116395813069,18.732475456834479,0.0],[74.443572876702561,18.731580013415861,0.0],[74.443029364177406,18.730684568486179,0.0],[74.442485856339957,18.729789122039989,0.0],[74.442318164436912,18.729502618664569,0.0],[74.442171065535732,18.72867662595625,0.0],[74.441994354057726,18.72770962145734,0.0],[74.441817644436739,18.72674261674479,0.0],[74.441619266917414,18.725650354647311,0.0],[74.441420891748166,18.72455809318339,0.0],[74.441444080091813,18.723031690943149,0.0],[74.440428604562541,18.722940743413879,0.0],[74.440235340968329,18.722631749447981,0.0],[74.440496468730146,18.722245874342839,0.0],[74.441443877699143,18.722200323160848,0.0],[74.441373562764113,18.721865672146631,0.0],[74.442818950561914,18.72080232790513,0.0],[74.44404946057648,18.720643277414311,0.0],[74.4456635692448,18.720610865906551,0.0],[74.446276978660464,18.72061005624705,0.0],[74.448056877705696,18.720088289382261,0.0],[74.448917287489394,18.719985116300389,0.0],[74.449924897158823,18.719978193791821,0.0],[74.450650215034742,18.720183391022829,0.0],[74.450295537158595,18.718890316441371,0.0],[74.450129241455343,18.71828476755034,0.0],[74.450129707750463,18.717947720580611,0.0],[74.449938738297973,18.71615879437768,0.0],[74.449806848370599,18.715142440372642,0.0],[74.449640798424198,18.713990066261101,0.0],[74.449496123165474,18.712891978675849,0.0],[74.449351449579197,18.711793889995221,0.0],[74.449206777662155,18.710695801123151,0.0],[74.449090872103838,18.70974068519984,0.0],[74.44897496864769,18.708785568240671,0.0],[74.448829841877284,18.707503905064769,0.0],[74.44868471607316,18.706222241655841,0.0],[74.448608199387493,18.705763110761779,0.0],[74.44858561963953,18.704775021871871,0.0],[74.448563039045339,18.703786931975969,0.0],[74.447835492843822,18.703345877920452,0.0],[74.447591045329787,18.703249067916321,0.0],[74.446987747145741,18.703227599211179,0.0],[74.446350374735729,18.703220055271512,0.0],[74.445734907785877,18.7031886838367,0.0],[74.444453858988041,18.703293821358951,0.0],[74.442963721585286,18.703351242963901,0.0],[74.44166655806201,18.703153173299111,0.0],[74.440751615957979,18.70296202555112,0.0],[74.439757963524514,18.70272503976808,0.0],[74.43797616240083,18.702375061180291,0.0],[74.437299723399576,18.702242191104268,0.0],[74.435856429560346,18.701958682987609,0.0],[74.435687406359548,18.701925480781181,0.0],[74.434263372279091,18.701729166465419,0.0],[74.43311283340239,18.701631621786969,0.0],[74.431962296048724,18.701534070082609,0.0],[74.430835319210317,18.701567402391682,0.0],[74.429708341183854,18.701600727008628,0.0],[74.428627326386945,18.7017112034621,0.0],[74.427546311314089,18.70182167455097,0.0],[74.427318218038053,18.7018284151162,0.0],[74.426579894693077,18.701818080006191,0.0],[74.42548686251223,18.7019198543314,0.0],[74.424270550082255,18.70215558603272,0.0],[74.422745901593359,18.702501198890449,0.0],[74.422442721075939,18.702599321962271,0.0],[74.422161013031413,18.702700277119948,0.0],[74.422021086903044,18.702616369998701,0.0],[74.421101983427207,18.702325540478789,0.0],[74.420182883214068,18.70203470562587,0.0],[74.419092650410633,18.701689712528861,0.0],[74.418997022561911,18.701629216775011,0.0],[74.417899097163271,18.701198653004901,0.0],[74.417130301559098,18.70093554362613,0.0],[74.415949452508471,18.700519521681478,0.0],[74.415659964296196,18.700422970382281,0.0],[74.415162857615087,18.700257628650341,0.0],[74.414749090973544,18.70006776373539,0.0],[74.41432101994512,18.699854393451631,0.0],[74.413836616503716,18.6996291776973,0.0],[74.413337755346973,18.699408328548369,0.0],[74.412843070587542,18.69918932671083,0.0],[74.412690118048033,18.699142088134462,0.0],[74.41202156672604,18.698591374904161,0.0],[74.411180965430034,18.697885339573801,0.0],[74.410340371132705,18.697179299711149,0.0],[74.409517191457482,18.696605042122261,0.0],[74.408694017384491,18.696030781038822,0.0],[74.408238622021315,18.69565658466745,0.0],[74.407654737111372,18.695025018264669,0.0],[74.406831328158233,18.694245243548359,0.0],[74.406772996570353,18.694203260201839,0.0],[74.406013587142567,18.693572725188751,0.0],[74.405254184307793,18.692942187218399,0.0],[74.404488608431421,18.69214945880552,0.0],[74.403603550056957,18.691379537130711,0.0],[74.402444976361565,18.690140307536051,0.0],[74.40124483234105,18.68889001012608,0.0],[74.400962861511161,18.688867397244039,0.0],[74.400003276445588,18.688813218926761,0.0],[74.399020202185042,18.688828905095772,0.0],[74.398447252599027,18.68888303424405,0.0],[74.397824465640497,18.688994715720881,0.0],[74.397345356351096,18.6891236313391,0.0],[74.396935278350142,18.689273414885829,0.0],[74.396159306393457,18.689607635978309,0.0],[74.395865602110959,18.68970361945523,0.0],[74.395515367580018,18.689851120735501,0.0],[74.395475561479358,18.688702454664519,0.0],[74.395435756622476,18.687553788463688,0.0],[74.395395951115859,18.686405121223121,0.0],[74.395525988850125,18.68523589103485,0.0],[74.395656023607685,18.684066659654381,0.0],[74.395786057281953,18.682897427991609,0.0],[74.396000056510445,18.681592396295621,0.0],[74.396271750945075,18.680332443931221,0.0],[74.396624888244801,18.679204093387341,0.0],[74.396978019712989,18.678075741005291,0.0],[74.397128837001532,18.67759383734192,0.0],[74.397526040428275,18.676344973145859,0.0],[74.397673702329698,18.67590177402505,0.0],[74.397716389665973,18.6757746109575,0.0],[74.397745151319427,18.67568893368902,0.0],[74.398049166904016,18.674756740248661,0.0],[74.398120831715218,18.674552593681611,0.0],[74.398388256474163,18.67383262337264,0.0],[74.398767960938741,18.672810357236219,0.0],[74.399147659739981,18.671788089186169,0.0],[74.399491313522176,18.670875721478101,0.0],[74.399595404997896,18.670061708026662,0.0],[74.399719964187625,18.66923379674429,0.0],[74.399834714573018,18.66835873906065,0.0],[74.399901421443403,18.667320903104478,0.0],[74.39996812635907,18.6662830669848,0.0],[74.399961774909343,18.6651989931662,0.0],[74.399955422381879,18.664114918318589,0.0],[74.399949070666565,18.663030844255509,0.0],[74.399942717873444,18.66194676916346,0.0],[74.39992252867269,18.661377925881698,0.0],[74.399915296897461,18.660787888267571,0.0],[74.399919777927849,18.6605087775683,0.0],[74.399926226620195,18.660107159194421,0.0],[74.399921775091812,18.659373011091429,0.0],[74.399973452735608,18.65877562412793,0.0],[74.399950737759355,18.65821994764239,0.0],[74.399902890055714,18.65773791795538,0.0],[74.399891754841278,18.65756289417568,0.0],[74.399881065335919,18.657394866030881,0.0],[74.39986944223368,18.6572121831102,0.0],[74.399817292201504,18.656793273732021,0.0],[74.399712215412237,18.655744291089871,0.0],[74.399700473320735,18.65562706634768,0.0],[74.399542343995748,18.654611967795621,0.0],[74.39948171406887,18.654220346465859,0.0],[74.399413271952568,18.65377826568244,0.0],[74.399301024417824,18.653249447237279,0.0],[74.399330520688977,18.652978603492169,0.0],[74.399310582075216,18.652564195415479,0.0],[74.399315028541125,18.65246400406166,0.0],[74.39933384524376,18.652039973658709,0.0],[74.399361623227591,18.651148324449409,0.0],[74.39938358604924,18.650623292287818,0.0],[74.399429413738275,18.649527735809119,0.0],[74.399535207507824,18.648867375308601,0.0],[74.399577314100682,18.64865614408809,0.0],[74.399728412746398,18.64771249719151,0.0],[74.399739490786757,18.647643309746449,0.0],[74.399732837329367,18.6472746987052,0.0],[74.399725119692519,18.64684712365456,0.0],[74.399699757738503,18.64597125195003,0.0],[74.399532896574826,18.645585289375571,0.0],[74.399403637053254,18.645161631528929,0.0],[74.399376916756964,18.644963541593349,0.0],[74.399347345969545,18.64474432159831,0.0],[74.399550283816424,18.643889105152411,0.0],[74.399643669958721,18.643501317464128,0.0],[74.399743327675566,18.643087479766741,0.0],[74.400142621351847,18.64273440022486,0.0],[74.40060186935068,18.642342959077961,0.0],[74.40135898737843,18.64169762114927,0.0],[74.401580363088598,18.641508927677261,0.0],[74.401885678707103,18.641213628169169,0.0],[74.40208252990864,18.641023232893911,0.0],[74.402293485313578,18.640819196534022,0.0],[74.402470431908085,18.640554812365981,0.0],[74.402667817741801,18.640259888777511,0.0],[74.402678093361033,18.640024045322029,0.0],[74.40269325274231,18.639676081936042,0.0],[74.402695816190885,18.639617252322822,0.0],[74.402595468111429,18.639342306744119,0.0],[74.402492647799207,18.639060588581959,0.0],[74.402415406711086,18.63884895451157,0.0],[74.402399061842189,18.638812756522601,0.0],[74.402200044199176,18.638372023354759,0.0],[74.40216225571568,18.63828833757541,0.0],[74.401971539144853,18.63809178245624,0.0],[74.401479262270314,18.637584316301499,0.0],[74.401166971828687,18.637252541767211,0.0],[74.400895099698161,18.636963704993629,0.0],[74.400755908208225,18.636815827779881,0.0],[74.40074560300522,18.636788790471531,0.0],[74.400652695661478,18.636545039331811,0.0],[74.400636402775078,18.63650229449382,0.0],[74.400636657821778,18.636200852903059,0.0],[74.400755728716888,18.635295982300889,0.0],[74.400784107651248,18.63460325150924,0.0],[74.400842872770582,18.63424469848529,0.0],[74.40097325140151,18.633935099063109,0.0],[74.401110926516779,18.633608169578618,0.0],[74.401226133287096,18.633245972240658,0.0],[74.401336904226,18.632897721140061,0.0],[74.401602172702269,18.63183615730491,0.0],[74.401762719955926,18.63116227686945,0.0],[74.401695821828881,18.63027614591612,0.0],[74.401941549283109,18.63027315404069,0.0],[74.403094191916125,18.630202735918839,0.0],[74.404328136287845,18.630116864332081,0.0],[74.405373891748354,18.630094163190151,0.0],[74.405865091832084,18.63006646114453,0.0],[74.406340275606894,18.63005449876589,0.0],[74.406883257725724,18.630065216561501,0.0],[74.408020173292854,18.630157690137889,0.0],[74.408646912814731,18.63020933676119,0.0],[74.409237973642206,18.63025001142471,0.0],[74.409566748170889,18.630258047763821,0.0],[74.409656859206251,18.630269765908039,0.0],[74.41029124332556,18.630409431662319,0.0],[74.411597015577811,18.63063780345356,0.0],[74.412878948439428,18.630844843409541,0.0],[74.413003271117304,18.630856207621189,0.0],[74.413003758254675,18.630804337473929,0.0],[74.412964953750219,18.629540200614301,0.0],[74.412949870217645,18.629115221544929,0.0],[74.412897063860797,18.627447245995729,0.0],[74.412973507994494,18.626621214940851,0.0],[74.413029924300645,18.62562142815657,0.0],[74.413086339770061,18.624621641231599,0.0],[74.413208977989882,18.623650203981722,0.0],[74.413386742750234,18.622741448320671,0.0],[74.413577028577478,18.621764781634869,0.0],[74.413767312068202,18.620788114595861,0.0],[74.413810288392071,18.620391425887139,0.0],[74.41384064269478,18.619809878297861,0.0],[74.413953654522359,18.618596019438591,0.0],[74.414079610346008,18.617111174220849,0.0],[74.414126846101837,18.616447483920929,0.0],[74.414147556438195,18.616394608368999,0.0],[74.41408201653222,18.615071038767319,0.0],[74.413865225559448,18.61423312050902,0.0],[74.413540356321732,18.61289486199685,0.0],[74.413234868844583,18.611783622040281,0.0],[74.412349453485589,18.611551944354559,0.0],[74.412004366101797,18.611482945221521,0.0],[74.411690879509237,18.609823626616759,0.0],[74.411406490153496,18.608864515001791,0.0],[74.411015018946003,18.607476934965081,0.0],[74.410678011192019,18.606536479514642,0.0],[74.410974117382338,18.60642052149873,0.0],[74.410525263213273,18.60525846706485,0.0],[74.410408137990387,18.605021509240132,0.0],[74.410106956716064,18.604260721069711,0.0],[74.409785377975552,18.60342823672169,0.0],[74.409632105769461,18.602800007818029,0.0],[74.409569835989771,18.602688284892601,0.0],[74.409457856238177,18.602309106619781,0.0],[74.409263887815612,18.601821469289831,0.0],[74.408967074225586,18.60093595033926,0.0],[74.408887501264132,18.600688695276439,0.0],[74.40861152608187,18.59982094054736,0.0],[74.408352573703965,18.599002875650338,0.0],[74.408312638858419,18.598857133207432,0.0],[74.407919178249358,18.597984008789538,0.0],[74.407525720592346,18.597110883578569,0.0],[74.408044783782415,18.59659925752273,0.0],[74.40847451385342,18.59602045884446,0.0],[74.408674710423341,18.59575081509653,0.0],[74.409223713722611,18.595233774630529,0.0],[74.409666609492263,18.594869376571879,0.0],[74.410374293849216,18.594291628156611,0.0],[74.410679191636632,18.59402627904517,0.0],[74.411401467074498,18.593315290558849,0.0],[74.412123736515312,18.592604298180511,0.0],[74.412699516887926,18.591847049639121,0.0],[74.413434179472617,18.590895956929291,0.0],[74.413881424131333,18.590486176301379,0.0],[74.413801769895954,18.59038323586589,0.0],[74.413769689875437,18.590341777750229,0.0],[74.413206322282576,18.588792946134781,0.0],[74.413173287128089,18.588336060584069,0.0],[74.413184197790102,18.587910067135521,0.0],[74.413175058259057,18.58755634180201,0.0],[74.413160535835075,18.58690961809442,0.0],[74.413145030527588,18.586558569758299,0.0],[74.412862230110704,18.585976153459431,0.0],[74.41252294205826,18.58531833989549,0.0],[74.412154688452489,18.584646438725471,0.0],[74.411929284478163,18.584317084985631,0.0],[74.41162029890323,18.5836719538956,0.0],[74.41126108784114,18.583114361052221,0.0],[74.410991100798412,18.582556646848928,0.0],[74.410638944899574,18.58185991049276,0.0],[74.410302507794242,18.581227457256819,0.0],[74.409831940669335,18.580168531705489,0.0],[74.4093580494756,18.57923655811415,0.0],[74.408921833409892,18.578181884439079,0.0],[74.40838225546149,18.576704747743591,0.0],[74.408239036355042,18.576294245817589,0.0],[74.408066469110793,18.575918980074221,0.0],[74.407904044443157,18.57549662973172,0.0],[74.407530612380441,18.574452579486991,0.0],[74.407187574232196,18.573658908040461,0.0],[74.407121318128034,18.57359040271821,0.0],[74.4068077337365,18.57280278083477,0.0],[74.406761871746482,18.572728411693891,0.0],[74.405927574089773,18.57138312567518,0.0],[74.405892183544879,18.571318118936752,0.0],[74.406801382100838,18.570892843099891,0.0],[74.407710576254715,18.570467561831489,0.0],[74.407834446098221,18.570810400519129,0.0],[74.408694493852764,18.570330131043779,0.0],[74.409554536871156,18.56984985748829,0.0],[74.410414575153425,18.56936957985307,0.0],[74.41125366219137,18.568851258080681,0.0],[74.412092743281249,18.56833293150007,0.0],[74.412931820312266,18.56781460192493,0.0],[74.41377089234301,18.567296267545149,0.0],[74.415358271935972,18.56641798942028,0.0],[74.416365443465153,18.56602799169924,0.0],[74.417372609601841,18.565637989360141,0.0],[74.418379772247249,18.565247980601729,0.0],[74.419323668494087,18.564822130446551,0.0],[74.420267559219425,18.564396275418868,0.0],[74.421211446318438,18.563970415524839,0.0],[74.42212872608421,18.56344652009285,0.0],[74.423046000335887,18.562922620019801,0.0],[74.423963269073454,18.56239871530623,0.0],[74.424880532299994,18.561874805048731,0.0],[74.425797790009383,18.561350891055231,0.0],[74.426715042204776,18.560826972422351,0.0],[74.427482576207694,18.560260432149249,0.0],[74.428250106129155,18.559693888586551,0.0],[74.42901763102175,18.559127341731561,0.0],[74.429419867517979,18.558738753576829,0.0],[74.430216113782393,18.55796951465582,0.0],[74.430872074392781,18.557223997195099,0.0],[74.431528030225749,18.556478477245651,0.0],[74.431904886475635,18.555634817295669,0.0],[74.432281739866681,18.5547911573255,0.0],[74.432658589454505,18.55394749642856,0.0],[74.433014018062252,18.552668682458361,0.0],[74.433369442063196,18.55138986750767,0.0],[74.433525760932568,18.550337770436599,0.0],[74.433682078651415,18.549285672167379,0.0],[74.433668967644735,18.548105684544289,0.0],[74.433655857530027,18.546925695877629,0.0],[74.433780231999421,18.545762885283651,0.0],[74.433904605506356,18.54460007351938,0.0],[74.43402897615006,18.54343726238675,0.0],[74.434402170027738,18.542508727787229,0.0],[74.434775360693877,18.54158019225444,0.0],[74.435148546253728,18.540651655782892,0.0],[74.435521728602666,18.539723118378291,0.0],[74.435894905846055,18.538794580035109,0.0],[74.436268079879213,18.537866040759209,0.0],[74.436674707729722,18.536865472480692,0.0],[74.437081329756808,18.535864902188749,0.0],[74.437487947849931,18.53486433169677,0.0],[74.437894560120455,18.533863759191721,0.0],[74.438301168457897,18.53286318648691,0.0],[74.439108463934488,18.531892376239881,0.0],[74.439915751185978,18.530921561301639,0.0],[74.440270461691711,18.530494994465752,0.0],[74.439586302032936,18.530377098854551,0.0],[74.438699657709421,18.530671700672531,0.0],[74.438074958401501,18.530380346685561,0.0],[74.438033747450476,18.530172577305301,0.0],[74.437994469766338,18.529974552785639,0.0],[74.43721557728567,18.5299353454764,0.0],[74.437119775372935,18.529472793508031,0.0],[74.437026398039635,18.5290219481222,0.0],[74.436878627875885,18.528308471448259,0.0],[74.436829029127622,18.528076703172569,0.0],[74.436823347728549,18.528041563582011,0.0],[74.436827011119547,18.528041099109551,0.0],[74.43682490086205,18.528003865257912,0.0],[74.436733197943553,18.527483945231239,0.0],[74.436709998388196,18.527037429085581,0.0],[74.436663668208709,18.52614570380193,0.0],[74.436660244693272,18.525938127139032,0.0],[74.436659971902884,18.52592161608662,0.0],[74.436656914363098,18.525736233713531,0.0],[74.436650055023605,18.5256083483868,0.0],[74.436646838728336,18.525548394736681,0.0],[74.436530242246747,18.525452388512029,0.0],[74.436142553427771,18.524962103548241,0.0],[74.436160301013814,18.524508748482159,0.0],[74.436178500295227,18.524043859801719,0.0],[74.436357147077146,18.523636130958469,0.0],[74.436329604916523,18.523428432627821,0.0],[74.436276398604832,18.523027187501931,0.0],[74.436048224913932,18.522675414883341,0.0],[74.435702084949369,18.522498451436249,0.0],[74.435267591611094,18.522553363736229,0.0],[74.43462746561589,18.522514025958039,0.0],[74.434183458547977,18.522614010410351,0.0],[74.433810425372428,18.52241349914312,0.0],[74.433698792216589,18.522209002876721,0.0],[74.433505116751235,18.52185421440684,0.0],[74.433727407034539,18.52121239355618,0.0],[74.433747918110214,18.521153169772859,0.0],[74.434010758949555,18.521105858539489,0.0],[74.434362932139479,18.52115054782012,0.0],[74.435124198554263,18.521523814372031,0.0],[74.435311229707153,18.52139720496519,0.0],[74.435493408565875,18.521273879673011,0.0],[74.435760657422634,18.52106710363644,0.0],[74.435945848426925,18.520923816962071,0.0],[74.436332037979824,18.520120109440779,0.0],[74.436280968739467,18.52002919510895,0.0],[74.436056637347804,18.51962982914733,0.0],[74.435716092719915,18.519493412505511,0.0],[74.435429132143767,18.519235505603,0.0],[74.435087898908662,18.51880882700015,0.0],[74.434791177128474,18.51851354853223,0.0],[74.434683762551643,18.518406655540449,0.0],[74.434270304177701,18.518201227175769,0.0],[74.433887214016593,18.518010886162539,0.0],[74.433434058025739,18.517653591655559,0.0],[74.433231020070536,18.517620465237471,0.0],[74.433138866619458,18.517598978213599,0.0],[74.433024442106841,18.51757229813477,0.0],[74.432846127490478,18.517565850895021,0.0],[74.432817698587044,18.51756520257479,0.0],[74.432696933065301,18.517562448015969,0.0],[74.432538299138869,18.517563282532858,0.0],[74.432477626365312,18.51756395181609,0.0],[74.432260749440374,18.517566973775931,0.0],[74.431988638157463,18.51754211970821,0.0],[74.431995955966102,18.517464843238312,0.0],[74.432239999413312,18.516233738120619,0.0],[74.432345120751151,18.516244287183561,0.0],[74.432527260393513,18.516242699991029,0.0],[74.432716720886205,18.5162700040175,0.0],[74.432903612088282,18.516254487202911,0.0],[74.433636684183668,18.516279767481379,0.0],[74.43402986902403,18.516344304076611,0.0],[74.434343536635083,18.51641293836926,0.0],[74.434861587141214,18.515765287595251,0.0],[74.43491370582494,18.51507802372268,0.0],[74.434682085320446,18.514499501546432,0.0],[74.434315062595402,18.514026075122889,0.0],[74.433711872672703,18.513219744948699,0.0],[74.433227755203589,18.513291536310351,0.0],[74.432951740277559,18.513440521387668,0.0],[74.432454596745217,18.513516872836149,0.0],[74.431919436902291,18.51350340321617,0.0],[74.431525751655101,18.513279651033951,0.0],[74.43129567825936,18.512594862243638,0.0],[74.430822744499167,18.512091540935049,0.0],[74.4310803313722,18.511628559296419,0.0],[74.431702390099488,18.51058923486854,0.0],[74.432127553021473,18.510214928675381,0.0],[74.432497107179913,18.510149519477199,0.0],[74.433065543472907,18.51015553134792,0.0],[74.433489693033025,18.510052867305259,0.0],[74.433756241027822,18.509908156714339,0.0],[74.433990037841966,18.509330367308021,0.0],[74.433917304976546,18.509028640370389,0.0],[74.433855905993809,18.50881747268857,0.0],[74.433234544151716,18.508529487017778,0.0],[74.43172103566593,18.508238822492171,0.0],[74.430435409172148,18.508015299775831,0.0],[74.4286957369671,18.50759391786994,0.0],[74.427970864317956,18.50733764339099,0.0],[74.427604851151656,18.50674299339294,0.0],[74.427838857964431,18.506242767596159,0.0],[74.428025371634973,18.506229913114119,0.0],[74.428651863308318,18.506134036892881,0.0],[74.429464176991118,18.50604650417197,0.0],[74.429372541657912,18.505107593276499,0.0],[74.429662622175556,18.50402975084911,0.0],[74.430349936296253,18.5025124196445,0.0],[74.431389522582677,18.502196039837472,0.0],[74.432429104254823,18.501879654202622,0.0],[74.433222638463675,18.501811815953999,0.0],[74.433291165003922,18.501813002685399,0.0],[74.433839027046062,18.501706872965102,0.0],[74.434996545717084,18.50147944429828,0.0],[74.435971024349797,18.501335227303741,0.0],[74.436047465612035,18.501318701717441,0.0],[74.437099309450502,18.50119122058603,0.0],[74.438289284117943,18.501045878179202,0.0],[74.43947925794015,18.50090052823656,0.0],[74.43976485033096,18.500863801868409,0.0],[74.440063681852294,18.500826828642449,0.0],[74.441543030901073,18.500679847044591,0.0],[74.443261827960399,18.500438743458421,0.0],[74.44425169769913,18.500242593812128,0.0],[74.445743110812217,18.499789836842819,0.0],[74.446691176900814,18.499476656548481,0.0],[74.447639240610158,18.499163471406661,0.0],[74.448587300045517,18.498850281412079,0.0],[74.449619603054387,18.49846790563652,0.0],[74.450651900670849,18.498085524092492,0.0],[74.45155962969983,18.49790247052702,0.0],[74.452538040878835,18.49774329253508,0.0],[74.453516450392954,18.497584108531861,0.0],[74.45411577899354,18.497363211540559,0.0],[74.45498712934058,18.49654795683837,0.0],[74.455711206295732,18.495967201473611,0.0],[74.455917506045822,18.495940636733931,0.0],[74.456514186275641,18.495573971864658,0.0],[74.457503019815974,18.495085097922971,0.0],[74.458491848802382,18.49459621774503,0.0],[74.458035655863441,18.494086244959512,0.0],[74.457639430244171,18.493714588243581,0.0],[74.456830836188217,18.492861006810092,0.0],[74.456748304900486,18.49229483799618,0.0],[74.45786434885882,18.49180334945407,0.0],[74.459128501232684,18.49132462845272,0.0],[74.45957774279276,18.490680096989831,0.0],[74.459702220064798,18.490289262277201,0.0],[74.459720356570188,18.490056350676589,0.0],[74.459665614924006,18.489363695949979,0.0],[74.459610746214864,18.489152547021359,0.0],[74.459636385262954,18.489006197894341,0.0],[74.459614760251327,18.488890979440878,0.0],[74.459516903536837,18.488531812323789,0.0],[74.459279935686823,18.488037299224761,0.0],[74.459008759673409,18.487775067657061,0.0],[74.459103802437198,18.486406479844991,0.0],[74.459148528080377,18.486383253761531,0.0],[74.459208818818297,18.486209201351961,0.0],[74.45939665301286,18.486008544077809,0.0],[74.45941147436605,18.48527313427148,0.0],[74.459394581954214,18.48513562835398,0.0],[74.459326413422517,18.48439515084543,0.0],[74.45919307757795,18.48375503158811,0.0],[74.459045043108986,18.482605218950049,0.0],[74.458989958861267,18.482494423743681,0.0],[74.458907410748196,18.4823283865795,0.0],[74.458898798560284,18.482265689833749,0.0],[74.458879832026412,18.482142500216479,0.0],[74.45887717307464,18.482048375949539,0.0],[74.458859180523987,18.48187983350762,0.0],[74.45898808091475,18.481545967134469,0.0],[74.459068830931258,18.481257844764912,0.0],[74.459093458818913,18.48111771163985,0.0],[74.459196944925679,18.480763370430669,0.0],[74.459251010801893,18.48044481357821,0.0],[74.459274876132156,18.480199176544421,0.0],[74.459244405533923,18.479606661217179,0.0],[74.459148897423702,18.47917416175066,0.0],[74.458792012487976,18.478441741601092,0.0],[74.458759468082647,18.478026835040659,0.0],[74.458645645119233,18.477667525831759,0.0],[74.458469948648698,18.477116104369181,0.0],[74.457227356039809,18.477113204720101,0.0],[74.455984763703825,18.477110296921939,0.0],[74.455171998332617,18.47703542350056,0.0],[74.45447356227227,18.476944372707329,0.0],[74.453800171760079,18.476753763615221,0.0],[74.453393764974251,18.476624514225389,0.0],[74.452191515583408,18.476223718629999,0.0],[74.450847072587479,18.475897491445568,0.0],[74.450216642840118,18.475623751113289,0.0],[74.449998041273432,18.475433780809318,0.0],[74.449041708918045,18.475007677316231,0.0],[74.448085380448461,18.474581569098081,0.0],[74.447460357582202,18.474200859855429,0.0],[74.447266554957096,18.47405357860795,0.0],[74.446397232208824,18.47335985732801,0.0],[74.445982919643086,18.473024899288792,0.0],[74.444977315979671,18.47247898132731,0.0],[74.444786017175957,18.472363413348649,0.0],[74.444376572926572,18.47211605831475,0.0],[74.444013375864145,18.471903620284259,0.0],[74.443717342987895,18.471768724684772,0.0],[74.443430051865121,18.471667249170061,0.0],[74.442557324469533,18.47104268188453,0.0],[74.441790752094477,18.470370004006131,0.0],[74.441543758023599,18.469868169960691,0.0],[74.441193942826303,18.469332746962159,0.0],[74.44113607732811,18.469244178017181,0.0],[74.440806835211589,18.468929700085319,0.0],[74.440470204487852,18.468571523466402,0.0],[74.44023891847047,18.468282716543261,0.0],[74.439597222933557,18.467568109842329,0.0],[74.439517756593531,18.467451413121481,0.0],[74.439400963167003,18.467309249376669,0.0],[74.439241418595657,18.46715243797432,0.0],[74.439026740273093,18.466968240366839,0.0],[74.438451269249299,18.466146282700858,0.0],[74.4381528158316,18.465724444121641,0.0],[74.437820801425985,18.465232255245741,0.0],[74.437743683265737,18.46504781794043,0.0],[74.43752300740482,18.464520048667829,0.0],[74.437334653672622,18.4639782181873,0.0],[74.437078068059819,18.463301332036771,0.0],[74.436831386622899,18.46268875758993,0.0],[74.436602759891912,18.462192931424958,0.0],[74.436436097782803,18.461848928092699,0.0],[74.436364340658685,18.461718004834111,0.0],[74.436262462596332,18.461522738278941,0.0],[74.436150475443625,18.461334498362412,0.0],[74.436031699373402,18.461128439944119,0.0],[74.435737124538392,18.46056888318963,0.0],[74.435609437879265,18.460311431357969,0.0],[74.435472474674853,18.460034393908671,0.0],[74.435275605443891,18.459553384298491,0.0],[74.435148924348326,18.45925068352944,0.0],[74.434994610981562,18.458914185532731,0.0],[74.434778032244012,18.458380487452398,0.0],[74.43448800841638,18.457695297217931,0.0],[74.434218147121385,18.45700883361949,0.0],[74.433991435169531,18.45643429307955,0.0],[74.43374067906538,18.455711887144592,0.0],[74.433655637435834,18.455443790938642,0.0],[74.43364349401773,18.45540550556677,0.0],[74.43357920235681,18.455214233412011,0.0],[74.43340839719032,18.454763366858639,0.0],[74.433294457922543,18.45419237802211,0.0],[74.433211002560554,18.453594526601901,0.0],[74.43288106856464,18.45250893428414,0.0],[74.432551138527501,18.45142334228472,0.0],[74.43230497230833,18.45081615098896,0.0],[74.432180117347173,18.4503214127738,0.0],[74.433386041126241,18.44995638247973,0.0],[74.434591959066665,18.449591344364631,0.0],[74.435606249695354,18.449299809079282,0.0],[74.436620536102495,18.449008267362871,0.0],[74.437634820178872,18.448716720125201,0.0],[74.43781438107689,18.44867141678656,0.0],[74.438771017338738,18.448412141184608,0.0],[74.438464820097821,18.447526481103178,0.0],[74.438110613922106,18.446639417560721,0.0],[74.43774497592284,18.445775768237301,0.0],[74.43752779267416,18.445308822863531,0.0],[74.43731328672709,18.444843921418229,0.0],[74.437291849877383,18.444775545105141,0.0],[74.436927692866561,18.443448071491549,0.0],[74.436640142194562,18.442381071885158,0.0],[74.436352919532752,18.441214219661241,0.0],[74.43520264336432,18.441527125195361,0.0],[74.434052363220658,18.441840023634398,0.0],[74.433938714144915,18.44145554270607,0.0],[74.433914010767367,18.441281124910621,0.0],[74.433753221361172,18.440145900948419,0.0],[74.433708953952518,18.43983335771653,0.0],[74.433637973851049,18.439353779981769,0.0],[74.433555254995881,18.438813424545369,0.0],[74.433521902123289,18.438355420358789,0.0],[74.433482557971843,18.43789801826415,0.0],[74.433444277157193,18.437457744278479,0.0],[74.43342186478516,18.437371937797359,0.0],[74.433367118595058,18.437033714569701,0.0],[74.433288715478426,18.436648300837611,0.0],[74.433243438847541,18.436261917701799,0.0],[74.433202841206324,18.43600120025885,0.0],[74.433180938582012,18.435778175948069,0.0],[74.433119030808228,18.435230202855131,0.0],[74.433025475438455,18.434844717515642,0.0],[74.432893773090669,18.43421678112615,0.0],[74.432809632165487,18.433688648283251,0.0],[74.432610914161344,18.432555829240279,0.0],[74.432412198549187,18.43142300902165,0.0],[74.431779440171411,18.431282420180398,0.0],[74.431758025876277,18.43120860160095,0.0],[74.431648144782443,18.43082983243896,0.0],[74.431448608792081,18.430243738826839,0.0],[74.431345515908006,18.429978296762751,0.0],[74.431221958768802,18.42963167478511,0.0],[74.43111021959497,18.429400745842901,0.0],[74.431139096763715,18.427825821338889,0.0],[74.430668413490949,18.42700205871941,0.0],[74.430197733668635,18.426178295884949,0.0],[74.429727059193326,18.425354531937529,0.0],[74.429256389120681,18.424530765970768,0.0],[74.428785722497651,18.423706999789498,0.0],[74.428310839886137,18.42234733047297,0.0],[74.427250387256791,18.421641571683399,0.0],[74.42637341064885,18.421150040237649,0.0],[74.425496438155662,18.42065850485114,0.0],[74.424540215712923,18.419999486763,0.0],[74.423584000619016,18.41934046491966,0.0],[74.42262779287995,18.41868143751401,0.0],[74.42255102034845,18.41866973691025,0.0],[74.421556609035477,18.418409564217701,0.0],[74.420562200855045,18.418149387298929,0.0],[74.419567795813407,18.41788920434659,0.0],[74.418573393907835,18.417629016264701,0.0],[74.417650198042551,18.417358670366401,0.0],[74.416727005182125,18.417088320958062,0.0],[74.415244646908263,18.416638237065261,0.0],[74.415051496232977,18.41661816406868,0.0],[74.415027937926666,18.416615716383141,0.0],[74.413867221378311,18.41647442634299,0.0],[74.412706507885957,18.416333129265119,0.0],[74.411545795556506,18.416191825143869,0.0],[74.410385085337197,18.41605051398226,0.0],[74.409802351324842,18.416032161773231,0.0],[74.407966247664802,18.416007954172219,0.0],[74.406749628054783,18.415924782433692,0.0],[74.405054373297332,18.416289076503599,0.0],[74.404362373847675,18.416503542057079,0.0],[74.403857191387772,18.41626490824564,0.0],[74.402592299375755,18.415943420950061,0.0],[74.401802093566047,18.415742576394791,0.0],[74.400756266921846,18.41531632022183,0.0],[74.399710445579004,18.414890057516661,0.0],[74.399372221592145,18.414991558295959,0.0],[74.399108788585451,18.415070613621129,0.0],[74.398525521652346,18.41524564784212,0.0],[74.398380465089744,18.416251001548769,0.0],[74.398235407611509,18.41725635408979,0.0],[74.398241870989267,18.418300756290151,0.0],[74.398250119606487,18.419633673684011,0.0],[74.398250155280991,18.419639480611231,0.0],[74.398302185610206,18.42094094021699,0.0],[74.398333218430949,18.42171719209405,0.0],[74.398315938401552,18.42312727096612,0.0],[74.398345741322473,18.423456935630639,0.0],[74.398393633287995,18.424625657356479,0.0],[74.398441525648991,18.425794379849702,0.0],[74.398625047575848,18.42698205029761,0.0],[74.398660835634402,18.427135794201298,0.0],[74.398663431381138,18.427371879750648,0.0],[74.398665601725085,18.427569354310709,0.0],[74.398668285082337,18.427813467533149,0.0],[74.397914732697927,18.427750588606241,0.0],[74.396472923992903,18.427882492825631,0.0],[74.395539037363349,18.428128879746179,0.0],[74.395005957918485,18.428047010181771,0.0],[74.393724843919316,18.42770763424873,0.0],[74.392805958401482,18.427299733945159,0.0],[74.392174112310201,18.427198271134969,0.0],[74.391428626659703,18.42715311378171,0.0],[74.3914160173412,18.427351128309361,0.0],[74.391394096061006,18.42769536490259,0.0],[74.391319486110703,18.428998675765069,0.0],[74.391244873777083,18.43030198638489,0.0],[74.39100875943943,18.431263954382509,0.0],[74.390835087460516,18.432362991054259,0.0],[74.390661414003375,18.433462027379651,0.0],[74.390730408996546,18.434376471279808,0.0],[74.390758113854062,18.435464781360341,0.0],[74.390283326482532,18.437098871306421,0.0],[74.389859437878158,18.437797743741061,0.0],[74.389842008312201,18.438977043844201,0.0],[74.388398417499118,18.439596945398652,0.0],[74.388438022831693,18.4401641477636,0.0],[74.388816665918696,18.441747146155969,0.0],[74.387774460807762,18.442113262202049,0.0],[74.386732252390345,18.442479371480189,0.0],[74.386430171704163,18.44257972595112,0.0],[74.385320953500525,18.442907913043019,0.0],[74.384211731276125,18.4432360926121,0.0],[74.382750225075469,18.443222639809068,0.0],[74.381549232146,18.443442520557159,0.0],[74.380746847334677,18.443831031517082,0.0],[74.37954071465083,18.443483704904089,0.0],[74.378334587988206,18.443136370757848,0.0],[74.377128465449999,18.442789029976389,0.0],[74.376923522089839,18.442736171126651,0.0],[74.375778582528639,18.442433571861368,0.0],[74.374038335314907,18.442483114426381,0.0],[74.373012798400964,18.442468350147021,0.0],[74.371987262787727,18.442453581237,0.0],[74.371115341881648,18.441481590885399,0.0],[74.370410899244717,18.44118800615156,0.0],[74.369417932429982,18.440716249308959,0.0],[74.368424972111328,18.440244487413331,0.0],[74.367432016391561,18.439772721362591,0.0],[74.366439067171243,18.439300949355928,0.0],[74.365409677108843,18.43883160903113,0.0],[74.364556579878752,18.43833139395824,0.0],[74.364256150510968,18.437667007646279,0.0],[74.363851867130037,18.437781772260291,0.0],[74.363800962389732,18.43788939703402,0.0],[74.36273899362692,18.43705268778557,0.0],[74.361949420636378,18.43632723628378,0.0],[74.36139729355979,18.435818797670851,0.0],[74.36088675607779,18.43532616272358,0.0],[74.360080061339659,18.43461965705573,0.0],[74.359273374155364,18.433913149015542,0.0],[74.358466692637464,18.43320663678945,0.0],[74.358267970159787,18.432958789213789,0.0],[74.357872742722293,18.432464607563229,0.0],[74.357324432217766,18.43181068397719,0.0],[74.356801959011591,18.431205689256188,0.0],[74.355932265574609,18.430579192376811,0.0],[74.355062579446368,18.429952690765461,0.0],[74.353578327046307,18.429515551110072,0.0],[74.352212901992715,18.428848009722781,0.0],[74.350745617176585,18.427981934821229,0.0],[74.349886063096235,18.427472997293751,0.0],[74.349339741104359,18.426485377630819,0.0],[74.348951442144411,18.425405718974741,0.0],[74.348563147828102,18.42432605955343,0.0],[74.348174859101903,18.423246399370331,0.0],[74.348078823126372,18.423251724689759,0.0],[74.34745173688475,18.42232840378631,0.0],[74.34685195659911,18.422568637595159,0.0],[74.346005359119189,18.422930214889579,0.0],[74.34574047624308,18.423081869174911,0.0],[74.344962871363791,18.423239119441,0.0],[74.343756734679502,18.423585001071249,0.0],[74.342550592469237,18.42393087397074,0.0],[74.34134444662368,18.42427673904923,0.0],[74.340336567937172,18.424239193041011,0.0],[74.339328689872673,18.424201641697419,0.0],[74.338379477103217,18.423781962524281,0.0],[74.337430269067767,18.42336227873384,0.0],[74.336561219013007,18.424178779421862,0.0],[74.336335604421038,18.42455989402022,0.0],[74.336168420401165,18.426114796094041,0.0],[74.335950429820613,18.426481969775821,0.0],[74.335122214940824,18.427390253949369,0.0],[74.333625067485329,18.427900942862411,0.0],[74.333002579450451,18.427882357451839,0.0],[74.332693153547154,18.4290655110389,0.0],[74.332125394200332,18.429359152018591,0.0],[74.331463986492977,18.430114645197289,0.0],[74.330826182835963,18.430841014497719,0.0],[74.329480385573888,18.431040226428511,0.0],[74.328803926121125,18.430510509691359,0.0],[74.328641978464077,18.430509937116891,0.0],[74.328517674306269,18.43088235469251,0.0],[74.327476718645485,18.431722617346921,0.0],[74.32691534647617,18.4318689163368,0.0],[74.326069662023144,18.432003983836591,0.0],[74.324704894581998,18.431593679258519,0.0],[74.324136645269675,18.431721574528371,0.0],[74.324095856163183,18.43163350760058,0.0],[74.322958096491107,18.430383439563851,0.0],[74.322416726088889,18.4287101453282,0.0],[74.322339815144588,18.428472424462129,0.0],[74.321846747273298,18.42734026230703,0.0],[74.321581565623219,18.426486236762901,0.0],[74.321454644597338,18.426167992381259,0.0],[74.321260044948019,18.425953999347481,0.0],[74.321128453236412,18.42590235826847,0.0],[74.319436258348162,18.42585552598306,0.0],[74.318766074912091,18.425624071885728,0.0],[74.317761588474454,18.425414171788429,0.0],[74.316787949070843,18.425364343287061,0.0],[74.315814310402743,18.425314510715271,0.0],[74.314777620014539,18.42490245701827,0.0],[74.313740934732479,18.42449039780556,0.0],[74.312854803065349,18.423780888933301,0.0],[74.311908485425022,18.424352192814911,0.0],[74.310734166916276,18.423970478035081,0.0],[74.309559853820943,18.42358875614886,0.0],[74.308577499475476,18.423978218011179,0.0],[74.308005343076132,18.424131932542771,0.0],[74.306543288507171,18.42385145580981,0.0],[74.305989261707609,18.424281261858599,0.0],[74.305898102289078,18.424996442980198,0.0],[74.305279158218198,18.425576199845199,0.0],[74.303657813051473,18.426128053269601,0.0],[74.303490312990135,18.42687307277469,0.0],[74.303475446766754,18.42780776310498,0.0],[74.302803105898136,18.427999693885329,0.0],[74.302374141898255,18.42827239532712,0.0],[74.301871225564284,18.427615232633809,0.0],[74.30125759038873,18.42758014437667,0.0],[74.300869737598205,18.428459852270329,0.0],[74.300033529277854,18.428493682422481,0.0],[74.299621836708909,18.42881944539057,0.0],[74.299472232069704,18.429332588672072,0.0],[74.299434156313879,18.429586195832901,0.0],[74.299513325360479,18.429803136745299,0.0],[74.299405111000041,18.42979768992986,0.0],[74.299182833277371,18.429674414340958,0.0],[74.298865712249622,18.42959928093023,0.0],[74.297960968257527,18.42964719510849,0.0],[74.296904164248716,18.430337036516971,0.0],[74.296275027807283,18.430411849578871,0.0],[74.296126464432561,18.430963453528751,0.0],[74.295983524628497,18.429813799975719,0.0],[74.295133618041746,18.429795695676461,0.0],[74.294136772926848,18.428617982900519,0.0],[74.294023617804939,18.42968742507405,0.0],[74.293846882456819,18.42999467807374,0.0],[74.292815645880964,18.430170524377651,0.0],[74.292697338259828,18.431155786349262,0.0],[74.292547610837445,18.431370246619721,0.0],[74.291384657743862,18.43181606452735,0.0],[74.291516300314541,18.432537083674461,0.0],[74.290726783840668,18.432888680909191,0.0],[74.290807070236085,18.433283825999119,0.0],[74.289985091814273,18.433528901796091,0.0],[74.289678254956584,18.43346587119024,0.0],[74.289489329445075,18.43329220935421,0.0],[74.289536658075576,18.432854357617419,0.0],[74.289450542604257,18.43254592389118,0.0],[74.289254286922315,18.432300496976509,0.0],[74.288774741152181,18.43213258052009,0.0],[74.288586286584703,18.43222413278734,0.0],[74.288516387011256,18.432389334339302,0.0],[74.287965488315081,18.432502047371241,0.0],[74.287716743859121,18.43201332770747,0.0],[74.287141738305635,18.432038895286482,0.0],[74.286108841935231,18.431931204744071,0.0],[74.286002802781539,18.43240033360016,0.0],[74.285846251871547,18.432503206167819,0.0],[74.285446049371686,18.432766183973829,0.0],[74.285120011989918,18.432578473324089,0.0],[74.284871604425234,18.432452883950951,0.0],[74.284478625149788,18.432346769672709,0.0],[74.284037690488162,18.432458961996861,0.0],[74.283677361023265,18.43269112332905,0.0],[74.283706820008561,18.433139657126119,0.0],[74.283489333969939,18.433331231064269,0.0],[74.282207169805261,18.43406583976526,0.0],[74.282368650114464,18.434941582238039,0.0],[74.281532390862012,18.43529598842596,0.0],[74.281215678035807,18.435611354135901,0.0],[74.280808705760649,18.436117568918199,0.0],[74.280792991150676,18.43656389635121,0.0],[74.280858380044776,18.436743198130628,0.0],[74.28180828858325,18.437962549283998,0.0],[74.282048047378865,18.43803893616678,0.0],[74.282619720188947,18.43808112466979,0.0],[74.282830116826503,18.438825531865199,0.0],[74.282578000849483,18.439330832338818,0.0],[74.282456438384997,18.439612559096339,0.0],[74.282875068892579,18.440024813388121,0.0],[74.282933166261088,18.44019924185384,0.0],[74.282566508819755,18.4405540671222,0.0],[74.282234730307579,18.440465591972441,0.0],[74.281908607498224,18.43963026232602,0.0],[74.281448637380308,18.439727375210438,0.0],[74.280538368325779,18.439662751614719,0.0],[74.280509455933654,18.440308357811901,0.0],[74.279671143850777,18.440008801538841,0.0],[74.279338617219153,18.44033052572393,0.0],[74.278666708257717,18.440098682453829,0.0],[74.278111276940308,18.439799072818531,0.0],[74.277652630060544,18.44133316814246,0.0],[74.277698844906851,18.441402462160269,0.0],[74.278167345271285,18.441504777781439,0.0],[74.278590796186137,18.44141016510379,0.0],[74.279285387261908,18.441419045752681,0.0],[74.279242545929023,18.44256374875463,0.0],[74.279632924767768,18.442618881323298,0.0],[74.279752897394914,18.443258208948421,0.0],[74.280272775095924,18.44365169608626,0.0],[74.279849147283016,18.443728308692311,0.0],[74.278887028422034,18.44376147406884,0.0],[74.278425326786916,18.444193195920072,0.0],[74.277797002682163,18.4440770576402,0.0],[74.277610353067914,18.44322434858303,0.0],[74.277133729014579,18.443132964089742,0.0],[74.276717841258218,18.44304698759769,0.0],[74.277272651218794,18.4422498864385,0.0],[74.276371313942263,18.441777480897251,0.0],[74.27582069118651,18.442418092323759,0.0],[74.275425531417682,18.442233480338611,0.0],[74.275703051187364,18.44149303109538,0.0],[74.275013768434249,18.44202839712764,0.0],[74.274622206792259,18.441399968671568,0.0],[74.273106863998976,18.441374872215501,0.0],[74.273708664917237,18.44236814178505,0.0],[74.273013252692863,18.44279629398347,0.0],[74.272164021482752,18.443319141866379,0.0],[74.272765332972753,18.443869231157091,0.0],[74.272263882332112,18.44388321573291,0.0],[74.271078583228004,18.44383858230751,0.0],[74.269893285018213,18.443793941498189,0.0],[74.268844651643562,18.44376646004843,0.0],[74.267796018824029,18.443738972814462,0.0],[74.266747385613073,18.443711479792519,0.0],[74.26794427761719,18.443221251353361,0.0],[74.267088650092759,18.441824452894981,0.0],[74.26747298269602,18.441429169609439,0.0],[74.267388545643868,18.441133821089199,0.0],[74.267209765731593,18.441243130513591,0.0],[74.266613549149568,18.44025784962399,0.0],[74.265667336670035,18.44086265071844,0.0],[74.265603519067,18.44077629777253,0.0],[74.265540909554105,18.440667497305569,0.0],[74.266302494188622,18.439908189788429,0.0],[74.265452836463126,18.4393551857593,0.0],[74.264603183309134,18.43880217717701,0.0],[74.264869947975043,18.43831202371495,0.0],[74.264228293486696,18.437250271345011,0.0],[74.264134594738223,18.43706119791166,0.0],[74.263306963713674,18.436610990017659,0.0],[74.263056301768188,18.43545373482754,0.0],[74.26280564194137,18.43429648018471,0.0],[74.263106928170899,18.432778323229751,0.0],[74.263682921923433,18.432603554312859,0.0],[74.263609766385244,18.432013450329141,0.0],[74.262204588945039,18.431891635238919,0.0],[74.261326262633801,18.430813568095651,0.0],[74.261082018538488,18.429840611617141,0.0],[74.26083777604849,18.42886765391502,0.0],[74.259721800284581,18.429074868162221,0.0],[74.259179120212821,18.429182862445611,0.0],[74.258951168200227,18.43016720162554,0.0],[74.258723212439165,18.4311515403352,0.0],[74.256975984795517,18.431015432679171,0.0],[74.255425795784959,18.4317944394577,0.0],[74.255261103511828,18.432938338181049,0.0],[74.255096409717225,18.434082236551308,0.0],[74.25493171250703,18.435226134560949,0.0],[74.254323211977422,18.435348800421249,0.0],[74.253767918568087,18.43446097825775,0.0],[74.253212630746603,18.433573154590409,0.0],[74.252657348516365,18.432685328515781,0.0],[74.253043885950873,18.431456695801259,0.0],[74.252495518048946,18.43050126532065,0.0],[74.251890986123144,18.431030224555379,0.0],[74.251633734459816,18.43180461799783,0.0],[74.25135271620367,18.432717919307251,0.0],[74.25107169575324,18.433631220011399,0.0],[74.250790672161443,18.434544520106432,0.0],[74.250716689263271,18.434601019522209,0.0],[74.249468415765705,18.43509080948736,0.0],[74.248220136407099,18.43558059187237,0.0],[74.247877149498592,18.43460837678937,0.0],[74.247534167203185,18.433636161130149,0.0],[74.246660889971494,18.432881093545969,0.0],[74.245787621345372,18.43212602125892,0.0],[74.245177131664079,18.432181771823998,0.0],[74.243896786423932,18.432985408254162,0.0],[74.244482038241742,18.433647868034871,0.0],[74.244105700072353,18.43395637575804,0.0],[74.243767176670005,18.435193153812332,0.0],[74.243014850020941,18.43630576929332,0.0],[74.242946039855539,18.436375863370181,0.0],[74.242082619496969,18.436746766485161,0.0],[74.24161708838615,18.43650986366692,0.0],[74.240663338826252,18.43625049464546,0.0],[74.239709592307022,18.435991120024081,0.0],[74.238755848824781,18.435731740706771,0.0],[74.237802108375647,18.43547235759743,0.0],[74.236848370021036,18.435212968885001,0.0],[74.235894635650922,18.434953575481039,0.0],[74.234715157353733,18.434869919587229,0.0],[74.233535679539031,18.434786257304761,0.0],[74.23235620316234,18.434702586830131,0.0],[74.231176729167032,18.434618909070931,0.0],[74.229940986874738,18.434491491599321,0.0],[74.228705247671257,18.434364066151449,0.0],[74.227469509663408,18.43423663271976,0.0],[74.226301265900844,18.43427188232987,0.0],[74.225133021952942,18.434307124731951,0.0],[74.223964777820314,18.43434235992591,0.0],[74.222796532556586,18.434377587907839,0.0],[74.221728165606081,18.43444165126402,0.0],[74.220659799058964,18.434505707677001,0.0],[74.21959143101374,18.434569758946399,0.0],[74.218514358923144,18.434295338167981,0.0],[74.217437290479509,18.43402091230103,0.0],[74.216360226634237,18.43374648044599,0.0],[74.215438427007527,18.433341382297289,0.0],[74.214516632791685,18.43293627982052,0.0],[74.213594843035764,18.432531173915859,0.0],[74.212673056801293,18.432126062772191,0.0],[74.211751275977946,18.431720947301461,0.0],[74.210621431622158,18.431651567589409,0.0],[74.209491589392542,18.43158218209398,0.0],[74.208361748350981,18.4315127890039,0.0],[74.207398014157121,18.431743656317568,0.0],[74.206434276633544,18.431974518631669,0.0],[74.205470537669953,18.432205376857691,0.0],[74.204506795381292,18.432436229180031,0.0],[74.203543051657306,18.43266707651016,0.0],[74.202579305551353,18.43289791884397,0.0],[74.201763239441902,18.43207173543296,0.0],[74.200947181111829,18.431245548739462,0.0],[74.199586866291838,18.43104823487705,0.0],[74.198226554028338,18.430850911377359,0.0],[74.19712381922055,18.430651844323439,0.0],[74.196021087211193,18.430452770957078,0.0],[74.19491835800477,18.43025369037478,0.0],[74.193815631593267,18.430054604384171,0.0],[74.192877623457377,18.429540448887831,0.0],[74.192400565407397,18.429278954272029,0.0],[74.191939621025611,18.429026289847929,0.0],[74.191001624302118,18.428512126361099,0.0],[74.190063633291174,18.42799795752407,0.0],[74.188886681870017,18.427350218642459,0.0],[74.18770973947467,18.426702471858889,0.0],[74.186390127351743,18.426877334001858,0.0],[74.185070512944279,18.427052186866678,0.0],[74.184832424471651,18.427107752354051,0.0],[74.183656651708418,18.427042202502189,0.0],[74.182636830140837,18.4269793772824,0.0],[74.181344660952661,18.427807971637851,0.0],[74.180171139555171,18.427778286823969,0.0],[74.179426204510321,18.428727883529589,0.0],[74.178992974873708,18.429926617584329,0.0],[74.178559738916718,18.43112535026561,0.0],[74.177645106494765,18.43136048100045,0.0],[74.176730470810455,18.43159560812482,0.0],[74.175815832815232,18.43183073073876,0.0],[74.174901193460371,18.432065847942589,0.0],[74.17398655084385,18.432300961535262,0.0],[74.17307190686374,18.432536070621179,0.0],[74.172157259631021,18.432771174288199,0.0],[74.171242611030848,18.433006274351769,0.0],[74.170327959174074,18.4332413698998,0.0],[74.169225812954068,18.432540632317121,0.0],[74.167654609095237,18.43232755394434,0.0],[74.166652893808887,18.432192145126258,0.0],[74.165651181264209,18.432056731086639,0.0],[74.164649470514746,18.431921311821391,0.0],[74.163980014579607,18.431092479520839,0.0],[74.163334897548054,18.430293771093851,0.0],[74.163310564990965,18.430263645043869,0.0],[74.162641121748365,18.429434808390798,0.0],[74.161689043781465,18.429015437262301,0.0],[74.1607369715435,18.42859606152976,0.0],[74.15981630591061,18.428260408453539,0.0],[74.158895644018799,18.42792475104428,0.0],[74.157304059163536,18.42736960007392,0.0],[74.15599745592273,18.426934983704029,0.0],[74.15469085959711,18.426500358587329,0.0],[74.153232498350278,18.425897317592629,0.0],[74.152047255100129,18.424629848876648,0.0],[74.151346649819743,18.423891084287991,0.0],[74.150646050497386,18.423152317300119,0.0],[74.149828094149768,18.422285844128471,0.0],[74.14883765083016,18.421227710495,0.0],[74.147910819115509,18.421023017793971,0.0],[74.146983989780395,18.420818321558411,0.0],[74.146057163780597,18.42061361998535,0.0],[74.145130339218468,18.420408913970089,0.0],[74.145004436591307,18.42027022639811,0.0],[74.144342693078201,18.418935717372619,0.0],[74.143545141425435,18.418869260660529,0.0],[74.143050653063412,18.418821366256601,0.0],[74.143128830243114,18.419904675133449,0.0],[74.142188035247159,18.42039923077909,0.0],[74.14124723501952,18.42089378151876,0.0],[74.140306429560226,18.42138832735213,0.0],[74.139346886967317,18.42127141991476,0.0],[74.138387346832886,18.421154507685461,0.0],[74.137427808210418,18.421037590660081,0.0],[74.136468271100199,18.420920668838779,0.0],[74.135489199975112,18.420853609426391,0.0],[74.134510129836428,18.420786544997618,0.0],[74.133531060688867,18.42071947464871,0.0],[74.132551992523773,18.420652400187201,0.0],[74.13148508693466,18.419827963003879,0.0],[74.130418191601024,18.419003521081951,0.0],[74.130071738107162,18.418849199932009,0.0],[74.129227746193848,18.418462976678271,0.0],[74.129009416518514,18.41836922036072,0.0],[74.128128393238697,18.418000807020011,0.0],[74.127247374803005,18.417632390642961,0.0],[74.126366360273764,18.417263969417991,0.0],[74.125485349642119,18.416895545152901,0.0],[74.124604341970382,18.416527116036079,0.0],[74.123723339147645,18.416158682980338,0.0],[74.122842340222675,18.415790246885141,0.0],[74.121961344258011,18.415421805939079,0.0],[74.121080353137998,18.41505336195851,0.0],[74.120199365925259,18.414684913131978,0.0],[74.119318382610629,18.414316461267081,0.0],[74.118233164204938,18.414396038771589,0.0],[74.117147946033043,18.414475610038561,0.0],[74.116112831812515,18.41449715861129,0.0],[74.11507771664877,18.414518701528621,0.0],[74.114042602440264,18.414540237895711,0.0],[74.112979558487879,18.414635709466278,0.0],[74.111916513632366,18.414731175941441,0.0],[74.110853467878783,18.414826636417288,0.0],[74.109790422178847,18.414922089994452,0.0],[74.108900471719949,18.415001997278761,0.0],[74.108727374630135,18.415017538471449,0.0],[74.107704687921299,18.41500606416691,0.0],[74.106682002556866,18.41499458346324,0.0],[74.105659316634515,18.414983098159048,0.0],[74.10463663110589,18.414971607355099,0.0],[74.104196048962606,18.41466504567606,0.0],[74.105147360804949,18.41338296519784,0.0],[74.105729022274133,18.41252792857729,0.0],[74.106215098875623,18.41163968438677,0.0],[74.106242051220775,18.41156607618807,0.0],[74.106749902781019,18.41076084879359,0.0],[74.107207623548788,18.41025325870347,0.0],[74.107395015657588,18.410025001886151,0.0],[74.107587703876277,18.40980049583775,0.0],[74.107654043537607,18.40945678988605,0.0],[74.107859497448885,18.409286322769109,0.0],[74.107815311438515,18.408907202744778,0.0],[74.10783093856783,18.408634053755591,0.0],[74.107775986838462,18.40840922973879,0.0],[74.107521462150942,18.408136545699879,0.0],[74.107739770342945,18.407818305653919,0.0],[74.107805935873202,18.40726189600765,0.0],[74.107897953142043,18.406603638033399,0.0],[74.107976685060706,18.405959203522482,0.0],[74.107995200459001,18.405737784351519,0.0],[74.108017751593124,18.405580535919611,0.0],[74.108068881858216,18.404927113307789,0.0],[74.108127950295327,18.404349530673588,0.0],[74.108141982017187,18.40425417626874,0.0],[74.108270090723792,18.403501792030461,0.0],[74.108284390385009,18.403374215183462,0.0],[74.108351160927427,18.403064201983749,0.0],[74.108432195079374,18.402659097460379,0.0],[74.108508359587518,18.402211011756162,0.0],[74.108614792073737,18.401961881229148,0.0],[74.108856989521826,18.401408010353631,0.0],[74.108858074415252,18.401402123970328,0.0],[74.108882977948397,18.401215154261131,0.0],[74.108966040227457,18.40048905015389,0.0],[74.10902739823257,18.399990449800448,0.0],[74.109030798070663,18.39994989059613,0.0],[74.109043309951403,18.399885174691899,0.0],[74.109108372473329,18.399548659016649,0.0],[74.109147273613473,18.399187935193162,0.0],[74.109060053675478,18.398634341939079,0.0],[74.109045498259206,18.398541959571091,0.0],[74.10904079578556,18.398320525243051,0.0],[74.108943250419301,18.39783224370581,0.0],[74.108898484845767,18.397571415638581,0.0],[74.108859252576011,18.39734282453718,0.0],[74.109498450579423,18.397104092472421,0.0],[74.109617650132606,18.397046869220681,0.0],[74.109741599405581,18.396987365401849,0.0],[74.110305273169516,18.396752399778411,0.0],[74.110404356171159,18.396711097046818,0.0],[74.11049208269425,18.396663194455009,0.0],[74.110523557676956,18.396646007972969,0.0],[74.111352396956207,18.396092821085752,0.0],[74.111718079656001,18.395839737519371,0.0],[74.111814141319471,18.39577325347825,0.0],[74.112774056085257,18.395023194255678,0.0],[74.112968612698083,18.39488277776605,0.0],[74.113790523406735,18.39421073074957,0.0],[74.113829245702547,18.394182155091489,0.0],[74.113963270368302,18.394083247980511,0.0],[74.114068058894645,18.394037773755041,0.0],[74.114163613553956,18.393988994862681,0.0],[74.114232511484715,18.393952228091091,0.0],[74.114375337566116,18.393882256035301,0.0],[74.114457351199391,18.393840689940891,0.0],[74.114615502029594,18.393785073565709,0.0],[74.114863469360571,18.39371294261997,0.0],[74.115427971583387,18.39349777128778,0.0],[74.115855369224576,18.393388170257008,0.0],[74.116784686615105,18.393049596456979,0.0],[74.117370426115841,18.392851571376841,0.0],[74.118037304377054,18.39259790776573,0.0],[74.11861007616865,18.392418425732892,0.0],[74.118995865729872,18.392269617367742,0.0],[74.11960153594265,18.392034451524619,0.0],[74.120176738916271,18.3918050360496,0.0],[74.121196189984502,18.39147537557205,0.0],[74.12146170449229,18.391377410195719,0.0],[74.121761375280713,18.391706250397899,0.0],[74.12200536731649,18.39183213566287,0.0],[74.122594860772537,18.391033432250349,0.0],[74.123315618489485,18.390263771628788,0.0],[74.12434712288578,18.389231608007659,0.0],[74.125233127977395,18.388375673198269,0.0],[74.125739388829913,18.388078526436711,0.0],[74.126191715858269,18.387791373549209,0.0],[74.126724968547279,18.387444727091989,0.0],[74.127247482427961,18.387114661365871,0.0],[74.127494131840777,18.386970322629111,0.0],[74.12789430417844,18.386710055712019,0.0],[74.128269122229511,18.386460312401422,0.0],[74.128720866885757,18.38614743445159,0.0],[74.129209377772384,18.385960389174851,0.0],[74.129940757067345,18.385369030395221,0.0],[74.130672130463353,18.384777668555401,0.0],[74.130592086922363,18.384494123703291,0.0],[74.130512632660114,18.384083836849481,0.0],[74.13046110949638,18.38369764579814,0.0],[74.130488365957461,18.383422352574481,0.0],[74.13051989869308,18.383024582700841,0.0],[74.130562128534152,18.382723722255569,0.0],[74.130635508929956,18.38233896946242,0.0],[74.130856299100017,18.381516083290141,0.0],[74.131014533980135,18.38105841509903,0.0],[74.131156211465793,18.380597116702951,0.0],[74.131352630389244,18.3795066099945,0.0],[74.130644853432841,18.379231490236879,0.0],[74.129601299947453,18.378926616759461,0.0],[74.128340646165128,18.37859368900569,0.0],[74.127078413161016,18.378283675611581,0.0],[74.125923199732298,18.378046857122079,0.0],[74.124767988818377,18.377810031741731,0.0],[74.124234903590164,18.378026809587919,0.0],[74.12421068179556,18.378111011050891,0.0],[74.122904073598875,18.37813685191465,0.0],[74.1212776123769,18.37802004810267,0.0],[74.120522176288887,18.377949445929641,0.0],[74.119671553266627,18.37773724048051,0.0],[74.119324264476191,18.37766232133886,0.0],[74.119113599390175,18.377616875987702,0.0],[74.118872801972088,18.377555488073469,0.0],[74.117515995331004,18.3772095828303,0.0],[74.116098751826328,18.376883000449961,0.0],[74.11521668980059,18.376737434039509,0.0],[74.114350834239943,18.376700401536372,0.0],[74.114342819138685,18.37675614587496,0.0],[74.11383749732785,18.376672536663801,0.0],[74.112912859438268,18.3765555248245,0.0],[74.112204769868654,18.376450900429401,0.0],[74.112135400346006,18.376441483411512,0.0],[74.112041444192826,18.37643221285003,0.0],[74.111376708850813,18.376366622311188,0.0],[74.110656907452167,18.376264053196351,0.0],[74.110615833238228,18.376258200243392,0.0],[74.109524525780543,18.3761999063661,0.0],[74.108811744003219,18.376141055411392,0.0],[74.107877539782365,18.37596441534782,0.0],[74.107163326757799,18.37585515088378,0.0],[74.106244730453412,18.375733734995599,0.0],[74.105752083782122,18.375699226308331,0.0],[74.104500835321431,18.375611573372179,0.0],[74.104341788620943,18.375821993741269,0.0],[74.104110687953948,18.37612774198131,0.0],[74.103726817130166,18.376644201314811,0.0],[74.103654503611153,18.376750353811321,0.0],[74.10335063536823,18.377049003753019,0.0],[74.103169620570995,18.377226907811309,0.0],[74.102778984517101,18.37739002352864,0.0],[74.102674664906544,18.377456655142669,0.0],[74.102435571415299,18.377609369440361,0.0],[74.102244739459863,18.377731256794689,0.0],[74.101955635744091,18.377915912175109,0.0],[74.101806476167326,18.378011182660529,0.0],[74.10179268791471,18.37808753864962,0.0],[74.101767902369616,18.378224791785001,0.0],[74.10173325185356,18.378416670936289,0.0],[74.099979386301882,18.378371697707951,0.0],[74.098341607420167,18.378195185157931,0.0],[74.097817171068627,18.378442172246029,0.0],[74.095970447642728,18.378166364578728,0.0],[74.095932271528568,18.377350087306191,0.0],[74.095869067634936,18.375998690041101,0.0],[74.096351254559963,18.374979581497669,0.0],[74.096833434647706,18.37396047137533,0.0],[74.097315609791551,18.372941359683381,0.0],[74.097030277609548,18.371961174636169,0.0],[74.096737266730869,18.371076230289969,0.0],[74.096444259598996,18.370191284641649,0.0],[74.096432841164869,18.370007388349219,0.0],[74.096395724476352,18.369203361159109,0.0],[74.096496758297903,18.368775303125769,0.0],[74.096842326048076,18.36794688475543,0.0],[74.097043738573774,18.36692961275239,0.0],[74.096970481366,18.365748612640729,0.0],[74.096926782067371,18.365488684373339,0.0],[74.096848364804899,18.36473233657507,0.0],[74.096152883436716,18.363917971956081,0.0],[74.09593481556459,18.363856590634459,0.0],[74.095390026427069,18.363651214654961,0.0],[74.094660110706528,18.363610043186281,0.0],[74.094577467967397,18.363602330027611,0.0],[74.092858950813422,18.363441923847152,0.0],[74.092161445736792,18.363818154985239,0.0],[74.091762620056883,18.363127603123459,0.0],[74.091162168410747,18.362964392114591,0.0],[74.090810561676619,18.362911587688089,0.0],[74.08982517284602,18.36268111568576,0.0],[74.08883978685617,18.362450639596869,0.0],[74.087854403716804,18.36222015761421,0.0],[74.086105210741934,18.361717746387669,0.0],[74.085054193453146,18.361439666205829,0.0],[74.08345302581526,18.361131859682121,0.0],[74.081748743595313,18.361021759335081,0.0],[74.081058286804605,18.36109034969347,0.0],[74.080944078750235,18.360841883930629,0.0],[74.08077543724599,18.360474993718459,0.0],[74.080627503141272,18.36015315425465,0.0],[74.080538735223058,18.359151504403268,0.0],[74.080497836524103,18.35867890051745,0.0],[74.080452714010818,18.358322491294711,0.0],[74.080390396983049,18.357410573500559,0.0],[74.08032808132549,18.356498655633331,0.0],[74.080267591342661,18.355613453723201,0.0],[74.080265766091756,18.355586737688579,0.0],[74.080266395080571,18.355489386605459,0.0],[74.080061217707964,18.35499937873546,0.0],[74.080037243595314,18.354864798721131,0.0],[74.080006485588001,18.35469213230936,0.0],[74.079989941633798,18.35459925946051,0.0],[74.079971692748998,18.354496815940209,0.0],[74.079927400062402,18.354310011171869,0.0],[74.079877073416625,18.35409775785423,0.0],[74.079875199951132,18.354086948250419,0.0],[74.079860975406461,18.354004872687231,0.0],[74.079839153236307,18.353878962642479,0.0],[74.079758647540601,18.35366234580933,0.0],[74.079756463087861,18.353656468200729,0.0],[74.079659757887853,18.35351912749416,0.0],[74.079616350124439,18.353457479997971,0.0],[74.079555307097522,18.353356456448889,0.0],[74.079187964883673,18.352748521047111,0.0],[74.079077840866447,18.3525662681981,0.0],[74.078959039924328,18.352347842864759,0.0],[74.078866733445537,18.352178126805988,0.0],[74.078816342139774,18.352090158398031,0.0],[74.078721277057895,18.35192420294349,0.0],[74.07865387291011,18.351817531654131,0.0],[74.078563988008469,18.35167528359208,0.0],[74.078296012394318,18.351306837400401,0.0],[74.078246015547464,18.35123809504724,0.0],[74.078050868199782,18.35119595959663,0.0],[74.077436985864253,18.350240522669569,0.0],[74.077417414052718,18.350210059662221,0.0],[74.077399431098684,18.350166258868381,0.0],[74.077292606147878,18.349906068354532,0.0],[74.077250077690437,18.3498024831155,0.0],[74.077177200117816,18.349586950571609,0.0],[74.077162530328124,18.349543565252429,0.0],[74.077143887809868,18.349415121800639,0.0],[74.077113352066092,18.349205735430871,0.0],[74.077048508139072,18.349079797514818,0.0],[74.076985635224915,18.34889567301158,0.0],[74.076923806179749,18.348714602752391,0.0],[74.076784118412391,18.348239683161651,0.0],[74.076705508743785,18.34813548562034,0.0],[74.076693129710506,18.348125186315212,0.0],[74.076659976494696,18.34803879567961,0.0],[74.076584909086762,18.34787818232995,0.0],[74.076527077296447,18.347713695003829,0.0],[74.076438269273027,18.34757110511817,0.0],[74.076383644096609,18.347484439584221,0.0],[74.076328332064293,18.347446890594899,0.0],[74.076085729814963,18.347025373322179,0.0],[74.076076736065133,18.347009745692699,0.0],[74.07598805972782,18.346833618592321,0.0],[74.075975361721703,18.346808398815892,0.0],[74.075874868498389,18.346644289202668,0.0],[74.075803638751808,18.346516475415481,0.0],[74.075724050257179,18.346372179392869,0.0],[74.075589002318949,18.34616319513561,0.0],[74.075538843689614,18.346064305413879,0.0],[74.075415424578566,18.345852799085311,0.0],[74.075392034063285,18.345812714262411,0.0],[74.075355067102265,18.345727375850231,0.0],[74.075305146163572,18.34561338398176,0.0],[74.075237850472789,18.345468833813491,0.0],[74.075191329506069,18.345369347116488,0.0],[74.075132867952632,18.34525352708285,0.0],[74.075082998050505,18.34513052786799,0.0],[74.074926927896854,18.3447627622235,0.0],[74.074894835712144,18.344684797476841,0.0],[74.074816423972891,18.3444943041982,0.0],[74.074788336336155,18.344392982823589,0.0],[74.074773093282374,18.34434226886788,0.0],[74.074750864784093,18.344268312148088,0.0],[74.074721720701589,18.344202440122821,0.0],[74.074693379442962,18.344079266963181,0.0],[74.074615730700401,18.34374784050922,0.0],[74.074612029898219,18.343721976583382,0.0],[74.074588698636504,18.343624802020141,0.0],[74.074239030931196,18.342687138681971,0.0],[74.074225641942832,18.342653336273901,0.0],[74.074056499236505,18.34222630995016,0.0],[74.074013162128324,18.342139480828109,0.0],[74.073872363185146,18.341857375138581,0.0],[74.073818039754556,18.34174766693198,0.0],[74.073496162153177,18.34109761776644,0.0],[74.073482986612717,18.341077440176679,0.0],[74.073335828355297,18.340852073240612,0.0],[74.073332825130905,18.340835642269671,0.0],[74.073176169230337,18.339978502761099,0.0],[74.073167732141471,18.339945905541171,0.0],[74.072818961017688,18.338598366215411,0.0],[74.072773797939817,18.33842386912351,0.0],[74.071951991820256,18.338648488306891,0.0],[74.071042063559915,18.339008687744801,0.0],[74.070002954400962,18.339293156681649,0.0],[74.069310384971558,18.338997903191551,0.0],[74.068820050798806,18.33876762765771,0.0],[74.068043907356369,18.33883174231665,0.0],[74.067105339830718,18.338976442344531,0.0],[74.066608061485212,18.338800170634389,0.0],[74.066064866965135,18.338355680025309,0.0],[74.065151985845077,18.33764091590146,0.0],[74.064352929516843,18.337660495620259,0.0],[74.063895013954905,18.338261464920791,0.0],[74.063831983963553,18.33954568786034,0.0],[74.063922269971343,18.339829438411591,0.0],[74.063849579505657,18.341175017946629,0.0],[74.063601697273441,18.34156361832374,0.0],[74.063294935243974,18.341829434163049,0.0],[74.062707294388318,18.341956773145078,0.0],[74.061773396016719,18.341861183268591,0.0],[74.060730190169821,18.34182210667807,0.0],[74.059811593638344,18.341803894348061,0.0],[74.058789674512823,18.34191357990338,0.0],[74.057288741157691,18.34214972801384,0.0],[74.056859581603206,18.34211726251268,0.0],[74.056527463451857,18.341868264751671,0.0],[74.055897969549889,18.340833355716558,0.0],[74.055324122807249,18.340358887572869,0.0],[74.054882160991582,18.34030767331295,0.0],[74.054538689767284,18.34038871792573,0.0],[74.054062396411254,18.340697597263478,0.0],[74.053814444353762,18.340681719176079,0.0],[74.053733956862047,18.340464087731888,0.0],[74.053720970592437,18.340013114990018,0.0],[74.053724265279399,18.3396609052052,0.0],[74.053763510441755,18.339340537000719,0.0],[74.053671618089467,18.337805176010651,0.0],[74.053495152366239,18.33682643242831,0.0],[74.053455769315576,18.336715616437129,0.0],[74.053362678772771,18.336067868387531,0.0],[74.053148179687241,18.3349177325026,0.0],[74.052933683052075,18.333767599983659,0.0],[74.052828386102348,18.333014905567339,0.0],[74.052692888636344,18.332208162438238,0.0],[74.052612780780393,18.33175802723121,0.0],[74.052527913603072,18.331383608405108,0.0],[74.052432387124384,18.330516226101569,0.0],[74.052369979032534,18.32957841945171,0.0],[74.05219511964232,18.328034523826449,0.0],[74.052056319671564,18.32737681463497,0.0],[74.05196625073917,18.32701526956965,0.0],[74.051816743511736,18.32622883705422,0.0],[74.051733285817221,18.32531201308711,0.0],[74.051601935178255,18.323904729767278,0.0],[74.051274147739377,18.322432604621412,0.0],[74.05109600784526,18.321657560745571,0.0],[74.050978631066968,18.320916587812089,0.0],[74.050855439986435,18.32015054521889,0.0],[74.050797706314825,18.31940015453026,0.0],[74.050846975153192,18.31940113521307,0.0],[74.050950609136748,18.319397389500619,0.0],[74.051205615494425,18.319395984213529,0.0],[74.051406144479202,18.3193945518194,0.0],[74.051524521073006,18.319393705952471,0.0],[74.051640103822578,18.319386884195509,0.0],[74.051753425287146,18.319380195729931,0.0],[74.051821779290933,18.319378467605919,0.0],[74.051933888929852,18.319379020055049,0.0],[74.052003122071753,18.31937936126559,0.0],[74.052061626152181,18.319379650062771,0.0],[74.052306972395982,18.31938085952714,0.0],[74.052344558648926,18.31938104436237,0.0],[74.052618196541403,18.31937074658406,0.0],[74.05283251042539,18.319362680833631,0.0],[74.052900399590442,18.31936012671348,0.0],[74.053079973883314,18.31935336769174,0.0],[74.053143717693189,18.319350969144569,0.0],[74.053401486887253,18.31935986996789,0.0],[74.053835210392847,18.319374847478489,0.0],[74.054015140969014,18.319381059739069,0.0],[74.05405565522608,18.319379266920141,0.0],[74.054235048591082,18.319371329250899,0.0],[74.054360459546544,18.319365779106551,0.0],[74.05493704834025,18.319342284166162,0.0],[74.055003711520868,18.319342630539289,0.0],[74.055028645993715,18.319342759427389,0.0],[74.055056635766178,18.31934290524778,0.0],[74.055144241371664,18.319343359783591,0.0],[74.055198352165633,18.3193436403273,0.0],[74.055222894904546,18.31934376815445,0.0],[74.05530721122615,18.319375292999421,0.0],[74.055427400372309,18.31942023146237,0.0],[74.055558957225401,18.319447458682731,0.0],[74.055624041913248,18.319460928295761,0.0],[74.055681684179888,18.319464159702381,0.0],[74.055773907465053,18.319469328991701,0.0],[74.055809112803857,18.31947130250877,0.0],[74.055884133087233,18.31947550820248,0.0],[74.056080782424289,18.319486531378811,0.0],[74.056184042115248,18.319492319891559,0.0],[74.056329966954507,18.319521789318781,0.0],[74.056376954791887,18.319531278613891,0.0],[74.056440234539323,18.319565454440419,0.0],[74.056483848529979,18.31958900902718,0.0],[74.056558318877876,18.31962922828982,0.0],[74.056818496468225,18.319769741935421,0.0],[74.05693018525912,18.31983006151123,0.0],[74.056983364364285,18.319858781107691,0.0],[74.057052968492499,18.319896371574909,0.0],[74.057126398453292,18.319936028783712,0.0],[74.05720354953074,18.319977695277281,0.0],[74.057385502048348,18.32014085069147,0.0],[74.057458760009524,18.32020654082655,0.0],[74.057588082165992,18.320322502435548,0.0],[74.057704035599372,18.320426476780799,0.0],[74.05781537969375,18.320526317211652,0.0],[74.057911741726784,18.320576915003809,0.0],[74.058118826967302,18.32068565250956,0.0],[74.058205159523325,18.320759765553341,0.0],[74.058248093510613,18.32049424402998,0.0],[74.058334044234869,18.31957557658534,0.0],[74.058461097988342,18.318235972830941,0.0],[74.058468026912863,18.316934418126358,0.0],[74.058455376655658,18.31606813593098,0.0],[74.05844439656687,18.315126747901971,0.0],[74.058433415397971,18.314185359781519,0.0],[74.058399965743476,18.31349593801049,0.0],[74.058391567401699,18.31332283747938,0.0],[74.058532580833557,18.313118600000291,0.0],[74.058733092392472,18.313162345421251,0.0],[74.058781715617428,18.312927784593889,0.0],[74.058829160494142,18.312713042288831,0.0],[74.058405668050469,18.31130142573387,0.0],[74.058211758864402,18.31081348293834,0.0],[74.058178166405867,18.310728951651811,0.0],[74.058135791565348,18.310566712661689,0.0],[74.058121581667137,18.310512306328491,0.0],[74.058043042235809,18.31022086430302,0.0],[74.057987067032258,18.310002315065908,0.0],[74.057977972167876,18.30996822554766,0.0],[74.05794220755773,18.309834179550119,0.0],[74.057916731072481,18.30976027101714,0.0],[74.057862936001769,18.309604200555111,0.0],[74.057819530281833,18.309403488881589,0.0],[74.057796311742734,18.30929612341367,0.0],[74.057631572340981,18.30881549607766,0.0],[74.057573254950697,18.308620269636251,0.0],[74.057569607276733,18.308608057519692,0.0],[74.057530538798602,18.308445573543299,0.0],[74.057477811727139,18.308182652290292,0.0],[74.057458658463403,18.308087145794222,0.0],[74.057431571648166,18.307902439323939,0.0],[74.05743822897638,18.307835453817479,0.0],[74.05739809418553,18.307762369369659,0.0],[74.057392503420829,18.3077399562242,0.0],[74.057390978604204,18.307716623264358,0.0],[74.057389146240382,18.307688576705441,0.0],[74.057387524406877,18.307663763850311,0.0],[74.057376628259931,18.307614984217459,0.0],[74.057346655839979,18.307480796805041,0.0],[74.057337474285461,18.307439690221582,0.0],[74.057321769601273,18.307283049420409,0.0],[74.057289683304575,18.307103092683619,0.0],[74.057244899796828,18.306851919384581,0.0],[74.057234273559303,18.306745934567662,0.0],[74.057213488778132,18.306538637748549,0.0],[74.057297358421152,18.306383080467651,0.0],[74.057359595473073,18.306245414267892,0.0],[74.057490624200781,18.305955580251219,0.0],[74.057881139948151,18.305020079399799,0.0],[74.058271651296252,18.304084576565561,0.0],[74.058662159181722,18.3031490735607,0.0],[74.059052661722461,18.302213568568629,0.0],[74.058494893533194,18.301065860090411,0.0],[74.057937133347991,18.299918149281339,0.0],[74.057686266031553,18.298892703042661,0.0],[74.057435401383813,18.29786725650002,0.0],[74.057904820282616,18.29616686308087,0.0],[74.057225841065275,18.29544473712987,0.0],[74.056546867440233,18.294722609870959,0.0],[74.055867899416953,18.29400047949699,0.0],[74.055768420992294,18.293993511741139,0.0],[74.054687272902285,18.29394023619172,0.0],[74.053606125777733,18.293886954553582,0.0],[74.052524980569856,18.293833665927831,0.0],[74.051443835377242,18.29378037211255,0.0],[74.051071518986006,18.292895696934188,0.0],[74.050699207131146,18.292011021127021,0.0],[74.049042421575265,18.291445282109709,0.0],[74.048376886759698,18.29125918660031,0.0],[74.048345461730193,18.29124618892337,0.0],[74.048131528871252,18.291157705052498,0.0],[74.047854111696211,18.2909478962351,0.0],[74.047679291707482,18.290815680678921,0.0],[74.047493881855615,18.290646006566799,0.0],[74.047465896315728,18.290536999454659,0.0],[74.047247420253896,18.28968601106023,0.0],[74.047057038606923,18.28894445218976,0.0],[74.047040369288553,18.28888603383049,0.0],[74.046679361347813,18.287620858680281,0.0],[74.046318358222706,18.28635568202013,0.0],[74.045482518854428,18.286519621813149,0.0],[74.044619712185266,18.28609364258234,0.0],[74.043756910816157,18.285667660539978,0.0],[74.042894112865042,18.28524167386956,0.0],[74.04225992248287,18.285320681214589,0.0],[74.041879278077673,18.286027963404681,0.0],[74.040484018962275,18.28664263262932,0.0],[74.039554046856992,18.287202454230201,0.0],[74.037781840791013,18.287229276927299,0.0],[74.036850233373755,18.28704569142986,0.0],[74.036188299054558,18.287250701437831,0.0],[74.035820887441346,18.286730170338519,0.0],[74.034818201500073,18.286407791708129,0.0],[74.033815519508721,18.2860854070749,0.0],[74.032812841462444,18.285763017342909,0.0],[74.031810167361456,18.285440622512439,0.0],[74.030807497201081,18.28511822348748,0.0],[74.030367661457731,18.284677496388909,0.0],[74.030392794629989,18.28351913980314,0.0],[74.030417926128635,18.282360783055491,0.0],[74.030417303159922,18.281455596522289,0.0],[74.030416679016142,18.280550408996511,0.0],[74.030407123531617,18.280217715391409,0.0],[74.030401874545859,18.278562309989969,0.0],[74.030386556812417,18.277621805712631,0.0],[74.030371238043514,18.27668130044221,0.0],[74.030332054102473,18.276150382524261,0.0],[74.030295959346361,18.27552813719452,0.0],[74.030250613081179,18.274329867532099,0.0],[74.030344507094185,18.273227362949871,0.0],[74.03043839956139,18.272124859044581,0.0],[74.03053229143886,18.271022354013791,0.0],[74.030648936139755,18.26944734730586,0.0],[74.030696855468065,18.268354791196359,0.0],[74.030744773846934,18.26726223492394,0.0],[74.030792692222235,18.266169678493451,0.0],[74.029981412904036,18.265469958135959,0.0],[74.029170141066686,18.264770234596689,0.0],[74.028358875763942,18.26407050787121,0.0],[74.028084309309619,18.263657674919301,0.0],[74.027828172355441,18.263129326876431,0.0],[74.027753040130449,18.262862601162311,0.0],[74.027759082911004,18.262443667979369,0.0],[74.027725814037751,18.26210497912637,0.0],[74.027645914676739,18.261846792026901,0.0],[74.027532753647833,18.261387727363982,0.0],[74.027385747600619,18.261109063032571,0.0],[74.027345990190767,18.260880535243562,0.0],[74.027195252520826,18.260368783297061,0.0],[74.026988391225927,18.25987827465779,0.0],[74.026985067197316,18.259869974130211,0.0],[74.026934286858591,18.259743183218561,0.0],[74.026825392762603,18.259495551307459,0.0],[74.026706808309825,18.259233127444819,0.0],[74.026564245233445,18.258877913559601,0.0],[74.026481185444638,18.25848754786319,0.0],[74.026341494366008,18.258025706900799,0.0],[74.026231604682621,18.2580069213261,0.0],[74.025872769319434,18.25780836324396,0.0],[74.025819943605754,18.257778741994471,0.0],[74.025447814506819,18.25756122202284,0.0],[74.025212285749674,18.257417552569461,0.0],[74.024843336958483,18.257219252925118,0.0],[74.024690329304818,18.25711527955249,0.0],[74.024641204521572,18.257081896532259,0.0],[74.024536300012528,18.25699593557378,0.0],[74.024291647036819,18.256795830067858,0.0],[74.024097736284844,18.25666947372083,0.0],[74.02386723893116,18.256432384081911,0.0],[74.02377978169379,18.256357154080241,0.0],[74.023600374279098,18.25620013072465,0.0],[74.023240717936986,18.255898382678541,0.0],[74.023216433637742,18.255885130216889,0.0],[74.023069350159858,18.255804869099581,0.0],[74.022238690973623,18.255278367419759,0.0],[74.022042505098767,18.255142832720779,0.0],[74.022020308584459,18.25512349057977,0.0],[74.021638024061374,18.25479035942783,0.0],[74.02137648090708,18.254504871539861,0.0],[74.021333896287175,18.254478760059119,0.0],[74.021275722119853,18.25449261148329,0.0],[74.021131368784765,18.254526979800438,0.0],[74.021050271344677,18.25453103042987,0.0],[74.020961805317256,18.254532080900461,0.0],[74.020918260944669,18.254532598345911,0.0],[74.020843737095376,18.254533484197221,0.0],[74.020779784990367,18.254523114780419,0.0],[74.020678534040499,18.254506698334929,0.0],[74.020580232514945,18.25449075873501,0.0],[74.020574344566498,18.254492086920528,0.0],[74.020495685484732,18.254509827793459,0.0],[74.020373419385564,18.254537403123681,0.0],[74.020310880115275,18.254557631246421,0.0],[74.020217697542861,18.254587770997549,0.0],[74.020132925578139,18.25459582855957,0.0],[74.020044026429417,18.254601751123609,0.0],[74.019762269727124,18.254620521412971,0.0],[74.019278431765258,18.25500680739901,0.0],[74.018808878126336,18.25514616425782,0.0],[74.0184617389138,18.255251257268998,0.0],[74.018363086815228,18.255276984032001,0.0],[74.018214560268405,18.255664679122351,0.0],[74.01819489259168,18.255716019608489,0.0],[74.01815809479092,18.25584213653044,0.0],[74.018154043110968,18.255856023288541,0.0],[74.018132578607023,18.255906452623648,0.0],[74.018112729916652,18.25595111268186,0.0],[74.018080424717382,18.25604074454251,0.0],[74.018052797916056,18.256130527822361,0.0],[74.017883526219876,18.256538148269438,0.0],[74.017573410717759,18.25706795596248,0.0],[74.017457431246925,18.25725993514255,0.0],[74.017399189486994,18.25744587911241,0.0],[74.017375267830346,18.257723400027778,0.0],[74.017343863442292,18.25818854521842,0.0],[74.017317385869632,18.258318221366959,0.0],[74.017301768893319,18.25835845757857,0.0],[74.017217170665177,18.258576416389889,0.0],[74.017231407578109,18.2591600184859,0.0],[74.017225442054311,18.259214450363299,0.0],[74.017205374868965,18.259397541037082,0.0],[74.016957883197279,18.25952068401018,0.0],[74.016207179286212,18.259896724593769,0.0],[74.016125201837454,18.259934478598741,0.0],[74.015742718978274,18.26011062923018,0.0],[74.015661867041089,18.260147865555279,0.0],[74.015460784367335,18.260303019492898,0.0],[74.015113991762504,18.260502523181589,0.0],[74.014609761169908,18.260756430869499,0.0],[74.014310670785292,18.260976051688399,0.0],[74.014135828363464,18.261126677840629,0.0],[74.013409670459822,18.26175225853687,0.0],[74.013356146332129,18.261877460202989,0.0],[74.013286334566558,18.262005819547301,0.0],[74.013227891151416,18.262104629450679,0.0],[74.013188802422718,18.26219165056439,0.0],[74.013172697477103,18.262218235707159,0.0],[74.013114817186377,18.262313786003631,0.0],[74.013044617710065,18.26242967265711,0.0],[74.012968982331628,18.262554531495699,0.0],[74.012902228624952,18.26266472879966,0.0],[74.012434839152661,18.263152624510969,0.0],[74.012185526970526,18.263362162604292,0.0],[74.012061255833984,18.263490895469619,0.0],[74.011870029626593,18.263621073680909,0.0],[74.011790444383351,18.26367525160693,0.0],[74.011705218331585,18.26372111044266,0.0],[74.01165516944566,18.263748041563709,0.0],[74.011509352461019,18.26384432998027,0.0],[74.011208866675645,18.263993356941921,0.0],[74.011114848323544,18.264039986131749,0.0],[74.010838962117816,18.2641750622108,0.0],[74.01078814704735,18.264199941278878,0.0],[74.010763599997276,18.264216024578008,0.0],[74.010720752308472,18.26424409883785,0.0],[74.01063490216832,18.264278634722881,0.0],[74.010591576517569,18.264296064154099,0.0],[74.010546268953519,18.264323211077532,0.0],[74.010484625581952,18.26436014675944,0.0],[74.010419865182939,18.26439894967265,0.0],[74.01035943382486,18.264435158655019,0.0],[74.01030637638334,18.264466949466321,0.0],[74.010213347370367,18.264522691098708,0.0],[74.009657097853122,18.264729220548251,0.0],[74.009446095180238,18.264758612890009,0.0],[74.009130266297632,18.264797393236631,0.0],[74.008814436355706,18.264836173050028,0.0],[74.008613160009233,18.265163744420899,0.0],[74.008611088289115,18.265174765513979,0.0],[74.008597608470936,18.265246470778621,0.0],[74.007748233839749,18.26610936596305,0.0],[74.00689885078198,18.266972257801068,0.0],[74.006481358269696,18.265999185086859,0.0],[74.006063871119807,18.265026111592121,0.0],[74.005646387445296,18.264053036403499,0.0],[74.005381642989661,18.263964743340839,0.0],[74.004875618145988,18.26387504790943,0.0],[74.004331339538055,18.26388148146496,0.0],[74.004081179831815,18.264186909610771,0.0],[74.003881848600216,18.264594319383459,0.0],[74.003325293911203,18.26498058009723,0.0],[74.002229674092973,18.264794997004579,0.0],[74.001483243334448,18.26333560719981,0.0],[74.001270219329015,18.263310524040659,0.0],[74.000784119331399,18.26328047039857,0.0],[73.999989437410733,18.26398858747838,0.0],[73.999851004837851,18.26411193942775,0.0],[73.999381165135105,18.265047738408821,0.0],[73.998987020690421,18.264945464153119,0.0],[73.998942689058296,18.26417526355478,0.0],[73.999108446893956,18.263863292734801,0.0],[73.999237365376047,18.262305553596079,0.0],[73.998482910654303,18.26216101707676,0.0],[73.997533096752704,18.262425513402409,0.0],[73.996583280202728,18.262690004866219,0.0],[73.99633571632485,18.262565770697581,0.0],[73.99606301090401,18.26185014987167,0.0],[73.99565343202039,18.261710857325291,0.0],[73.995667821319387,18.262651980210759,0.0],[73.995682210509429,18.26359310210789,0.0],[73.99569659958,18.2645342248242,0.0],[73.994890070030934,18.26421046987759,0.0],[73.993836328984557,18.263616686956201,0.0],[73.993380440603275,18.263417990723291,0.0],[73.992604787631095,18.26325845502528,0.0],[73.991611016057789,18.262676173248131,0.0],[73.990313487647313,18.262202878382389,0.0],[73.989904747520967,18.26183800364624,0.0],[73.989858771451495,18.261836244500572,0.0],[73.989645108432697,18.261778928249232,0.0],[73.989322397394446,18.261747484284161,0.0],[73.989080570293936,18.26172187950754,0.0],[73.988639512792062,18.261480604829739,0.0],[73.988200235703076,18.2612605734328,0.0],[73.987500438505847,18.260881392289271,0.0],[73.987368632276159,18.26075681401106,0.0],[73.987145193806555,18.260625258325959,0.0],[73.987047176871542,18.260544170612171,0.0],[73.986875389468395,18.260520142132531,0.0],[73.986668651763082,18.260539704884181,0.0],[73.986522782053257,18.260553505895398,0.0],[73.985890524034389,18.260623517233729,0.0],[73.985516730828081,18.26063687406133,0.0],[73.984452731370979,18.260810341612132,0.0],[73.984178171570051,18.260851789604612,0.0],[73.983600823022442,18.260549905711009,0.0],[73.982952143512293,18.260506189384049,0.0],[73.982459703364157,18.26047299864409,0.0],[73.9822274911172,18.26048791153913,0.0],[73.981350470037441,18.26054423392409,0.0],[73.980527678394267,18.26062689010023,0.0],[73.9800906994992,18.260780499208909,0.0],[73.978972844441401,18.261176107702671,0.0],[73.978305151128325,18.26125801997479,0.0],[73.978167554229771,18.261274898851649,0.0],[73.977895554227203,18.261295316335911,0.0],[73.97727799681779,18.261428425683061,0.0],[73.976123262775403,18.260999211818291,0.0],[73.975440559417521,18.261023445838241,0.0],[73.974516146957342,18.260758861206629,0.0],[73.974065898888071,18.260574717491721,0.0],[73.973344459626659,18.26039010131829,0.0],[73.972944516118915,18.260082470116821,0.0],[73.972448202242717,18.259989924384939,0.0],[73.971950020658809,18.25978376860833,0.0],[73.971414237097335,18.259605448360521,0.0],[73.971105940872022,18.259373710799899,0.0],[73.970563993376061,18.25920388082853,0.0],[73.970076417145634,18.259058189376791,0.0],[73.969650170599536,18.259010109809989,0.0],[73.96922876845251,18.259007840629941,0.0],[73.968803353758119,18.25880464624338,0.0],[73.9686781691004,18.25878757186495,0.0],[73.968518216273296,18.258835906626349,0.0],[73.96839787218596,18.2588661697643,0.0],[73.967879020990992,18.258927877225801,0.0],[73.967637098179409,18.25890819432102,0.0],[73.967508007128771,18.258863745184289,0.0],[73.967327411051031,18.258804686851661,0.0],[73.966991758649243,18.258698168531659,0.0],[73.966431801707543,18.25842198578254,0.0],[73.965960721168486,18.258365307407509,0.0],[73.965578446867639,18.25823342038721,0.0],[73.965102786514365,18.258238982424562,0.0],[73.964126520164399,18.258159490172659,0.0],[73.963672898948616,18.258028433278,0.0],[73.963196657750458,18.257988545697639,0.0],[73.962487530127959,18.258337722992358,0.0],[73.962036235064829,18.258388445440119,0.0],[73.96165599733321,18.258415610995328,0.0],[73.961870460548127,18.257376845115811,0.0],[73.962169723820125,18.255967369044679,0.0],[73.962210758986544,18.255466260980789,0.0],[73.962260479944305,18.254450663286931,0.0],[73.962310199995258,18.25343506634902,0.0],[73.962646983486479,18.253243488260271,0.0],[73.96294625769697,18.25322481399833,0.0],[73.963156956616643,18.253142649442371,0.0],[73.96326860680341,18.253051822914319,0.0],[73.963388999325289,18.253010122006391,0.0],[73.963539435765952,18.25288933552137,0.0],[73.96376427355078,18.252717524521032,0.0],[73.964098158793149,18.252520538252849,0.0],[73.96416185387892,18.25239022747061,0.0],[73.964239762397483,18.251739898602491,0.0],[73.964492914379534,18.251175262175149,0.0],[73.965515635085495,18.250622726893301,0.0],[73.966041566446961,18.250267254100901,0.0],[73.965119371956547,18.248777274190971,0.0],[73.965058601155675,18.24818014351095,0.0],[73.965007020782863,18.247851316805921,0.0],[73.965135691473009,18.247087176509961,0.0],[73.965231995552401,18.246556886153218,0.0],[73.965235984741938,18.246447309779569,0.0],[73.965109978271514,18.245776027675021,0.0],[73.966148940848171,18.24447926779159,0.0],[73.966197087741719,18.244023588202491,0.0],[73.966222517530312,18.243950174245331,0.0],[73.966325502121734,18.243783841563751,0.0],[73.966638178168424,18.243443949934779,0.0],[73.967428826342712,18.24240896331877,0.0],[73.967761523356657,18.242079113965062,0.0],[73.96822157519783,18.241657849858509,0.0],[73.968844825285814,18.24110722404588,0.0],[73.969520274438509,18.240550938458849,0.0],[73.970505323868849,18.240202875785641,0.0],[73.971490370556509,18.239854808747172,0.0],[73.9727995185944,18.239166059084901,0.0],[73.973565974881083,18.23915522711982,0.0],[73.97367362868755,18.239023655953261,0.0],[73.974272932643615,18.238447925600632,0.0],[73.974284733987631,18.238407616709718,0.0],[73.975291376776084,18.237181427842518,0.0],[73.976457831210766,18.236647973238551,0.0],[73.977624278831968,18.236114510246331,0.0],[73.978329670509325,18.236044221858538,0.0],[73.978397444727804,18.236023537298749,0.0],[73.978576614178792,18.23599795830231,0.0],[73.978764796863075,18.23558660952947,0.0],[73.979409925296508,18.235210354840181,0.0],[73.978974200352539,18.234271040507029,0.0],[73.978538478923198,18.233331725318401,0.0],[73.978102762899582,18.232392409284479,0.0],[73.97876317592069,18.231712337242481,0.0],[73.97874842689761,18.231680607444449,0.0],[73.978559812526726,18.230662717898401,0.0],[73.978483393778603,18.230250310890181,0.0],[73.979273352773333,18.229740758843938,0.0],[73.980063298095445,18.22923115353343,0.0],[73.980853237971516,18.228721543803861,0.0],[73.9816263083368,18.228044346000139,0.0],[73.982399371799644,18.227367144730842,0.0],[73.983172430251742,18.226689940006349,0.0],[73.984412952792638,18.226170237383769,0.0],[73.985653468314865,18.225650526341571,0.0],[73.98574010791927,18.225655224187399,0.0],[73.986995809093187,18.225233708571231,0.0],[73.98825150461083,18.224812183509329,0.0],[73.988349686177671,18.22472247791957,0.0],[73.989242324437257,18.224112181916439,0.0],[73.990134956575261,18.22350188231702,0.0],[73.991027583548046,18.22289157731937,0.0],[73.992465622389531,18.222366180106469,0.0],[73.993533578947392,18.22157644560879,0.0],[73.994601525045866,18.220786705526461,0.0],[73.996038833937618,18.220092947411821,0.0],[73.996007469705091,18.218882922304871,0.0],[73.995976105461239,18.21767289706375,0.0],[73.996659844284238,18.21742573288067,0.0],[73.997668524956225,18.217061098858728,0.0],[73.998677201663668,18.216696460216252,0.0],[73.999685875362317,18.216331815151271,0.0],[74.000694544150491,18.215967165461461,0.0],[74.001703208983827,18.215602509344841,0.0],[74.002711869851822,18.215237848609071,0.0],[74.002738613730045,18.21528938658648,0.0],[74.003382526981284,18.215044920353861,0.0],[74.004521703507791,18.214612415947851,0.0],[74.005528983484666,18.214174906215931,0.0],[74.006536257704582,18.21373739092585,0.0],[74.007543528053432,18.213299870991651,0.0],[74.007551270298038,18.212690766194729,0.0],[74.008078683400299,18.212283789226081,0.0],[74.009089302094353,18.211921244493009,0.0],[74.010099916840048,18.211558695123639,0.0],[74.011110527647361,18.211196139310871,0.0],[74.012121134511077,18.21083357795877,0.0],[74.013033365599426,18.210901451274701,0.0],[74.013653176534689,18.210683699505719,0.0],[74.014054177080496,18.210043037653271,0.0],[74.014301577050205,18.209680539083351,0.0],[74.01468653976211,18.208290031127209,0.0],[74.014904676782791,18.207689782662399,0.0],[74.015538319720079,18.20653467189393,0.0],[74.01648371308579,18.20589675314406,0.0],[74.017429099684549,18.205258830268981,0.0],[74.018374479526642,18.20462090146172,0.0],[74.019569960031916,18.205874518593738,0.0],[74.021017938405478,18.205268235479991,0.0],[74.021227743503289,18.204635826237929,0.0],[74.021573976393256,18.204489245294269,0.0],[74.022450004002778,18.20382341221136,0.0],[74.023343873325501,18.202874655359199,0.0],[74.023559362841169,18.202854900037138,0.0],[74.023763207046287,18.20261481699653,0.0],[74.02408289756994,18.20229129326589,0.0],[74.02428713124732,18.201821306734551,0.0],[74.024720133567399,18.201532025793199,0.0],[74.025679011658966,18.20162864594943,0.0],[74.026329313728993,18.201313075653541,0.0],[74.026786216630668,18.201148022547791,0.0],[74.027288184506489,18.200996081352489,0.0],[74.027730407481613,18.20072190537369,0.0],[74.028046269932759,18.200444446762919,0.0],[74.028527234359728,18.20000447149047,0.0],[74.028715668172524,18.199773026680631,0.0],[74.028778785571149,18.199635138037529,0.0],[74.028931604107981,18.19938803167507,0.0],[74.029160570674321,18.199129285202819,0.0],[74.029266386746713,18.19900713318161,0.0],[74.029555493229665,18.198623093040599,0.0],[74.029568607890383,18.198602847787129,0.0],[74.029698839359469,18.197912698813319,0.0],[74.029967473395601,18.19756932123007,0.0],[74.030098887150928,18.197433694024799,0.0],[74.030139799404949,18.196713945757331,0.0],[74.030066041753116,18.196181947641289,0.0],[74.030444662430526,18.19494128824088,0.0],[74.03021276221186,18.193667268335151,0.0],[74.030084539609334,18.193439811418841,0.0],[74.031284829734815,18.19287726948637,0.0],[74.032485112452392,18.192314719654131,0.0],[74.033433915862233,18.19161613281732,0.0],[74.03438271275617,18.190917540891249,0.0],[74.03533150218891,18.19021894387166,0.0],[74.036446652693641,18.189129045467929,0.0],[74.036785139459099,18.188389769531781,0.0],[74.037213442254853,18.187361636953181,0.0],[74.037713664800521,18.186775501997939,0.0],[74.038796059234997,18.18613150716207,0.0],[74.03971888722414,18.18546828433989,0.0],[74.040641709284472,18.184805055813431,0.0],[74.041123078478734,18.184322774553991,0.0],[74.041526342201905,18.184016527531011,0.0],[74.042714756278613,18.18300671796144,0.0],[74.043130428114367,18.182513275033369,0.0],[74.043779390786412,18.181407529636282,0.0],[74.044062978894928,18.180713673814839,0.0],[74.044596851057918,18.179866715337891,0.0],[74.044294913483654,18.178158967655019,0.0],[74.044379124275565,18.177522134881791,0.0],[74.044474360113099,18.17698139335339,0.0],[74.044465099187349,18.17633039023498,0.0],[74.044467343368183,18.175941005442649,0.0],[74.045840833086075,18.174967166493008,0.0],[74.046544105855446,18.17498146541865,0.0],[74.046881145032856,18.174502190934511,0.0],[74.046914294035005,18.174455051473661,0.0],[74.047161789003795,18.17410310931005,0.0],[74.047307129340211,18.17411328043319,0.0],[74.047795610832821,18.17289879433774,0.0],[74.048284085199811,18.171684307440369,0.0],[74.048555232507425,18.1712346921136,0.0],[74.04892174826297,18.17056918855906,0.0],[74.048898811684936,18.170453716260489,0.0],[74.049027103351861,18.170282442149642,0.0],[74.048992334578884,18.170215183153388,0.0],[74.049164818098873,18.170112862994198,0.0],[74.049310788517417,18.16985255038945,0.0],[74.049484821714756,18.169774911689139,0.0],[74.04976897350349,18.1697083576999,0.0],[74.049839230296868,18.169556064835099,0.0],[74.050052195151025,18.16927433228965,0.0],[74.05021317554808,18.169093619240559,0.0],[74.05057717730601,18.16884794358095,0.0],[74.049977521213989,18.167293451232101,0.0],[74.049515972165167,18.16659487000048,0.0],[74.049221529811746,18.166368881399091,0.0],[74.048649063505039,18.16601882476014,0.0],[74.047434389518401,18.164812503895611,0.0],[74.046648227456913,18.164075849506609,0.0],[74.046442988390325,18.16403195874982,0.0],[74.0463114749856,18.163915427934981,0.0],[74.046243098756008,18.163501457237981,0.0],[74.04610535584429,18.16338160213877,0.0],[74.045178173009376,18.16237708936745,0.0],[74.044908775224144,18.161489156517241,0.0],[74.044677639562082,18.160605680924402,0.0],[74.044446505067626,18.15972220507696,0.0],[74.04416840505769,18.158709250650539,0.0],[74.044119444084288,18.15846968781177,0.0],[74.044055914858731,18.15832230343096,0.0],[74.043942996418892,18.158003733336852,0.0],[74.043890897241923,18.157741593698301,0.0],[74.043912498457416,18.157630764326619,0.0],[74.043873618563865,18.157373792958271,0.0],[74.043847032576693,18.157190247997519,0.0],[74.043779501334384,18.156831405657361,0.0],[74.04374539094259,18.15666254802013,0.0],[74.043631790961243,18.156583300182039,0.0],[74.043532398048981,18.155671019843041,0.0],[74.043447399915294,18.154803345864259,0.0],[74.043391917714857,18.15426347131055,0.0],[74.043316294233307,18.154069301013319,0.0],[74.043239593715967,18.153822760402949,0.0],[74.043250933395925,18.15340513640524,0.0],[74.043255856238332,18.153318546645519,0.0],[74.043421239600022,18.152585925726591,0.0],[74.042929002489473,18.15203685726345,0.0],[74.042564465865468,18.15158616718336,0.0],[74.042475467068968,18.150837420412572,0.0],[74.04367436794378,18.150474714020451,0.0],[74.043886132892325,18.15038304483857,0.0],[74.044055589347195,18.150334602008218,0.0],[74.044192311575088,18.15029340259894,0.0],[74.044273447108864,18.150256040795799,0.0],[74.044513029978802,18.150120768600761,0.0],[74.045061109122074,18.149800091026709,0.0],[74.045163659128036,18.149690020140259,0.0],[74.045184529055661,18.149659342966299,0.0],[74.045255032964903,18.149547143700779,0.0],[74.045360139767638,18.149372128482138,0.0],[74.045552834724433,18.149104205023121,0.0],[74.04577320334478,18.148750869783939,0.0],[74.045957252510163,18.148386173868388,0.0],[74.046072006519424,18.14821274691279,0.0],[74.046192094760059,18.148072588902991,0.0],[74.046336732633975,18.147922451301358,0.0],[74.046530646379281,18.147684404340101,0.0],[74.046602149915969,18.147595175504179,0.0],[74.046697475815904,18.147381643789391,0.0],[74.046776357516237,18.147211790959069,0.0],[74.04686104301868,18.14708609869739,0.0],[74.047029616839779,18.146934656576789,0.0],[74.046981484303544,18.146610678180039,0.0],[74.046962387525312,18.146474766410201,0.0],[74.046929239912217,18.146315997012248,0.0],[74.046912934181691,18.146226221883161,0.0],[74.046951029257627,18.145996732753741,0.0],[74.04696591692057,18.14541318173092,0.0],[74.047050917296829,18.144533407252329,0.0],[74.04711574246933,18.143516465611029,0.0],[74.047168016723262,18.142166625285551,0.0],[74.047220290590175,18.14081678563063,0.0],[74.047284628672642,18.139869781311742,0.0],[74.047559447563955,18.139402901599169,0.0],[74.047213905754276,18.139099555931981,0.0],[74.046607559573573,18.138591901548221,0.0],[74.045895212970422,18.137877242165139,0.0],[74.044893003883701,18.13683929460548,0.0],[74.044595845453117,18.136502184665162,0.0],[74.04399954757541,18.13602550872216,0.0],[74.042893946558877,18.13522724633853,0.0],[74.04178835570832,18.134428978910488,0.0],[74.040747850225543,18.133885105161731,0.0],[74.040474337539919,18.133738662501049,0.0],[74.038755670877904,18.133001821573821,0.0],[74.038371589403638,18.132995636075432,0.0],[74.037137908265834,18.132921178508951,0.0],[74.035928235859146,18.132787082020641,0.0],[74.034497328896748,18.132806726710839,0.0],[74.033950562751144,18.132807560134729,0.0],[74.032556485081003,18.13289094021393,0.0],[74.030885266615869,18.133207086902871,0.0],[74.029794263227032,18.133455143515679,0.0],[74.029164674975178,18.133093413861371,0.0],[74.02849279972223,18.132571148828308,0.0],[74.027426695628023,18.132423036881448,0.0],[74.026021370130977,18.132967085670341,0.0],[74.02527392725861,18.13359537887693,0.0],[74.024526479077949,18.13422366979114,0.0],[74.023779025593797,18.134851957508911,0.0],[74.023031565860848,18.135480242025132,0.0],[74.022284101774233,18.13610852244534,0.0],[74.02153663237857,18.136736800571821,0.0],[74.020748396680901,18.137589821764699,0.0],[74.019960154237097,18.13844283929512,0.0],[74.019358420831239,18.139958363663521,0.0],[74.018766265318774,18.14093665536085,0.0],[74.018174102084885,18.141914944818492,0.0],[74.016940836920526,18.143068689474219,0.0],[74.015433799987534,18.143753312903488,0.0],[74.014397546951741,18.144081722987419,0.0],[74.013361291256615,18.144410126394451,0.0],[74.012457982468291,18.144897014122702,0.0],[74.011554669775123,18.14538389734988,0.0],[74.010651352237147,18.145870775166941,0.0],[74.009748028898855,18.14635764937621,0.0],[74.009243922756113,18.14732220940358,0.0],[74.008739810877984,18.148286766844421,0.0],[74.008235692308546,18.149251323501009,0.0],[74.007731568948046,18.15021587757542,0.0],[74.007691186992346,18.1511279124657,0.0],[74.00765080436814,18.152039947242251,0.0],[74.007610420130064,18.15295198190012,0.0],[74.00757003617376,18.15386401554537,0.0],[74.007183553307371,18.15468989962865,0.0],[74.006797065704291,18.1555157817814,0.0],[74.006410574304525,18.15634166291208,0.0],[74.006024080053123,18.157167543025501,0.0],[74.005637581059162,18.15799342211178,0.0],[74.005251078267705,18.15881930017559,0.0],[74.004955576429623,18.15945072353319,0.0],[74.003261508189382,18.159636875039329,0.0],[74.002186226339816,18.15902979277347,0.0],[74.001110952128712,18.158422704816399,0.0],[74.000439876300476,18.15745185423204,0.0],[73.999768807726966,18.156481001569489,0.0],[73.999097746407585,18.155510146829211,0.0],[73.998355924405431,18.154803152612718,0.0],[73.997614108377789,18.15409615487037,0.0],[73.99687229831413,18.153389155410039,0.0],[73.996130494219344,18.15268215332836,0.0],[73.995180348821506,18.152583567691622,0.0],[73.994230204737647,18.152484977411682,0.0],[73.993280061973181,18.152386381584979,0.0],[73.992329921463352,18.152287782023901,0.0],[73.991379781323033,18.15218917781495,0.0],[73.990434145306338,18.152249538956269,0.0],[73.989488508888925,18.152309895415499,0.0],[73.988542872071079,18.152370247192682,0.0],[73.987597234853069,18.152430594287679,0.0],[73.986651597235181,18.152490936700541,0.0],[73.985705959217682,18.152551274431119,0.0],[73.984931355200388,18.15310453037749,0.0],[73.984156746380989,18.153657782931699,0.0],[73.984603806467462,18.154957457017851,0.0],[73.983620453858791,18.155305754813622,0.0],[73.982637098532265,18.155654047380452,0.0],[73.981653739537563,18.156002335616819,0.0],[73.980670376885243,18.156350617714981,0.0],[73.979687009625025,18.156698894573211,0.0],[73.978703639642504,18.157047167105109,0.0],[73.977640923979834,18.15721692578294,0.0],[73.976578207525037,18.157386677583201,0.0],[73.975515488377312,18.157556424303081,0.0],[73.974452767487591,18.157726165043741,0.0],[73.97339004580158,18.157895899809979,0.0],[73.972327321429034,18.15806562859165,0.0],[73.971587419331328,18.15865592676715,0.0],[73.970847512304033,18.1592462227146,0.0],[73.97010760035225,18.159836515529982,0.0],[73.96936768442113,18.160426805218069,0.0],[73.968700982032942,18.161163418860319,0.0],[73.96803427495648,18.16190002985963,0.0],[73.967990789683824,18.16194807460278,0.0],[73.967367562240838,18.162636639114261,0.0],[73.966700843896277,18.163373244816661,0.0],[73.966034119917211,18.164109847870051,0.0],[73.965367390303371,18.164846448274279,0.0],[73.964700655049043,18.165583046932671,0.0],[73.964033914164659,18.1663196420375,0.0],[73.96336716764462,18.16705623449225,0.0],[73.962700415488541,18.16779282429648,0.0],[73.962033657690881,18.168529412353791,0.0],[73.960157191038107,18.16938301424576,0.0],[73.959958555222826,18.169491006685359,0.0],[73.95930531202049,18.169846153573651,0.0],[73.959099303761803,18.16995815204071,0.0],[73.957204626459387,18.170832618569861,0.0],[73.956858122104222,18.17109601795616,0.0],[73.954009097243912,18.173261687016449,0.0],[73.952084165113618,18.175293308840939,0.0],[73.951964682270557,18.17541941271136,0.0],[73.951340510660202,18.175898928704601,0.0],[73.95051419480366,18.176533733357601,0.0],[73.94990892786565,18.176998715349828,0.0],[73.947435208197504,18.178450640873638,0.0],[73.946830375807451,18.178805632541462,0.0],[73.946501518646798,18.178980467552929,0.0],[73.944120532445595,18.180246276210141,0.0],[73.94172375241611,18.179721092183669,0.0],[73.940046864308741,18.17849278124255,0.0],[73.93841392297638,18.173972573945651,0.0],[73.938277605304719,18.17359521637114,0.0],[73.937113347698713,18.172645753568041,0.0],[73.933610982821676,18.17181244755357,0.0],[73.933075935594147,18.171600597120051,0.0],[73.930389924160792,18.171693650459691,0.0],[73.929848595463724,18.171615860194379,0.0],[73.926915670887411,18.17134691290266,0.0],[73.924460818172975,18.17133318953886,0.0],[73.923351516728516,18.171442989176441,0.0],[73.922965404780626,18.172766365375061,0.0],[73.922856356044107,18.17307342231857,0.0],[73.922838916372157,18.173122527500219,0.0],[73.922620684323647,18.1735925704923,0.0],[73.922561005217702,18.173574207597099,0.0],[73.922157946085918,18.174138739216271,0.0],[73.922043944107017,18.1744306576011,0.0],[73.921957168660825,18.174755561626501,0.0],[73.921898520885875,18.17502199110346,0.0],[73.921856052122209,18.175195867603701,0.0],[73.92178544390373,18.175629859613348,0.0],[73.921753939148445,18.176354611742259,0.0],[73.921852073340901,18.1763830023853,0.0],[73.921642237449717,18.177206821352581,0.0],[73.921668583202504,18.177447172844769,0.0],[73.921722657602572,18.177665532556919,0.0],[73.921738286098673,18.177759655701561,0.0],[73.92174430273802,18.177785378545899,0.0],[73.921744390799859,18.17780474932248,0.0],[73.921750556883225,18.17793573802696,0.0],[73.921744869116253,18.17794974625993,0.0],[73.92172305318654,18.178040390494051,0.0],[73.921697197332051,18.17814781667564,0.0],[73.92168736890234,18.17830012105291,0.0],[73.921674107716868,18.17842931436892,0.0],[73.921676084998808,18.178545446838839,0.0],[73.92165287167046,18.17873164319921,0.0],[73.921635382601664,18.17895051847611,0.0],[73.921643936019478,18.179129490792882,0.0],[73.921652134149539,18.17930104520735,0.0],[73.921652292348313,18.179432105904411,0.0],[73.921659846583196,18.179747089299731,0.0],[73.921648920931375,18.1800436289078,0.0],[73.921645126542842,18.180146623250259,0.0],[73.92161960501592,18.180223417049181,0.0],[73.921583290047082,18.1804271776554,0.0],[73.921575087675464,18.180594832614879,0.0],[73.921560026499392,18.18069886442073,0.0],[73.921554614922925,18.180717757877929,0.0],[73.921519009108394,18.180842084786459,0.0],[73.921478919578576,18.180971540408802,0.0],[73.92146381332968,18.18100827483666,0.0],[73.921352174788993,18.18118752925837,0.0],[73.921336027012998,18.18122896528725,0.0],[73.921257351421232,18.181430846749361,0.0],[73.921227976561809,18.181496754341989,0.0],[73.921215487861971,18.18152477353739,0.0],[73.921144829372679,18.181620243897601,0.0],[73.921095883973379,18.18168637591782,0.0],[73.920816981603977,18.182241079460439,0.0],[73.92080944545684,18.182235525348428,0.0],[73.919873344916667,18.183209561611481,0.0],[73.919704645895365,18.183336658615119,0.0],[73.919609386059662,18.183408426439239,0.0],[73.91910460274903,18.183687418388349,0.0],[73.918912174942378,18.183914313146051,0.0],[73.918785456016906,18.184014903699222,0.0],[73.918578892456765,18.184326663304951,0.0],[73.918515206843182,18.184422781821571,0.0],[73.918501936084581,18.184520820846512,0.0],[73.918487915088733,18.184538249584161,0.0],[73.918369833894872,18.184748714375878,0.0],[73.918303457215231,18.184935773059738,0.0],[73.918249093663221,18.185151804735369,0.0],[73.918195776364954,18.18542476644684,0.0],[73.918104357799919,18.185892792045319,0.0],[73.917809083259428,18.18616783891428,0.0],[73.917821525250815,18.186730323023809,0.0],[73.917899927975654,18.187022285483259,0.0],[73.917948665932329,18.187203777728929,0.0],[73.918158318380961,18.187721510282081,0.0],[73.918394760089015,18.188092113162071,0.0],[73.918513370283037,18.188328884218709,0.0],[73.918572423306713,18.188446767644809,0.0],[73.918644565712967,18.188526170443581,0.0],[73.918605096270255,18.188546230260268,0.0],[73.918613227967043,18.188768708536472,0.0],[73.918627022102882,18.18914612010375,0.0],[73.918671759133446,18.189432041127009,0.0],[73.918688740938236,18.189547892811181,0.0],[73.918697504076093,18.189607671447419,0.0],[73.918716249431725,18.18986138766833,0.0],[73.918723809761602,18.18996812563595,0.0],[73.918681757546139,18.190027648823449,0.0],[73.918583751087112,18.190262517498279,0.0],[73.918510647214148,18.190437706727959,0.0],[73.918370604033299,18.190773312422841,0.0],[73.918272996159033,18.1913131907307,0.0],[73.917602244186199,18.192806266540849,0.0],[73.917151350334464,18.193376479456688,0.0],[73.916645697537021,18.193781358364291,0.0],[73.916140297982864,18.19419537199159,0.0],[73.915387943871011,18.194536724776111,0.0],[73.914858383313927,18.19500751055191,0.0],[73.914977701448535,18.195894856205712,0.0],[73.91583649141775,18.19712566692413,0.0],[73.916473085734211,18.197975550521509,0.0],[73.917090548908249,18.199465023113738,0.0],[73.916837709806273,18.200481821214819,0.0],[73.916078246314854,18.201600097015131,0.0],[73.915453653954259,18.202282335046799,0.0],[73.913929744018546,18.202882350832581,0.0],[73.913108043042953,18.203665284321819,0.0],[73.912823990421899,18.204923054320609,0.0],[73.912560125446149,18.206284572137822,0.0],[73.912057078436376,18.206818072747112,0.0],[73.910898082537045,18.207653533484098,0.0],[73.910106985625504,18.208051346258589,0.0],[73.909290899538163,18.208597136384121,0.0],[73.908060678001917,18.20951269071983,0.0],[73.907794773599107,18.21016986587076,0.0],[73.907518041778161,18.21127421282365,0.0],[73.907404079522962,18.211808622089372,0.0],[73.907337629402477,18.212231257106311,0.0],[73.907276171029693,18.212899893441008,0.0],[73.906912278976719,18.213633397969492,0.0],[73.906650674676499,18.213993134403609,0.0],[73.906214753839677,18.214578933583851,0.0],[73.90562754148209,18.215163868310391,0.0],[73.905299483346553,18.215781242562191,0.0],[73.904777359409877,18.216325263453921,0.0],[73.904144828204821,18.217061537826151,0.0],[73.901092289047369,18.217742064837701,0.0],[73.899999595832341,18.21761063145836,0.0],[73.899286824746071,18.21767168421205,0.0],[73.898616689338667,18.21763084478189,0.0],[73.898005592397936,18.217413210094339,0.0],[73.89736606053215,18.217020464790899,0.0],[73.896537311803783,18.216748097033431,0.0],[73.895797686287594,18.216533675063332,0.0],[73.894502926161394,18.216594129755951,0.0],[73.893955561065795,18.21677917048568,0.0],[73.893130368656429,18.217274479933621,0.0],[73.892305170758817,18.21776978554886,0.0],[73.891479969264196,18.218265087342122,0.0],[73.891116774339778,18.218602452873551,0.0],[73.89098043676195,18.218810228042379,0.0],[73.890857839372629,18.218888231729171,0.0],[73.890193268195745,18.219286473180748,0.0],[73.889531270931343,18.219668765820369,0.0],[73.88896967535598,18.219979462486329,0.0],[73.888079865188942,18.220539206901591,0.0],[73.887213621119542,18.221226000022199,0.0],[73.887029623657,18.221394539350261,0.0],[73.886700740354812,18.221710949076279,0.0],[73.886507682568819,18.221853293759001,0.0],[73.886451283293241,18.22193533165467,0.0],[73.886037598955298,18.222337200712669,0.0],[73.885558763096853,18.223070130035861,0.0],[73.885332088907276,18.223362339011391,0.0],[73.885103853006015,18.223646768540121,0.0],[73.884898288854117,18.22396981117684,0.0],[73.884584780680811,18.224288953159519,0.0],[73.884041242550069,18.224627486505241,0.0],[73.883883381686175,18.224730778955109,0.0],[73.883639415487366,18.22489041189402,0.0],[73.883213560961565,18.225208073803682,0.0],[73.883027132893261,18.225297279302669,0.0],[73.882390598996267,18.225454457200801,0.0],[73.881649035126316,18.225643644757309,0.0],[73.880894661961023,18.225853308401589,0.0],[73.88033508594674,18.226000492612769,0.0],[73.879449481096927,18.22623342859475,0.0],[73.878840882429017,18.22643460713498,0.0],[73.878174603385048,18.226640737259629,0.0],[73.877761234991098,18.22676862135166,0.0],[73.874737581661179,18.228429300615652,0.0],[73.874377150951659,18.228646563895769,0.0],[73.873559603967905,18.229076259066581,0.0],[73.870212533126661,18.230072221962011,0.0],[73.86924106386914,18.23028834701303,0.0],[73.868269593436125,18.23050446700773,0.0],[73.866993658994389,18.23091506285801,0.0],[73.866226732313024,18.231368385137689,0.0],[73.865244974781675,18.232617241276511,0.0],[73.864930735139566,18.23350402119468,0.0],[73.864914354738048,18.234288028969949,0.0],[73.865458856390617,18.235441226566241,0.0],[73.865773190314826,18.236590103387599,0.0],[73.86539529392553,18.23767000375593,0.0],[73.863882934313665,18.238446963093949,0.0],[73.86336567207394,18.238597844946799,0.0],[73.862538547227288,18.238798430773631,0.0],[73.861534639170003,18.238998385285459,0.0],[73.860265498487649,18.239132010238201,0.0],[73.859164311155538,18.23918247299698,0.0],[73.857746627902017,18.239641540020092,0.0],[73.857349747882211,18.24003280666501,0.0],[73.856985418720939,18.24091090864286,0.0],[73.856871415634004,18.24181447438945,0.0],[73.856897030188676,18.242209541376251,0.0],[73.85680561459219,18.24268383629887,0.0],[73.8566962323046,18.243320457726039,0.0],[73.856634219669729,18.24384015613655,0.0],[73.856688376519983,18.244529680068581,0.0],[73.856567215214355,18.245027634765218,0.0],[73.856065909356246,18.24535391850824,0.0],[73.855506217581521,18.245474570346239,0.0],[73.855058959695512,18.245560193204529,0.0],[73.854452498362164,18.24568144968422,0.0],[73.85357497523016,18.245874759844941,0.0],[73.852891390664809,18.246043866457619,0.0],[73.852503683652387,18.246174467054949,0.0],[73.851813426041645,18.24653227976054,0.0],[73.851513337074763,18.246722784421578,0.0],[73.851217616474557,18.24693323490558,0.0],[73.850870680108883,18.247254819242141,0.0],[73.850455521191805,18.247891257647201,0.0],[73.849840706588537,18.248717695554749,0.0],[73.848889909927848,18.249869635963091,0.0],[73.848220543080501,18.25049775065575,0.0],[73.847750849106987,18.25073071136099,0.0],[73.846891641063351,18.250948011985091,0.0],[73.845844226358466,18.250659883221839,0.0],[73.8447968163686,18.25037174982042,0.0],[73.843974444478377,18.250045090761301,0.0],[73.843151479842177,18.249808478486852,0.0],[73.842464888306665,18.249822088935851,0.0],[73.841702485845431,18.24986751813254,0.0],[73.841056585001425,18.24993114768564,0.0],[73.840300732396997,18.25014425275732,0.0],[73.839814058943219,18.250141304236131,0.0],[73.839266414940155,18.250005504730371,0.0],[73.83784936176778,18.25011938736257,0.0],[73.837645754068447,18.25009440869767,0.0],[73.836737307930491,18.250023660229669,0.0],[73.835800658737767,18.250005046965502,0.0],[73.834905247344167,18.250430781011559,0.0],[73.83373598951529,18.251531813146261,0.0],[73.833592869133824,18.252437663685399,0.0],[73.833508328640065,18.253334969602331,0.0],[73.833275424931301,18.253931627581391,0.0],[73.832902278004781,18.254365542485399,0.0],[73.83243548761277,18.254606763967629,0.0],[73.831819574341466,18.254727907578889,0.0],[73.831397052927841,18.254816127468409,0.0],[73.831163965665112,18.254814704302941,0.0],[73.830848838759024,18.25501179984575,0.0],[73.829722441189091,18.255337747274879,0.0],[73.828735521482415,18.255550432818929,0.0],[73.828681800980362,18.255562010161938,0.0],[73.82798649085953,18.255591099988841,0.0],[73.827228285780478,18.255764605982851,0.0],[73.826527286721841,18.256152241144541,0.0],[73.825575553721194,18.256563784831439,0.0],[73.825314280558402,18.256664488691129,0.0],[73.824895670515701,18.256825835048161,0.0],[73.824551498307599,18.25695849013508,0.0],[73.823389942507106,18.2572687978044,0.0],[73.822421104502723,18.257445981046271,0.0],[73.821452265772919,18.257623159273489,0.0],[73.821134016286109,18.257592915728299,0.0],[73.820719543912972,18.257553528119399,0.0],[73.820373140253778,18.257490172336421,0.0],[73.82013780215361,18.257447128690771,0.0],[73.819674023400921,18.25736230305974,0.0],[73.81865810628581,18.25686237759199,0.0],[73.816842731223701,18.256092020625619,0.0],[73.815938553601924,18.25587303248188,0.0],[73.81501136488248,18.256058574449021,0.0],[73.813029139839969,18.256829344191491,0.0],[73.812403331013371,18.256855349599999,0.0],[73.810692378091119,18.257293037833701,0.0],[73.808754974579415,18.25790862574199,0.0],[73.807684123962389,18.258057371638749,0.0],[73.806743670375582,18.258350384794809,0.0],[73.805408711201423,18.258694728061069,0.0],[73.804505083660274,18.258843219891499,0.0],[73.803799403598404,18.259011514482999,0.0],[73.803114684418446,18.2593802155966,0.0],[73.802015420568139,18.259707178369219,0.0],[73.800953941602302,18.260112115802041,0.0],[73.799332585158027,18.260635493728881,0.0],[73.798620505635611,18.261083767599661,0.0],[73.797737637758317,18.261727445201998,0.0],[73.797190857756163,18.262098389333129,0.0],[73.796504366436181,18.26239996512016,0.0],[73.795327791951934,18.26259751892907,0.0],[73.794483398344184,18.262327213676731,0.0],[73.79318899836602,18.262395609276911,0.0],[73.792384816671458,18.262480492111429,0.0],[73.792156884583051,18.262576599934611,0.0],[73.791912809561182,18.262963105105481,0.0],[73.791677874031919,18.263873108759231,0.0],[73.79154394304318,18.26483608634511,0.0],[73.791410009304073,18.265799062746801,0.0],[73.791041656106685,18.266011792259849,0.0],[73.790848697991279,18.266055065294761,0.0],[73.79008513513071,18.265929649450339,0.0],[73.78979710130335,18.265553881086031,0.0],[73.789410023083278,18.265096975355341,0.0],[73.788961030494491,18.264715311985789,0.0],[73.788418408328084,18.2645445591534,0.0],[73.787430978367937,18.264367658950029,0.0],[73.786443550730326,18.26419075285958,0.0],[73.785456125403059,18.264013842689341,0.0],[73.784649858862124,18.263948702592071,0.0],[73.78399472912686,18.263504553501161,0.0],[73.783721855075783,18.263344439271041,0.0],[73.783109786650968,18.263260828953939,0.0],[73.781732340469048,18.26348571831555,0.0],[73.78071133816475,18.26402529919692,0.0],[73.779690329793539,18.264564874227421,0.0],[73.778759390896212,18.264893403482859,0.0],[73.777380707725342,18.265251770224339,0.0],[73.776014309661164,18.26561761903827,0.0],[73.774821812783799,18.265493299347121,0.0],[73.774153489116998,18.264950198537399,0.0],[73.774134743648972,18.26440168519413,0.0],[73.773642706250229,18.263064164821682,0.0],[73.773359272321585,18.262648842229162,0.0],[73.772493558525568,18.262528227686769,0.0],[73.771331819207504,18.262860757713199,0.0],[73.770170074935891,18.263193280404341,0.0],[73.768912434180507,18.26308451561944,0.0],[73.767801754257434,18.263164209723879,0.0],[73.767160617734476,18.263253569828159,0.0],[73.766686539989067,18.263160622023619,0.0],[73.766124423585993,18.263264869862219,0.0],[73.765326261693019,18.26349764094056,0.0],[73.765164094663689,18.26356408586032,0.0],[73.764429739426589,18.263864970452602,0.0],[73.763533213618203,18.264232294620289,0.0],[73.762454696096313,18.264748084786259,0.0],[73.761377109269901,18.265544922579011,0.0],[73.760755036719715,18.2658393394927,0.0],[73.760406161667618,18.26591618366745,0.0],[73.75967214676028,18.26596258013863,0.0],[73.758665631932843,18.26597483102805,0.0],[73.757659118263916,18.265987075714641,0.0],[73.756652603849375,18.265999315993309,0.0],[73.755620264226948,18.266222906933709,0.0],[73.755328882150877,18.266368515059671,0.0],[73.755189641609661,18.26644333271874,0.0],[73.754766242127232,18.266865150372979,0.0],[73.754604975833715,18.26701655178303,0.0],[73.753715477437979,18.267359210727491,0.0],[73.753588519197294,18.267379617905,0.0],[73.753441422284084,18.26739631705734,0.0],[73.753048388235939,18.267356596767641,0.0],[73.752912491131681,18.267349763863599,0.0],[73.752750233531685,18.2673319294666,0.0],[73.752552623863465,18.26732760464262,0.0],[73.752321287307751,18.267283151062522,0.0],[73.752158284971642,18.267266840314331,0.0],[73.751848908273814,18.267267648657121,0.0],[73.751834037907841,18.26726768718251,0.0],[73.751737581277439,18.267264929673409,0.0],[73.751627722192097,18.26729371023146,0.0],[73.751507145702291,18.267332762324099,0.0],[73.751394577168597,18.26736622683103,0.0],[73.751096033838351,18.267372272716699,0.0],[73.75091478000472,18.26739985837861,0.0],[73.750672210830572,18.26743351096529,0.0],[73.750403099133408,18.267477771485218,0.0],[73.750212466116523,18.267467918715219,0.0],[73.750164913890885,18.26746147938243,0.0],[73.749848271674594,18.267313151273321,0.0],[73.749624272399345,18.26731741109278,0.0],[73.749541016448291,18.267287975822519,0.0],[73.749403440344864,18.267257165173401,0.0],[73.749101979841143,18.26720834276065,0.0],[73.748908401028118,18.267161901754651,0.0],[73.748183333977124,18.267013439659792,0.0],[73.747124976533243,18.26695409046911,0.0],[73.746414288115844,18.26703545534702,0.0],[73.745816622085741,18.267548644130692,0.0],[73.74560264320381,18.268212906850561,0.0],[73.74555027954915,18.268609935964989,0.0],[73.745451375115152,18.26949982600409,0.0],[73.745421827760666,18.269853212209501,0.0],[73.745339203413138,18.270947719544392,0.0],[73.745063925614673,18.271265010602619,0.0],[73.743583846442363,18.27209180690712,0.0],[73.742754725277038,18.272466611342718,0.0],[73.7422419789781,18.272495429314372,0.0],[73.741637619129975,18.272529394945678,0.0],[73.740901248401457,18.272184258290949,0.0],[73.739777219729518,18.271689080176071,0.0],[73.738433616666995,18.27188860655885,0.0],[73.737602637145841,18.272723057342041,0.0],[73.736679723576231,18.274230696788081,0.0],[73.736486120126315,18.27475735967171,0.0],[73.735770150588579,18.275426533222362,0.0],[73.734302934250039,18.275894790266019,0.0],[73.732687763345496,18.276556216183579,0.0],[73.732193816128927,18.277341536135051,0.0],[73.732004112605878,18.2779878004336,0.0],[73.731858442921677,18.278495257197129,0.0],[73.731567288489558,18.279058461350729,0.0],[73.731128744083051,18.279422773814119,0.0],[73.730820164948639,18.279662738875189,0.0],[73.730321954823282,18.27980406137744,0.0],[73.728667779170152,18.280247879594022,0.0],[73.727689873476578,18.280363447379681,0.0],[73.727079211359296,18.280248236168749,0.0],[73.726190633809992,18.28016699431663,0.0],[73.725891370806906,18.280405053899869,0.0],[73.725332570792432,18.280692548628899,0.0],[73.725032279435823,18.280687511717929,0.0],[73.724143430067627,18.28055396115424,0.0],[73.723583263690273,18.280408728356932,0.0],[73.723088976230699,18.28020248356281,0.0],[73.722557666181828,18.28008795886592,0.0],[73.722001406154504,18.280203540057659,0.0],[73.721843083788812,18.28032777803908,0.0],[73.721291108545259,18.280982991949131,0.0],[73.720517042968496,18.28184488822756,0.0],[73.720206782272371,18.28215068309219,0.0],[73.719799079346032,18.282552515925559,0.0],[73.719544448962893,18.282680897036698,0.0],[73.718718866069636,18.28305501579247,0.0],[73.717644308735373,18.283499045448639,0.0],[73.717143355984092,18.28359758736379,0.0],[73.716162036024912,18.28381379028399,0.0],[73.715692108921445,18.28397774432937,0.0],[73.715084391744583,18.28426465915091,0.0],[73.714901696563473,18.284416285731719,0.0],[73.714466042836548,18.2853782826393,0.0],[73.713920525307472,18.28600516925707,0.0],[73.713445323739293,18.286238048593649,0.0],[73.71216775194938,18.28670035307594,0.0],[73.711607995981808,18.28703498378465,0.0],[73.710720934424231,18.287715266711121,0.0],[73.710616131871362,18.287855763412949,0.0],[73.710359523963277,18.28838972490469,0.0],[73.709880643895673,18.288898413148459,0.0],[73.708743207177548,18.289783587213432,0.0],[73.707862664239059,18.29024259793194,0.0],[73.706617475435948,18.290598671354289,0.0],[73.705372282996109,18.290954736336712,0.0],[73.704824431119803,18.290891612361339,0.0],[73.704061865577017,18.29058225913958,0.0],[73.703670942978931,18.290376288141601,0.0],[73.702797817319265,18.289998520188799,0.0],[73.701808039147451,18.28970982843714,0.0],[73.701395544254169,18.289663691221531,0.0],[73.700735224107689,18.289571902171289,0.0],[73.700474425904773,18.289569362517799,0.0],[73.699997493625219,18.28956471792765,0.0],[73.698401542956688,18.28953692520113,0.0],[73.697563503914878,18.28982846033373,0.0],[73.697249359816468,18.289911147090169,0.0],[73.69673711370298,18.29025595709663,0.0],[73.696092548328181,18.290653211381379,0.0],[73.695965421071506,18.290739245828512,0.0],[73.695744592491394,18.290888692069689,0.0],[73.695468359532541,18.29113643536045,0.0],[73.695334401179565,18.291355016672629,0.0],[73.695306523751199,18.291733780713951,0.0],[73.695220876536482,18.292272794300679,0.0],[73.69497696443436,18.29306317962579,0.0],[73.694902262513878,18.293544427036391,0.0],[73.694789121260271,18.29384725238031,0.0],[73.694573615884522,18.294232003161429,0.0],[73.694362735478748,18.294530739101731,0.0],[73.694133615462945,18.294866583036189,0.0],[73.693873035640706,18.295151462769319,0.0],[73.69367441217959,18.295482265250321,0.0],[73.693342265538078,18.29581337236689,0.0],[73.693012538291327,18.29602603369651,0.0],[73.692715890552918,18.296090346914909,0.0],[73.692504227830213,18.295993469733389,0.0],[73.692063513080072,18.29574556395173,0.0],[73.69186013869718,18.295629714771721,0.0],[73.691220533712524,18.295165520265201,0.0],[73.690478314289479,18.294635842625091,0.0],[73.689401318487015,18.293883007976071,0.0],[73.68870391395825,18.293635255098138,0.0],[73.687716835168786,18.294069626417411,0.0],[73.686584206491105,18.295069361720159,0.0],[73.686213464523732,18.295303389308781,0.0],[73.685751952707491,18.295353520028922,0.0],[73.685727070314343,18.295356348950701,0.0],[73.684700736119908,18.295080024095579,0.0],[73.683915322387818,18.294621120656888,0.0],[73.683410864712627,18.29425324346083,0.0],[73.682292717435459,18.294027930243779,0.0],[73.681443777225411,18.29454536013052,0.0],[73.680974120913845,18.29533934697751,0.0],[73.680604957008242,18.295883075890838,0.0],[73.680038537133882,18.296442902147991,0.0],[73.679245787601857,18.297373474033702,0.0],[73.678400011990917,18.297900032920591,0.0],[73.677926875005369,18.298242994521519,0.0],[73.677010472775592,18.29838918790951,0.0],[73.676252061335532,18.298252788137589,0.0],[73.676098600322277,18.29857578288102,0.0],[73.676395153169921,18.299333662347369,0.0],[73.676354608099018,18.299757187167781,0.0],[73.676135593386775,18.300445933378889,0.0],[73.675935237825712,18.30023093651717,0.0],[73.675704434840711,18.30033786361555,0.0],[73.675480297794735,18.300543928063931,0.0],[73.67544329845019,18.300739834672711,0.0],[73.675264592403636,18.300973716176308,0.0],[73.674963400120603,18.30145190175417,0.0],[73.674877563835153,18.301496624682489,0.0],[73.67482493906914,18.30228150125366,0.0],[73.6746880304391,18.302334163287519,0.0],[73.674736807122514,18.302671649923791,0.0],[73.675083890267302,18.30262329526791,0.0],[73.674765911189553,18.302930618285469,0.0],[73.674776973338666,18.303289331749561,0.0],[73.674801179640468,18.303607528636839,0.0],[73.674843724649222,18.304056272436679,0.0],[73.674665557369181,18.304792924015899,0.0],[73.674665855481749,18.304794029429299,0.0],[73.674781910070124,18.30522445784425,0.0],[73.674844824753038,18.305402937741711,0.0],[73.67469373904936,18.305636386451908,0.0],[73.674755933600281,18.305938136833991,0.0],[73.674855547218783,18.306854732238051,0.0],[73.674885536957049,18.306968726697399,0.0],[73.674883528374949,18.307474657071442,0.0],[73.675075903912756,18.307587116307321,0.0],[73.67508708340246,18.307881183160148,0.0],[73.675220807082709,18.307938624695399,0.0],[73.675806208359802,18.309374427258959,0.0],[73.676186456579629,18.30993857893186,0.0],[73.676203841003371,18.31009825699055,0.0],[73.676273356040454,18.310327968062481,0.0],[73.676470983170475,18.311011020775471,0.0],[73.676569824944167,18.311342429210001,0.0],[73.676543068222927,18.311767989138261,0.0],[73.676522922002917,18.311905564182499,0.0],[73.676523299019252,18.31229228579743,0.0],[73.67661789802672,18.312701151911071,0.0],[73.676778117527817,18.313688648748329,0.0],[73.676938338458513,18.314676146371049,0.0],[73.676983909651042,18.31473679195652,0.0],[73.677139411389419,18.31538531229803,0.0],[73.677808361014627,18.31615559445417,0.0],[73.678171802694294,18.317597846155639,0.0],[73.67812140906986,18.31803633442205,0.0],[73.678084774670509,18.318355090803699,0.0],[73.67797856637263,18.3188867497622,0.0],[73.677917019114304,18.319475780152821,0.0],[73.677520792970327,18.320912919862579,0.0],[73.678014003662895,18.321282852823721,0.0],[73.67828594496541,18.321492276517109,0.0],[73.678598389361653,18.32173289115844,0.0],[73.678881695643597,18.32204759993088,0.0],[73.678806909320144,18.322292483508779,0.0],[73.67870153485508,18.322488978576359,0.0],[73.678705176769128,18.32255413452204,0.0],[73.678664455318028,18.32262155228916,0.0],[73.678703640931147,18.323139019032379,0.0],[73.678742182120104,18.3232775382643,0.0],[73.678725307956725,18.323649210319122,0.0],[73.678683717667028,18.32399339416067,0.0],[73.678709216929164,18.324463531928739,0.0],[73.678682695021536,18.324999847064319,0.0],[73.678832247575045,18.32520601346128,0.0],[73.67940999025933,18.325715961376051,0.0],[73.679729049076499,18.32636117436785,0.0],[73.679994606899797,18.32690321144743,0.0],[73.680217977685345,18.326931001388619,0.0],[73.680547567128485,18.327458393642601,0.0],[73.680590883168477,18.32811593386371,0.0],[73.680583360444032,18.32827932583535,0.0],[73.680352052180481,18.328333869741741,0.0],[73.680219034653817,18.32840946239935,0.0],[73.679974691215577,18.328625534256162,0.0],[73.679538636780336,18.328946520457741,0.0],[73.678498607212148,18.329692768212531,0.0],[73.678285509419254,18.329901910873598,0.0],[73.678168964483874,18.330016291857319,0.0],[73.677703149561509,18.330658267305761,0.0],[73.677480222162728,18.330820272056101,0.0],[73.676753271885559,18.3316097636942,0.0],[73.676630424491464,18.33178464994732,0.0],[73.676489469610019,18.332193659632999,0.0],[73.676421474625457,18.33247577071522,0.0],[73.676326787760786,18.332766717507401,0.0],[73.676271658691874,18.33314531698149,0.0],[73.676204206857918,18.333296160217269,0.0],[73.676124854299232,18.333421284598881,0.0],[73.67603002413307,18.333523826204772,0.0],[73.675858624188677,18.333670277907899,0.0],[73.675617036270083,18.33389991703821,0.0],[73.675443842254552,18.334094859512408,0.0],[73.67510570820555,18.33454307322204,0.0],[73.674919568656307,18.334767204851019,0.0],[73.674701170831597,18.33501011556136,0.0],[73.674584175540744,18.335100253479691,0.0],[73.673865549781368,18.335545022552338,0.0],[73.673271106688375,18.33593273780053,0.0],[73.673119922374738,18.335995175325561,0.0],[73.672424469223472,18.336059287460881,0.0],[73.672111554904419,18.3364061092044,0.0],[73.671762546932143,18.33679758241405,0.0],[73.671618386663738,18.337027545722211,0.0],[73.671466368438772,18.337340000396381,0.0],[73.671327832958156,18.337591221799141,0.0],[73.67115027254755,18.337785604376741,0.0],[73.670884388573668,18.337964977052611,0.0],[73.67075621578249,18.338068415487669,0.0],[73.670654162334515,18.338207920223709,0.0],[73.670599873556526,18.338305003328021,0.0],[73.670493410017457,18.338464725878168,0.0],[73.670403466549303,18.338621614097711,0.0],[73.670283179812216,18.338764901466121,0.0],[73.670135400232041,18.33891445435459,0.0],[73.670052485257827,18.339053724418029,0.0],[73.669948923481684,18.339298960696478,0.0],[73.669773340008916,18.339755686341181,0.0],[73.669241984678308,18.340640063486859,0.0],[73.668843428019912,18.341485318849479,0.0],[73.668444867248084,18.342330573961661,0.0],[73.668170159152325,18.342480042557,0.0],[73.667452959119771,18.34257373423954,0.0],[73.667199499506509,18.342862356877131,0.0],[73.667197085311898,18.34293669012704,0.0],[73.666946379748552,18.342782401733182,0.0],[73.66661694068425,18.342853566636389,0.0],[73.666513297620398,18.342898987498341,0.0],[73.665999048936598,18.342971627083092,0.0],[73.665655528807292,18.343056976378119,0.0],[73.664721410907148,18.343124008903409,0.0],[73.66437642277117,18.342861885824089,0.0],[73.664088195044044,18.34272190650843,0.0],[73.663660758869909,18.342300581495149,0.0],[73.662905368670593,18.341902004259179,0.0],[73.661432936896645,18.341157739102108,0.0],[73.661272288117729,18.340900966063,0.0],[73.660973811938916,18.34090090746675,0.0],[73.660793092986594,18.341026441146241,0.0],[73.660290699221648,18.341013381423181,0.0],[73.659898315948894,18.34112717577149,0.0],[73.658895245281357,18.34106727734267,0.0],[73.657665322260371,18.341115738464179,0.0],[73.656851380269003,18.340796210286669,0.0],[73.656150402851495,18.34047719411311,0.0],[73.655446465357443,18.340571617343819,0.0],[73.655126375386587,18.34038989656932,0.0],[73.654888684829757,18.340269446362431,0.0],[73.654539037491034,18.340371010397529,0.0],[73.654466429739259,18.340406923298339,0.0],[73.654274609258238,18.34050180147262,0.0],[73.654200580180088,18.341053056546009,0.0],[73.654187146942775,18.341153085792371,0.0],[73.654109319585487,18.341769765715139,0.0],[73.653243310272558,18.341618896844629,0.0],[73.652931361270802,18.341477389070601,0.0],[73.652406056087244,18.341065960203029,0.0],[73.651845131089118,18.34063306359575,0.0],[73.651242923252838,18.34042389408696,0.0],[73.650334333284135,18.34027806343784,0.0],[73.649981115971215,18.340085893323259,0.0],[73.649351758225507,18.339702203961899,0.0],[73.64905040868662,18.339657702104301,0.0],[73.648968211741888,18.33963812442985,0.0],[73.64777211880839,18.33889221814572,0.0],[73.646956359490133,18.33839617576335,0.0],[73.645864898834006,18.33777698749401,0.0],[73.64503776685045,18.337472637319351,0.0],[73.644600322765584,18.33730782565183,0.0],[73.644306089345591,18.337204166890579,0.0],[73.644244680514888,18.337174067751679,0.0],[73.643909247244608,18.336962662335949,0.0],[73.643151256510393,18.336492788848471,0.0],[73.643121345454517,18.336469285893919,0.0],[73.642486983647601,18.33672864061414,0.0],[73.641384477801139,18.336868590590552,0.0],[73.641341428915567,18.33688817176915,0.0],[73.640878392605273,18.336801523872289,0.0],[73.640824739147035,18.33679753323111,0.0],[73.639902002553413,18.336844671213989,0.0],[73.639076977289548,18.33689104460332,0.0],[73.638960616095275,18.336892131517398,0.0],[73.638281046640444,18.336885879644338,0.0],[73.638115699685954,18.336892292767811,0.0],[73.637792487798819,18.336799393568281,0.0],[73.637240731187418,18.337194354666789,0.0],[73.63622961239605,18.337310685081171,0.0],[73.636121737952905,18.337241885812809,0.0],[73.634657048063374,18.337500424695751,0.0],[73.633443318738287,18.337681325986939,0.0],[73.632229588368361,18.337862220290312,0.0],[73.631643857949072,18.337711738743131,0.0],[73.631341769513213,18.337750445870672,0.0],[73.630734970682866,18.33761934218392,0.0],[73.630094236388686,18.336928110255631,0.0]],[[73.736003342133458,18.787821852738279,0.0],[73.735925474039604,18.787679232440791,0.0],[73.736264392151341,18.788299979270889,0.0],[73.736003342133458,18.787821852738279,0.0]],[[73.733820215885999,18.784066915695298,0.0],[73.733394498065636,18.783361452816791,0.0],[73.734003509102521,18.784370649947689,0.0],[73.733820215885999,18.784066915695298,0.0]],[[73.778104298283736,18.7327650888138,0.0],[73.777405497875478,18.73313275921296,0.0],[73.777225558668775,18.73322743211892,0.0],[73.778104298283736,18.7327650888138,0.0]],[[73.787302323389227,18.720961365081319,0.0],[73.786450428386004,18.720982028258689,0.0],[73.785705194606592,18.72107444523704,0.0],[73.785355058428266,18.72109926523925,0.0],[73.784928047609085,18.721098839956682,0.0],[73.784941672358414,18.720884818772749,0.0],[73.784342888829812,18.720949284707459,0.0],[73.783790696751467,18.720546836847621,0.0],[73.783696021506671,18.719466027457589,0.0],[73.783601346096319,18.71838521705666,0.0],[73.783262607555969,18.717387012293571,0.0],[73.783020998267475,18.716785956638081,0.0],[73.782689790712297,18.71593462674106,0.0],[73.782358585287852,18.715083297269071,0.0],[73.781998018811819,18.714117343984789,0.0],[73.781637455182263,18.713151390136439,0.0],[73.781276895340682,18.712185436633892,0.0],[73.781032128987135,18.711282586426179,0.0],[73.780787364950811,18.71037973596199,0.0],[73.780542600477361,18.709476872572491,0.0],[73.780487980421086,18.70925746477856,0.0],[73.780339835923499,18.708492651620318,0.0],[73.780121850774563,18.707469990257689,0.0],[73.78015242433473,18.707187333976702,0.0],[73.779916416442575,18.706097315748469,0.0],[73.779680410198907,18.705007298169392,0.0],[73.779444407512912,18.703917279444621,0.0],[73.779208407423084,18.702827261375219,0.0],[73.778990073790439,18.701809113811638,0.0],[73.778798121437774,18.701048216126779,0.0],[73.778750098323016,18.700857851161949,0.0],[73.778408306542815,18.699783298278518,0.0],[73.77815140443731,18.698661168710611,0.0],[73.77787372952217,18.69749776735009,0.0],[73.777746143876882,18.696939168970811,0.0],[73.777613368368691,18.69634779623831,0.0],[73.777330164581542,18.69519754576784,0.0],[73.77717710829107,18.694198926523061,0.0],[73.776907557047466,18.693065433830391,0.0],[73.77656334135763,18.69185053252583,0.0],[73.776243809491618,18.690776154943219,0.0],[73.776003095667832,18.689516102893439,0.0],[73.775793507103799,18.68838951614622,0.0],[73.775547492832885,18.687270520531101,0.0],[73.774475954240515,18.68741738213653,0.0],[73.773404414179595,18.68756423751195,0.0],[73.772332872650523,18.687711086657199,0.0],[73.771261329653598,18.68785792957215,0.0],[73.770189785189388,18.688004766256601,0.0],[73.77024618022628,18.688762603848161,0.0],[73.770474727063529,18.689579681471638,0.0],[73.770489058921711,18.68966734549716,0.0],[73.770670200023503,18.690775278747662,0.0],[73.770771820342702,18.691434828060469,0.0],[73.770880878096051,18.692189527903281,0.0],[73.77110650600973,18.69324625154028,0.0],[73.771163256715667,18.69346067029311,0.0],[73.771094560316328,18.693477306978341,0.0],[73.769932321101109,18.693758779929929,0.0],[73.769706856447797,18.693805630944791,0.0],[73.769497274327293,18.694143752223891,0.0],[73.768853833857918,18.694312372613819,0.0],[73.768259179874732,18.694573242956189,0.0],[73.767623992618141,18.694742832167261,0.0],[73.766961623664059,18.694943664211301,0.0],[73.766374672181769,18.695247458918651,0.0],[73.765869493477339,18.695394587028389,0.0],[73.765348866951925,18.69552867837189,0.0],[73.764463731515335,18.695718581708871,0.0],[73.763067895575304,18.6959919247583,0.0],[73.762086874335026,18.69618192060452,0.0],[73.761350161621863,18.69646338368344,0.0],[73.760768528356479,18.696746751430751,0.0],[73.759885436541609,18.69691763640224,0.0],[73.75923925845261,18.696857289313201,0.0],[73.758101623415158,18.697081906373551,0.0],[73.757909566750257,18.697092496310201,0.0],[73.756111263630004,18.697264830801039,0.0],[73.755994934681411,18.697314538482761,0.0],[73.754238687307648,18.697537578744221,0.0],[73.752882008046868,18.697971772815801,0.0],[73.751707668592744,18.698464842748731,0.0],[73.750640052944505,18.698911854322521,0.0],[73.749545033991595,18.69938549455696,0.0],[73.748265622663155,18.699925442257541,0.0],[73.747306072758619,18.700134892848862,0.0],[73.746811773091778,18.70029482598035,0.0],[73.746081635009304,18.700574913387261,0.0],[73.745708258546117,18.70098737025976,0.0],[73.745302331214688,18.7012469691463,0.0],[73.744791454940085,18.701418086454069,0.0],[73.744388192287531,18.701725959098649,0.0],[73.743967678759091,18.701762700368711,0.0],[73.743642473132468,18.701883061849411,0.0],[73.743230365002844,18.702272866445579,0.0],[73.741452090708663,18.701982404765388,0.0],[73.74013442951339,18.701964540412629,0.0],[73.738998280270906,18.702052178398741,0.0],[73.738031406116605,18.702375083733411,0.0],[73.737239950471107,18.7029644426574,0.0],[73.736448489422173,18.7035537987827,0.0],[73.735657022976298,18.704143151205479,0.0],[73.734865551133396,18.704732499925349,0.0],[73.733912703275379,18.705434717942001,0.0],[73.732959846732115,18.70613693059035,0.0],[73.731850089659119,18.706676856216159,0.0],[73.730740325867615,18.70721677391807,0.0],[73.728939539180644,18.707457446239619,0.0],[73.727259200247175,18.707244495396179,0.0],[73.726291532197521,18.70712841549005,0.0],[73.725323864842792,18.707012330657751,0.0],[73.723920629218384,18.706928951848731,0.0],[73.72384426044195,18.70644983168355,0.0],[73.722139911288266,18.70630858848229,0.0],[73.720884525428488,18.706094908656819,0.0],[73.719893597415961,18.705800428056069,0.0],[73.718902672203868,18.70550594150189,0.0],[73.717911750726955,18.70521145080814,0.0],[73.71692083394062,18.704916955077941,0.0],[73.715929919955343,18.704622453395061,0.0],[73.714726197790284,18.704677978750489,0.0],[73.713903500330005,18.705128668302411,0.0],[73.713176609750079,18.706121904997861,0.0],[73.712584551747497,18.70772948136025,0.0],[73.712172871579938,18.70929898187164,0.0],[73.711463199880697,18.71065359046214,0.0],[73.711412667167082,18.71156317402513,0.0],[73.712106982299346,18.712338846173839,0.0],[73.713290911881472,18.713184499379349,0.0],[73.713524057136738,18.71409975892346,0.0],[73.713363889864652,18.715448423680449,0.0],[73.713097903228018,18.716251039260531,0.0],[73.712652929363784,18.717059315456179,0.0],[73.712207952033197,18.71786759027874,0.0],[73.711762970287666,18.718675863721511,0.0],[73.711317983178546,18.71948413577784,0.0],[73.710872992602205,18.720292406460661,0.0],[73.710427997610026,18.721100675763271,0.0],[73.709984730625024,18.72214787797466,0.0],[73.709541456878767,18.723195077783441,0.0],[73.709101581900754,18.724476875427069,0.0],[73.709300742779149,18.725980033022381,0.0],[73.709804062398007,18.727166349107751,0.0],[73.710379689721861,18.72860644539433,0.0],[73.710884522985893,18.729446371646802,0.0],[73.711389361055396,18.730286296765019,0.0],[73.711861343968792,18.73118731831951,0.0],[73.712333331650129,18.73208833890061,0.0],[73.712511851208788,18.733020485951119,0.0],[73.712567457224864,18.7333108347697,0.0],[73.712690372405731,18.733952631955219,0.0],[73.712801586561014,18.734533329496159,0.0],[73.712275605510428,18.734691693673081,0.0],[73.710662927839863,18.734853191527819,0.0],[73.71067862547909,18.7349775543505,0.0],[73.710186209239467,18.73502461179736,0.0],[73.708940086376685,18.735160333995079,0.0],[73.70769396205975,18.735296048677011,0.0],[73.706447837251417,18.73543175404243,0.0],[73.705208287446098,18.735559860972661,0.0],[73.703968736318515,18.735687958674259,0.0],[73.702725295673858,18.735833013474679,0.0],[73.701481852500351,18.735978059875649,0.0],[73.700361335576915,18.736108759924591,0.0],[73.700238407746994,18.736123097883649,0.0],[73.699802042950424,18.735600192733109,0.0],[73.698751839877787,18.734821008173711,0.0],[73.698200343614019,18.73485522483762,0.0],[73.697467879821275,18.73420148772254,0.0],[73.696758512354677,18.73356835742095,0.0],[73.697839586873371,18.733353129741591,0.0],[73.697843488456996,18.733171455777558,0.0],[73.697426388555257,18.732751359397959,0.0],[73.697601899338522,18.732239739534361,0.0],[73.697575932141248,18.73211282787782,0.0],[73.697452049249378,18.73158056324413,0.0],[73.697405613675755,18.731378526874739,0.0],[73.697403695469603,18.731370179552979,0.0],[73.697297723898771,18.730909106405601,0.0],[73.697078473039255,18.729786010837291,0.0],[73.695719821187353,18.730252867913489,0.0],[73.695671925872674,18.73014854530938,0.0],[73.695342773777213,18.729431609723282,0.0],[73.695329272068349,18.729341692537581,0.0],[73.695230054148354,18.728680931221721,0.0],[73.693682293138195,18.72894508167191,0.0],[73.694417388435227,18.729844848345,0.0],[73.694896475642494,18.73029016517809,0.0],[73.695291526339204,18.73120492210094,0.0],[73.693965481901714,18.731337230719241,0.0],[73.693127324720734,18.73137734516029,0.0],[73.692062004509239,18.731520304296101,0.0],[73.692026336946341,18.73152458039069,0.0],[73.69200808607728,18.73152588962537,0.0],[73.69121536640921,18.731582753057062,0.0],[73.691165955417318,18.731111764362009,0.0],[73.691110056675328,18.730578937179679,0.0],[73.691004747790387,18.729575121214449,0.0],[73.690899439754105,18.728571305161449,0.0],[73.690794131618205,18.727567489013961,0.0],[73.690688825272161,18.726563673688862,0.0],[73.690583519781512,18.72555985737247,0.0],[73.690008172858214,18.72463590373555,0.0],[73.690274087729421,18.724054564947838,0.0],[73.691183746236263,18.723758514657639,0.0],[73.691466780866392,18.72394607597456,0.0],[73.692604113679351,18.723460057010929,0.0],[73.693741439418702,18.72297402980708,0.0],[73.694985719498519,18.722309742077261,0.0],[73.69595565169044,18.721219717172321,0.0],[73.696480899014119,18.720440739453469,0.0],[73.697006141390943,18.719661759001571,0.0],[73.697178789762219,18.718665886836749,0.0],[73.697351436678829,18.717670014293201,0.0],[73.69752408025127,18.716674140454291,0.0],[73.697303945960073,18.715518312279599,0.0],[73.697083814151483,18.714362483889762,0.0],[73.696915162424148,18.71384560041626,0.0],[73.696910866100723,18.712830253213578,0.0],[73.696906570363126,18.7118149068171,0.0],[73.6968651368595,18.71033114368494,0.0],[73.697004430512905,18.70949907156286,0.0],[73.697122246292679,18.709051280816421,0.0],[73.697139558453344,18.708985479200742,0.0],[73.697531101468158,18.707784084956369,0.0],[73.697593380051643,18.707644272894971,0.0],[73.697635591500145,18.707549509114418,0.0],[73.69772641177984,18.707460430618479,0.0],[73.698088614523272,18.706782938391321,0.0],[73.698245553919122,18.706539571917912,0.0],[73.698614260870599,18.705967814384589,0.0],[73.698698585666548,18.705876672471579,0.0],[73.699092809331106,18.705450576798391,0.0],[73.699475667244755,18.704841255632669,0.0],[73.699431223950512,18.703873056069629,0.0],[73.699386780793475,18.702904856429519,0.0],[73.699358453613073,18.701610912739689,0.0],[73.699412790427957,18.700444141894351,0.0],[73.699467126917952,18.699277369949691,0.0],[73.699525235675793,18.69844104131214,0.0],[73.700637652465403,18.698277143578238,0.0],[73.701245062807104,18.698160047973861,0.0],[73.702362721629669,18.698026598032929,0.0],[73.703037732718016,18.697954373240059,0.0],[73.704375568459525,18.69787827623664,0.0],[73.704557067307604,18.697554743616351,0.0],[73.704599452104034,18.696544029701911,0.0],[73.705157216491514,18.695633536995199,0.0],[73.705714973751,18.694723042174939,0.0],[73.706272725779456,18.693812545254438,0.0],[73.706593934255707,18.692680930971321,0.0],[73.707261833413568,18.691912272930029,0.0],[73.707929726469473,18.691143612083451,0.0],[73.708597613416899,18.690374949335482,0.0],[73.7092654942698,18.689606282879279,0.0],[73.71038838726794,18.688447944967361,0.0],[73.71081348329956,18.68759780372033,0.0],[73.711238575818058,18.686747661185041,0.0],[73.711747563040788,18.685474466395359,0.0],[73.711975622321688,18.684002922323049,0.0],[73.711975695335767,18.68343309954464,0.0],[73.711864335336386,18.68232322259913,0.0],[73.711933909166447,18.682112690330829,0.0],[73.711998780646994,18.681927421593159,0.0],[73.712069828277563,18.681188268209819,0.0],[73.712082468020697,18.681014455715381,0.0],[73.712062463382594,18.68078531391777,0.0],[73.71202361633182,18.67999867657463,0.0],[73.712004930282149,18.679707719244082,0.0],[73.71200686062663,18.67950092440498,0.0],[73.711982808408933,18.67925662192857,0.0],[73.711961960621679,18.678822119229199,0.0],[73.711931613772251,18.67841708875503,0.0],[73.711937226547732,18.67780132854957,0.0],[73.711879668016834,18.676822671375671,0.0],[73.711792711170062,18.675930563231471,0.0],[73.711702711543595,18.67541503106008,0.0],[73.711599734835673,18.674883049789489,0.0],[73.711471786566023,18.674159872380969,0.0],[73.711296042057597,18.67279960937665,0.0],[73.711206255723098,18.67169188195782,0.0],[73.711198067361792,18.67159085644391,0.0],[73.711193217800556,18.671531028079361,0.0],[73.711190486016847,18.671497326987971,0.0],[73.711187864250675,18.67144028531062,0.0],[73.711184890810671,18.671375582157751,0.0],[73.711178902520274,18.671245257491371,0.0],[73.711129795525565,18.670176504791112,0.0],[73.711116278440841,18.668911246217601,0.0],[73.711125344322639,18.66770890055788,0.0],[73.711134411422108,18.66650655294605,0.0],[73.711153568140602,18.665741897494499,0.0],[73.711133185383162,18.664824620627069,0.0],[73.71111280251661,18.66390734368343,0.0],[73.711089230493315,18.663835677712349,0.0],[73.711039278453413,18.663683806276769,0.0],[73.711021312408434,18.66362918486481,0.0],[73.711017229668215,18.663572526196329,0.0],[73.711010466275695,18.663478668860431,0.0],[73.710961320911835,18.663286423866751,0.0],[73.710956430799598,18.663253940475169,0.0],[73.71094923877358,18.66320615839188,0.0],[73.710850411606373,18.662611260824072,0.0],[73.710740903983321,18.661909900604769,0.0],[73.71056243183989,18.660784743474501,0.0],[73.710513557550442,18.660364680920889,0.0],[73.710457484532569,18.660090986711829,0.0],[73.710737892779591,18.659949631984031,0.0],[73.711809718634186,18.659500843211958,0.0],[73.712345272185885,18.658792870052459,0.0],[73.712878337825558,18.657976729281181,0.0],[73.713411397258952,18.657160586613209,0.0],[73.714083389706559,18.656465183214511,0.0],[73.714755376655532,18.65576977612719,0.0],[73.716857227706328,18.655057829712089,0.0],[73.717734278238979,18.65468175295192,0.0],[73.718611325122694,18.654305671849219,0.0],[73.719718841607332,18.653836229702819,0.0],[73.720271018413285,18.65332175074391,0.0],[73.720619002120145,18.652927995236301,0.0],[73.720683742580491,18.652867531913959,0.0],[73.721039130654617,18.652318411080671,0.0],[73.721319733752267,18.651735698952681,0.0],[73.721603921458225,18.651123551667339,0.0],[73.72181633864183,18.650374316888481,0.0],[73.721891088883467,18.65020180600375,0.0],[73.722106725736481,18.649677393086609,0.0],[73.722367428113685,18.648909213208231,0.0],[73.722841686858288,18.647983652504191,0.0],[73.723275529905649,18.647539084433632,0.0],[73.723775290645122,18.647296793378811,0.0],[73.725494089184139,18.64700339574139,0.0],[73.725712455807283,18.646931921367688,0.0],[73.725846664790495,18.646896457648641,0.0],[73.727681870652532,18.646488274075779,0.0],[73.729315415949557,18.64589837883517,0.0],[73.730521723296135,18.645132095929441,0.0],[73.731232161560385,18.644598069730979,0.0],[73.732093454246396,18.643450704625209,0.0],[73.731863975748155,18.643294170447788,0.0],[73.731788055983841,18.64310646136472,0.0],[73.731671572430045,18.642792755324209,0.0],[73.731366387018383,18.642254811683539,0.0],[73.731106338661803,18.641444273683259,0.0],[73.73081076850174,18.640412841029779,0.0],[73.730794163845573,18.64030016969831,0.0],[73.730785868608521,18.640231778808321,0.0],[73.73068686625129,18.639550708253761,0.0],[73.730494831790907,18.638929018421589,0.0],[73.730368321470692,18.63841831955591,0.0],[73.730060741444646,18.637297732623509,0.0],[73.729800970782293,18.63598612724164,0.0],[73.729789653027652,18.635928985012779,0.0],[73.729787813212141,18.635923368297799,0.0],[73.729629572386671,18.635440336061588,0.0],[73.729589249054229,18.63527829022944,0.0],[73.729332201085398,18.634825961452609,0.0],[73.728991660955629,18.633868403036491,0.0],[73.728938603505071,18.63334682131028,0.0],[73.728546003219833,18.63247772506055,0.0],[73.727896828791543,18.631161822070339,0.0],[73.727340464552142,18.630207401761272,0.0],[73.726934561595655,18.629598969234632,0.0],[73.726775695778031,18.629261026871781,0.0],[73.726566006645456,18.628690864591189,0.0],[73.726191008772659,18.627986229381008,0.0],[73.725699072122083,18.62691632229588,0.0],[73.725560772638701,18.626197085375619,0.0],[73.725238956697282,18.625167523510299,0.0],[73.72491714425243,18.624137962120759,0.0],[73.724722429637396,18.623531347070799,0.0],[73.724537029381651,18.622936188808492,0.0],[73.724265288080787,18.62231310404507,0.0],[73.724152406626203,18.62193164034764,0.0],[73.724079086209628,18.621704930481041,0.0],[73.723914025254885,18.621085342757389,0.0],[73.723534481294465,18.62023664527981,0.0],[73.72315493993257,18.619387946278341,0.0],[73.722751161496078,18.6184273949439,0.0],[73.722347388250157,18.61746684202306,0.0],[73.724094006121859,18.6173107690149,0.0],[73.72410790328432,18.617309526761922,0.0],[73.725775827191228,18.61712990628147,0.0],[73.727519660700139,18.61667472418894,0.0],[73.727543215333867,18.616675825916399,0.0],[73.728138513621445,18.61670366643941,0.0],[73.728985060047052,18.616562987428289,0.0],[73.729254502194365,18.61649830879848,0.0],[73.729788749836999,18.615898197702659,0.0],[73.729977343417872,18.61583043224881,0.0],[73.730813591305207,18.615529949003289,0.0],[73.731242934184465,18.615358848095969,0.0],[73.732462629426792,18.615080657741451,0.0],[73.732538751291273,18.615057582006369,0.0],[73.733117230707293,18.61488221626616,0.0],[73.73378498354991,18.614709550164029,0.0],[73.73400795974969,18.614651892068249,0.0],[73.734417207719289,18.614497184877351,0.0],[73.734676607541147,18.614399122894181,0.0],[73.734792157156264,18.614309388458491,0.0],[73.734980962643462,18.614194540115779,0.0],[73.735457528550683,18.61407540158638,0.0],[73.735545523866435,18.614053402859739,0.0],[73.736081965646591,18.614044578790502,0.0],[73.736363353166084,18.614039949140881,0.0],[73.736863115662914,18.613936709343129,0.0],[73.73701786947116,18.6139047399157,0.0],[73.737599773371855,18.613856249850979,0.0],[73.73774793811198,18.61385473042947,0.0],[73.737980201080276,18.613852347892859,0.0],[73.738397560643548,18.613811543540521,0.0],[73.738672570328447,18.61374700215497,0.0],[73.738885895604341,18.613696937141668,0.0],[73.739753388705012,18.613550045872529,0.0],[73.740169685454077,18.613475693055939,0.0],[73.739766837403678,18.612252550124762,0.0],[73.739388191986109,18.611217872557859,0.0],[73.739258523312827,18.61047802671855,0.0],[73.739186236195692,18.610085270161068,0.0],[73.739151641909174,18.609660649151149,0.0],[73.73924852931367,18.608893900203299,0.0],[73.739148498638897,18.608304268087529,0.0],[73.738894285113588,18.60752938460643,0.0],[73.73869926411767,18.606736765077262,0.0],[73.738708065957681,18.606604498110119,0.0],[73.738235204361686,18.60592520823689,0.0],[73.737963816675759,18.605639240166582,0.0],[73.737459705374775,18.605012167811861,0.0],[73.737867804988355,18.60406810050193,0.0],[73.737914685220503,18.603959649125571,0.0],[73.737961531628329,18.603851277929682,0.0],[73.738054226370608,18.603636842097941,0.0],[73.738083388816747,18.603577516224131,0.0],[73.73822964154256,18.603282284020128,0.0],[73.738783292748522,18.60225312188437,0.0],[73.738839669373974,18.60214832392003,0.0],[73.739134387835122,18.601531179372081,0.0],[73.7392148385985,18.601370755816681,0.0],[73.73949184349847,18.60081839078553,0.0],[73.739543964269572,18.60071445866182,0.0],[73.739588509460475,18.60072571509173,0.0],[73.740234145973204,18.599773649171748,0.0],[73.740555447640631,18.599185162038889,0.0],[73.741243047766432,18.598072900891982,0.0],[73.741511811115046,18.597874377506809,0.0],[73.741815256861102,18.597823987431461,0.0],[73.74183595976038,18.597610628915401,0.0],[73.741898995651525,18.597537745409969,0.0],[73.742094021985679,18.597294994619741,0.0],[73.7426369907149,18.596716077015088,0.0],[73.74277681016396,18.596584743569132,0.0],[73.743165247813124,18.596480329858569,0.0],[73.743199400958119,18.596162874593741,0.0],[73.743387018274959,18.595888147459529,0.0],[73.743895550678303,18.5956980364221,0.0],[73.743835855951588,18.595459860815421,0.0],[73.744015376166075,18.595199778361849,0.0],[73.744086229707918,18.59509712712142,0.0],[73.74411570632833,18.595054422702582,0.0],[73.744224554565477,18.594973748922129,0.0],[73.74502692988662,18.594432723879681,0.0],[73.745829299295266,18.59389169598623,0.0],[73.745700641679292,18.593862211508011,0.0],[73.745682577476884,18.593758519415339,0.0],[73.74599200727107,18.5934684612395,0.0],[73.746126070180253,18.593058476330039,0.0],[73.746486648718587,18.592888597581691,0.0],[73.74666982042136,18.59302900379431,0.0],[73.746761533638107,18.593175150486619,0.0],[73.746881562760777,18.593128293818271,0.0],[73.747188748348265,18.592972347769159,0.0],[73.74733691997784,18.592784062087471,0.0],[73.747398733778354,18.59272818651722,0.0],[73.747443507604274,18.59269643946136,0.0],[73.747663476456339,18.592507426198999,0.0],[73.747705135909783,18.592458732391449,0.0],[73.74773658694528,18.592460639343361,0.0],[73.748023652586255,18.592587050648628,0.0],[73.748138453340871,18.592519754320001,0.0],[73.748119036520961,18.59238543552723,0.0],[73.748183965988332,18.59229490609404,0.0],[73.748362881424512,18.592239994249208,0.0],[73.748540522667511,18.592187088871729,0.0],[73.748753007093839,18.59215053645044,0.0],[73.748940275324927,18.592120994844681,0.0],[73.749028347418061,18.592028965087941,0.0],[73.74869771873135,18.591649467771099,0.0],[73.749053288315849,18.59137770360412,0.0],[73.74917904747798,18.591319745193449,0.0],[73.749275514199752,18.591289513702421,0.0],[73.749458645002548,18.591153623220599,0.0],[73.749456124540473,18.590931815496809,0.0],[73.749724738633631,18.590636117463148,0.0],[73.749690059377883,18.590128739974681,0.0],[73.750169800660828,18.5893413675537,0.0],[73.750649538332652,18.588553992689711,0.0],[73.751129270485308,18.587766617177479,0.0],[73.751418895840843,18.587649374520979,0.0],[73.751932122828507,18.58755014426988,0.0],[73.752071231742818,18.587763975722311,0.0],[73.752102415240643,18.587967533840509,0.0],[73.752280749508998,18.587963945171509,0.0],[73.752411253274985,18.587749058652211,0.0],[73.75282265034491,18.587594149302859,0.0],[73.753063069870251,18.587732028401799,0.0],[73.753278690852071,18.587594326417189,0.0],[73.753739995885169,18.587642926997781,0.0],[73.753599266264686,18.586879503899048,0.0],[73.753625567035087,18.586643599949429,0.0],[73.753711968376805,18.586646100552681,0.0],[73.753707921919201,18.586734988968221,0.0],[73.75395621535813,18.586724867079379,0.0],[73.754338171040018,18.58580052660977,0.0],[73.754654303187479,18.585377366555619,0.0],[73.754860671696875,18.584891822932391,0.0],[73.755248687672179,18.584895615520271,0.0],[73.755783048517074,18.585637113723589,0.0],[73.755934681910915,18.585592056191519,0.0],[73.755921922426651,18.58539502141819,0.0],[73.755696321283168,18.584804080335559,0.0],[73.75588887232,18.584538328156938,0.0],[73.75635024208843,18.58504563972949,0.0],[73.756768658020292,18.585293887650149,0.0],[73.756807941530056,18.585264357419611,0.0],[73.757105454832967,18.585084761379491,0.0],[73.757602388773208,18.58538713990087,0.0],[73.757987992173057,18.585791683627981,0.0],[73.758994307843537,18.586826851410439,0.0],[73.759203593872996,18.586943104363179,0.0],[73.760744272021341,18.587798904077321,0.0],[73.760983670132148,18.587411243724901,0.0],[73.761110927494315,18.585902739182259,0.0],[73.76126442082564,18.58498814281154,0.0],[73.761338597494287,18.584571403743691,0.0],[73.761368773445156,18.584337704934981,0.0],[73.761378809297298,18.584259984702051,0.0],[73.761590026723852,18.582624189193599,0.0],[73.761723271142543,18.581736708097871,0.0],[73.761841930696605,18.580479957061431,0.0],[73.76186480503452,18.58035747612956,0.0],[73.761877278165002,18.58029068869417,0.0],[73.761908978461108,18.58012094570703,0.0],[73.762172124408508,18.578711904468062,0.0],[73.762377498783735,18.577635354503808,0.0],[73.762444311580708,18.57636237678517,0.0],[73.762511122786236,18.575089397913661,0.0],[73.762573296982936,18.5740853895391,0.0],[73.762635470075097,18.57308138099723,0.0],[73.762697643010299,18.57207737229426,0.0],[73.762759813893624,18.57107336341782,0.0],[73.762851645923561,18.570059940511989,0.0],[73.764241319731312,18.5696189227777,0.0],[73.765181864536103,18.56925022186897,0.0],[73.765039993025013,18.56813061348948,0.0],[73.764898122910594,18.567011004078019,0.0],[73.764756254186182,18.565891394538379,0.0],[73.764845052656881,18.565629909810191,0.0],[73.764775142811402,18.564544960577781,0.0],[73.764705233405024,18.563460012152959,0.0],[73.764729168800685,18.56306540644465,0.0],[73.764758232311408,18.562668633010741,0.0],[73.764758647324626,18.562662970794442,0.0],[73.764793669381604,18.562184841662841,0.0],[73.764884428429809,18.560945767643211,0.0],[73.764807847778656,18.56094447298323,0.0],[73.764767084941923,18.560467092894768,0.0],[73.764746017644455,18.560220365423639,0.0],[73.764661846466907,18.559234634477129,0.0],[73.76464468694742,18.558579074961582,0.0],[73.764641110064346,18.558299318137589,0.0],[73.764639720258558,18.558190677643069,0.0],[73.764770070594196,18.557097162599511,0.0],[73.76477390929584,18.557064958400371,0.0],[73.764772737167007,18.557061287361289,0.0],[73.764571206789057,18.556430095865341,0.0],[73.764407958794052,18.55578995210514,0.0],[73.764407951435828,18.55578992133308,0.0],[73.764402075311637,18.555766881542841,0.0],[73.764336736873773,18.555693019275179,0.0],[73.764327183700559,18.555682220553859,0.0],[73.764273922803795,18.555622012759709,0.0],[73.764218771991267,18.55555966811427,0.0],[73.764075140231384,18.555397300029409,0.0],[73.763816228949807,18.555063897169688,0.0],[73.763804676021834,18.555022270208891,0.0],[73.763519051417106,18.553993134778779,0.0],[73.763525760684487,18.5539765010979,0.0],[73.763548660929231,18.55391972703433,0.0],[73.763556349305361,18.553900668966492,0.0],[73.763564232574723,18.553881123304119,0.0],[73.763568216645879,18.553871246379959,0.0],[73.763592552292891,18.55381091232233,0.0],[73.763600567709148,18.553791039501061,0.0],[73.76391990245979,18.552260514566559,0.0],[73.763935400950444,18.55218623177252,0.0],[73.7639561023759,18.551893226434849,0.0],[73.763976378626978,18.551606231139601,0.0],[73.763997511292473,18.551307119969241,0.0],[73.764007922909116,18.55115977051365,0.0],[73.764696515507183,18.55034656795128,0.0],[73.764747621751141,18.55028621455472,0.0],[73.765344025913507,18.54958187611555,0.0],[73.76547611029487,18.549425886272822,0.0],[73.765487314875045,18.549412653383438,0.0],[73.765401893170534,18.54923883922541,0.0],[73.765375343485175,18.549184815681489,0.0],[73.765370901575295,18.549175777307841,0.0],[73.765331288556624,18.549095175310089,0.0],[73.7653130296044,18.54905488352518,0.0],[73.765288538864922,18.54900083909693,0.0],[73.765670207038056,18.548936995469418,0.0],[73.765758263695588,18.548922266109731,0.0],[73.765820656126934,18.548911829334969,0.0],[73.765869049714624,18.548903734549121,0.0],[73.765880015602349,18.54889681383149,0.0],[73.765925039324259,18.54886839664556,0.0],[73.766005311471901,18.548817730781941,0.0],[73.766839219481952,18.548291388212931,0.0],[73.766947947754772,18.548222762591859,0.0],[73.767313273706421,18.547992175882211,0.0],[73.767579394895037,18.547824203252091,0.0],[73.767632485823086,18.54779069383429,0.0],[73.768026837466905,18.547541783017412,0.0],[73.768075606134886,18.547344727169769,0.0],[73.768076702806283,18.547340295622838,0.0],[73.768171812334899,18.546955983409109,0.0],[73.76840544506625,18.546884655582389,0.0],[73.768443722337807,18.546719724411421,0.0],[73.768614795091139,18.545982571351949,0.0],[73.768663479155947,18.5455729711157,0.0],[73.76852521492485,18.545246055210999,0.0],[73.768417918747062,18.544992359310228,0.0],[73.767381204822357,18.544006464640571,0.0],[73.767065498602506,18.54380408021359,0.0],[73.766638530181098,18.54363727170626,0.0],[73.766508393028161,18.543565858872739,0.0],[73.76601877241346,18.54329717589955,0.0],[73.765862989734543,18.543211687989871,0.0],[73.76574212950581,18.543145364061321,0.0],[73.765696575861867,18.543120366130399,0.0],[73.765332145160968,18.542952045088409,0.0],[73.764833822476859,18.54272188069427,0.0],[73.763971073288559,18.542323391533479,0.0],[73.762821420656309,18.541788626879718,0.0],[73.761714356838567,18.541406147484611,0.0],[73.760607298307207,18.541023662776219,0.0],[73.759976811237536,18.540826504541961,0.0],[73.759242258048744,18.540351422180191,0.0],[73.758548888807681,18.539370042035319,0.0],[73.758700191712435,18.53802253209609,0.0],[73.757919239964167,18.537474583285089,0.0],[73.757138294239809,18.536926631512848,0.0],[73.756357352644613,18.53637867676715,0.0],[73.755576416119212,18.535830719958181,0.0],[73.754504056219773,18.534777930773679,0.0],[73.753595055456344,18.53437340928873,0.0],[73.75268605919409,18.53396888366489,0.0],[73.751774252150895,18.533705108163488,0.0],[73.750862448166174,18.5334413284188,0.0],[73.750596993889459,18.53235499431333,0.0],[73.750331542545993,18.531268659911611,0.0],[73.74978972180628,18.53085915939452,0.0],[73.750248206723995,18.530438882449989,0.0],[73.750855635289398,18.530280412309821,0.0],[73.751342183281494,18.53011995767616,0.0],[73.751936309986689,18.52984306506924,0.0],[73.752312714107845,18.529601016140621,0.0],[73.752453147620102,18.529550129369781,0.0],[73.753420636736521,18.529236504432959,0.0],[73.754244473302208,18.52893972919686,0.0],[73.754450470817815,18.528863318645332,0.0],[73.754600519606527,18.52879485719043,0.0],[73.754974683933455,18.528676876063681,0.0],[73.755133233676702,18.528652878786389,0.0],[73.755979695131074,18.528649013262129,0.0],[73.755995945460668,18.52864819038448,0.0],[73.756162727981703,18.528653284994661,0.0],[73.756342485469645,18.528624624316269,0.0],[73.757762996253717,18.528312252850931,0.0],[73.758262349004269,18.52823631029209,0.0],[73.758819155904334,18.528197951263341,0.0],[73.759916936439694,18.528217073275108,0.0],[73.760334655312064,18.528113547038132,0.0],[73.760559629185551,18.528235272371418,0.0],[73.761182963403641,18.528241330247059,0.0],[73.761223766600693,18.528241726931629,0.0],[73.761402123883599,18.52829198553523,0.0],[73.761716456008813,18.528295727969351,0.0],[73.762041323004198,18.52826817157786,0.0],[73.76245343121947,18.52827888327587,0.0],[73.762713454973593,18.52818907642499,0.0],[73.762969560478481,18.528270592699641,0.0],[73.763672698196771,18.528196010157899,0.0],[73.764221354818787,18.52819959860636,0.0],[73.764357803812686,18.528200490793729,0.0],[73.764556095043318,18.528239976123249,0.0],[73.764685949624734,18.52825699479612,0.0],[73.764994568889719,18.528357818244071,0.0],[73.765405190851709,18.52845465833866,0.0],[73.765400195506814,18.52848411075524,0.0],[73.765499777289833,18.528449273310471,0.0],[73.76561652972579,18.528452864345141,0.0],[73.766142690857137,18.528097866521641,0.0],[73.766621225195053,18.52807558234694,0.0],[73.766958055359694,18.52810676472502,0.0],[73.767169560633505,18.52808620403863,0.0],[73.767255608824271,18.528076984275192,0.0],[73.768232180212308,18.5281571679668,0.0],[73.769208752832483,18.5282373466632,0.0],[73.770603203649657,18.528462078351058,0.0],[73.771023416815964,18.52851579073528,0.0],[73.771329493659465,18.528692169461461,0.0],[73.771461733955618,18.528796959442921,0.0],[73.772960348831504,18.528158512939051,0.0],[73.773614835694559,18.527923890935028,0.0],[73.774553117574882,18.527907235168101,0.0],[73.77517244366625,18.527860372784929,0.0],[73.775478402395478,18.52779387424625,0.0],[73.776305073925229,18.527482381462409,0.0],[73.776460955260305,18.527309469963129,0.0],[73.777130759027727,18.52708819825877,0.0],[73.777345941713435,18.526935065567478,0.0],[73.777440972506952,18.526843061714299,0.0],[73.776600894336681,18.526226845005329,0.0],[73.776483751342255,18.52606975006119,0.0],[73.776445216780985,18.525936122952409,0.0],[73.776765523104018,18.524864396546551,0.0],[73.777258088649887,18.524261603715939,0.0],[73.777508462330914,18.523984738356098,0.0],[73.777504058191866,18.523806162337209,0.0],[73.777358458204318,18.523617392625351,0.0],[73.776795698714508,18.522954865109298,0.0],[73.776280937188901,18.521684693393851,0.0],[73.775467494968197,18.52124912201517,0.0],[73.77534074880252,18.521054655355631,0.0],[73.775342265501479,18.520841588378651,0.0],[73.775398130830411,18.52068757810228,0.0],[73.775907351236086,18.520324854658679,0.0],[73.776314497646794,18.519685448492069,0.0],[73.776930073656118,18.518476472939039,0.0],[73.776813865354782,18.517673367996291,0.0],[73.776726883324201,18.516780443121931,0.0],[73.77647012150463,18.51649916284606,0.0],[73.775775609347207,18.51573832656608,0.0],[73.775302435799233,18.515100644980301,0.0],[73.775196202304386,18.515006825926221,0.0],[73.775250115205566,18.5148359073325,0.0],[73.775386078130012,18.514756593486609,0.0],[73.775480455300567,18.51459170483859,0.0],[73.775410083794384,18.514472250252691,0.0],[73.774965002520148,18.513716725143851,0.0],[73.774795343688808,18.513454980120159,0.0],[73.774625954919998,18.513335785604301,0.0],[73.774500203856064,18.513197998299539,0.0],[73.774286267336166,18.513089748991941,0.0],[73.774060055315573,18.513070037153579,0.0],[73.773764422535876,18.51286069416803,0.0],[73.773586969519044,18.51266266364517,0.0],[73.772968867326085,18.512320183609081,0.0],[73.772623129446288,18.512168215479239,0.0],[73.772312234194175,18.51218218586752,0.0],[73.772281208296405,18.512350411062741,0.0],[73.771747186253819,18.512695632795658,0.0],[73.770500243504728,18.513137514772708,0.0],[73.770056125037925,18.51307582926297,0.0],[73.769682822660272,18.512715259148159,0.0],[73.769100790982705,18.5123419593859,0.0],[73.769160027486322,18.512242171007419,0.0],[73.769369826353042,18.512200761183411,0.0],[73.769451102735104,18.511807855178962,0.0],[73.769397501321876,18.511089386251811,0.0],[73.769423507623557,18.51046733309774,0.0],[73.769329068553546,18.51016438865928,0.0],[73.769142317667828,18.509796583258311,0.0],[73.768887598869455,18.509649219488882,0.0],[73.768650349022607,18.50940687731979,0.0],[73.76842919151531,18.50943852726785,0.0],[73.768131133565859,18.509452155311909,0.0],[73.767314508812603,18.509526656183422,0.0],[73.766764504407789,18.50957941886784,0.0],[73.766677116740638,18.509592336028899,0.0],[73.766629492466592,18.509565348010799,0.0],[73.766597189378118,18.509451739539731,0.0],[73.766640055562036,18.509362284135921,0.0],[73.76673229784457,18.509189066243099,0.0],[73.767105895976314,18.50903781563186,0.0],[73.76749192371102,18.509001521472939,0.0],[73.767832419832629,18.508880341246329,0.0],[73.768035731505449,18.508686667306559,0.0],[73.767427606384544,18.507881647981279,0.0],[73.766788849225307,18.507194964152841,0.0],[73.766296210383345,18.50642969316986,0.0],[73.766081087604235,18.50622390038281,0.0],[73.764260576438815,18.505762982346869,0.0],[73.762834207517685,18.50549711096328,0.0],[73.762093969405271,18.505514619558848,0.0],[73.761955917421986,18.50524741330873,0.0],[73.76191419615003,18.50516665969673,0.0],[73.761885221740201,18.505110578627701,0.0],[73.762040165810447,18.504422534798628,0.0],[73.761466230374197,18.504098555922582,0.0],[73.760956216819253,18.503957566783821,0.0],[73.760369842675132,18.504034315653961,0.0],[73.760232633206897,18.503787566959481,0.0],[73.760207183714343,18.50312525872399,0.0],[73.760233317957955,18.50247856007535,0.0],[73.760508981200431,18.502308732893319,0.0],[73.761079181435022,18.502006290990991,0.0],[73.761692497188037,18.501342621836439,0.0],[73.761920501705148,18.501027903307001,0.0],[73.762349663107202,18.500608972313149,0.0],[73.763299716018906,18.4998848983243,0.0],[73.764149436422272,18.49941498535377,0.0],[73.764648911980984,18.49847964096087,0.0],[73.765198314972878,18.497759536214279,0.0],[73.765975878796766,18.496990745018209,0.0],[73.767582665472318,18.496340279671429,0.0],[73.767102064251333,18.495072706996769,0.0],[73.766580197394248,18.494138525064759,0.0],[73.766273986760197,18.49338068136592,0.0],[73.766198246075561,18.49320436201404,0.0],[73.76592245284111,18.492053087509191,0.0],[73.765972852224095,18.491238855968241,0.0],[73.766300053304931,18.4901478224171,0.0],[73.76645531381449,18.48997284298196,0.0],[73.766413462227533,18.489268004831629,0.0],[73.766545195970536,18.48899206083674,0.0],[73.766796188769717,18.488507583009159,0.0],[73.766949640221426,18.488235950445119,0.0],[73.76708156991667,18.488002412806971,0.0],[73.767567037244646,18.487419754395049,0.0],[73.768057307283939,18.486694421363339,0.0],[73.768613424864199,18.485780826507209,0.0],[73.769066710963173,18.48472283560552,0.0],[73.76873559997199,18.484653549917699,0.0],[73.768406196103285,18.4845033637211,0.0],[73.767492995377097,18.484219072820672,0.0],[73.767242298932487,18.484117922036919,0.0],[73.766622467546753,18.48383498811052,0.0],[73.766022234687497,18.48333479434547,0.0],[73.76572562388138,18.48308870429889,0.0],[73.765498402518617,18.483035105272549,0.0],[73.765202785443989,18.483054301748719,0.0],[73.764075300510498,18.482968639475249,0.0],[73.763590352720612,18.48303330014291,0.0],[73.7631336829931,18.4832317975447,0.0],[73.762707475668904,18.48343618399343,0.0],[73.762179867873172,18.48375808313801,0.0],[73.761713135704213,18.483606922934531,0.0],[73.76168338886886,18.482043476768801,0.0],[73.761684525668798,18.482004658933459,0.0],[73.761709858159819,18.4811400850841,0.0],[73.761752070231935,18.480532818951001,0.0],[73.762103916235148,18.479820758098601,0.0],[73.76210643662705,18.479606321477181,0.0],[73.761890355033316,18.47956966684761,0.0],[73.761733214502968,18.478701885684039,0.0],[73.761989713079828,18.477881424079708,0.0],[73.762092474217496,18.477552719117782,0.0],[73.762132619741166,18.477424304515029,0.0],[73.762176342299938,18.477021521963831,0.0],[73.762263525057435,18.476218358743541,0.0],[73.762303400521716,18.47585101286359,0.0],[73.762333441662221,18.47557425320959,0.0],[73.762481705923292,18.473845387880139,0.0],[73.762441754111748,18.473662494797779,0.0],[73.762450998430893,18.473592706672019,0.0],[73.76248634766344,18.47332583948419,0.0],[73.76252459824866,18.473037073200789,0.0],[73.762538596744818,18.47295416981623,0.0],[73.762611771725929,18.472549572221322,0.0],[73.762630800644459,18.472443156172311,0.0],[73.762650204135625,18.472299033255229,0.0],[73.762690175960074,18.472084052102471,0.0],[73.762724599218728,18.471898916596661,0.0],[73.762778047302319,18.471611459406329,0.0],[73.762887869382155,18.47124583763711,0.0],[73.762982531451499,18.47097004986545,0.0],[73.763063471681178,18.470734240298739,0.0],[73.763505524366352,18.469774625749199,0.0],[73.763887012930411,18.468795800775521,0.0],[73.764347369917743,18.46747499536939,0.0],[73.764607484202486,18.466728694095291,0.0],[73.764987099072357,18.465588002567099,0.0],[73.765374654911852,18.464950568888302,0.0],[73.76577293125672,18.464295496982221,0.0],[73.765917289085522,18.464016889600419,0.0],[73.766285782647074,18.46328943692788,0.0],[73.766530856950965,18.4628373480246,0.0],[73.766691574027163,18.462532822965631,0.0],[73.766716611137994,18.462485383283571,0.0],[73.766766777774961,18.462310224974789,0.0],[73.76692599213041,18.46175433003495,0.0],[73.766964190029739,18.461469913642471,0.0],[73.766985664753662,18.4613100102133,0.0],[73.768210995954561,18.46073973606623,0.0],[73.768684948136425,18.460582254909198,0.0],[73.768892155196852,18.460502449884729,0.0],[73.769347238219396,18.46041183676736,0.0],[73.76960277181324,18.460360955193451,0.0],[73.769727210574388,18.460336177646109,0.0],[73.769829749779191,18.46031575991185,0.0],[73.77025583012751,18.460034388580301,0.0],[73.770451727223261,18.45997631536861,0.0],[73.770651998786263,18.45991694465387,0.0],[73.77127126002604,18.459669352268559,0.0],[73.771390089290222,18.459621841073741,0.0],[73.771556161470599,18.459614957840991,0.0],[73.771846752213335,18.459648779248429,0.0],[73.772092324494409,18.459677361144561,0.0],[73.77214304646796,18.45968326429033,0.0],[73.772284537977256,18.459699732484019,0.0],[73.772334946715972,18.459708539700941,0.0],[73.772335901455008,18.459705710218049,0.0],[73.772382309413416,18.459539655308671,0.0],[73.772424667613151,18.459401519650431,0.0],[73.772489300642647,18.459190747923358,0.0],[73.772519171607669,18.459108012109599,0.0],[73.772629015057205,18.458803768085989,0.0],[73.772676044850698,18.458623818891319,0.0],[73.77288567060306,18.458118639763189,0.0],[73.773504230830611,18.458536847362101,0.0],[73.774622281469888,18.45961846930372,0.0],[73.776221458509198,18.460290157325279,0.0],[73.777558245052219,18.46051869163492,0.0],[73.778694891441432,18.460719848858432,0.0],[73.779831540893824,18.460921000318681,0.0],[73.780968193415376,18.46112214511178,0.0],[73.78195720910432,18.461456472494,0.0],[73.782946227971678,18.46179079401599,0.0],[73.784187989276191,18.46246363842738,0.0],[73.785896174085551,18.462710943542842,0.0],[73.786991864446904,18.46259901326416,0.0],[73.788087554730893,18.462487076573321,0.0],[73.789183243043169,18.46237513345838,0.0],[73.7902789312772,18.46226318393153,0.0],[73.790945402419553,18.462019432233191,0.0],[73.791727423823104,18.462012461113709,0.0],[73.792774945892674,18.462195484003391,0.0],[73.793822470537052,18.462378501227281,0.0],[73.794798517835957,18.462867126899969,0.0],[73.795774570891339,18.46335574783804,0.0],[73.796810081005518,18.46409389219847,0.0],[73.797845600135602,18.464832031351431,0.0],[73.79867145592128,18.465767173611901,0.0],[73.799105099361398,18.466236577283311,0.0],[73.799288251976392,18.465956252899812,0.0],[73.799429935946378,18.465739397187061,0.0],[73.799816130393211,18.465096355616868,0.0],[73.800038315569381,18.464652011875192,0.0],[73.799936214149511,18.464212161982079,0.0],[73.799874376265294,18.464045632449039,0.0],[73.799681825843521,18.4636583404783,0.0],[73.799654992481635,18.463504505771208,0.0],[73.799717170759877,18.463354695729681,0.0],[73.79987004996309,18.46317443092947,0.0],[73.80014321887522,18.46276295044974,0.0],[73.80047945377946,18.462454044615392,0.0],[73.800844519519742,18.462121115026051,0.0],[73.800890847109628,18.461856241364369,0.0],[73.800830067162593,18.461602128722401,0.0],[73.800880111523568,18.461377993913612,0.0],[73.800884381053137,18.461059144178389,0.0],[73.800814677850084,18.460867258127781,0.0],[73.800652509682152,18.46055035748206,0.0],[73.80065439705173,18.460134854237769,0.0],[73.800939389465043,18.45996982659522,0.0],[73.801057197881988,18.459484822926111,0.0],[73.801140776583338,18.459172086359551,0.0],[73.801402356497547,18.458366788519061,0.0],[73.801742438350189,18.457026888337129,0.0],[73.800768701154638,18.456847147020941,0.0],[73.799794967229147,18.456667401725049,0.0],[73.799468291010953,18.456599686306461,0.0],[73.798099039085471,18.456387363962389,0.0],[73.796729791132847,18.456175031916409,0.0],[73.796930668083561,18.455281899338871,0.0],[73.796978625040808,18.45506867217534,0.0],[73.797022940993557,18.454894052485479,0.0],[73.796762665309828,18.454627162293729,0.0],[73.796136931698058,18.45414805613299,0.0],[73.796019565210017,18.45388349545162,0.0],[73.795791328425295,18.45383006863597,0.0],[73.79559698424903,18.453650912740411,0.0],[73.795191721199146,18.453277319032249,0.0],[73.794976637254692,18.453079042178992,0.0],[73.794857371570288,18.4529690950394,0.0],[73.795006526003206,18.452461631702121,0.0],[73.794753187194559,18.451561419254261,0.0],[73.795376415740364,18.45146262798341,0.0],[73.795778527228592,18.451382231825882,0.0],[73.795986939777137,18.450822528005631,0.0],[73.796119519919287,18.450358432430178,0.0],[73.796141386881004,18.449735089432199,0.0],[73.796615129868599,18.448967338650061,0.0],[73.796711397903024,18.44838303564951,0.0],[73.796936060699906,18.446964905303279,0.0],[73.796942731086432,18.446923198446392,0.0],[73.796947714233724,18.446892903169779,0.0],[73.796963693324457,18.446792437826861,0.0],[73.796989610861218,18.44662476603996,0.0],[73.796999545324709,18.446560581416701,0.0],[73.797007256874792,18.446510900921869,0.0],[73.797019941885154,18.446430679287651,0.0],[73.797092042261383,18.445976062456751,0.0],[73.797115799771504,18.44582103180727,0.0],[73.79711906250111,18.44579942696884,0.0],[73.797543577075317,18.445755341934571,0.0],[73.798120946589876,18.445695381028809,0.0],[73.79812377484275,18.445599955080311,0.0],[73.798131354093528,18.445344210746679,0.0],[73.798169761884196,18.44511407990581,0.0],[73.798218400800096,18.444823567905399,0.0],[73.798276722801006,18.444473719503709,0.0],[73.79841278740156,18.44365791202442,0.0],[73.798480808806261,18.443250335707049,0.0],[73.79849777966075,18.443151249982499,0.0],[73.798516368954893,18.443044221371721,0.0],[73.798567973549964,18.442753896022641,0.0],[73.798710144753969,18.44195404472881,0.0],[73.798727086217369,18.441858735176719,0.0],[73.798931379948812,18.441197110679251,0.0],[73.799122634262446,18.440577708284511,0.0],[73.799252338962063,18.440157638244159,0.0],[73.799446453022213,18.439528964685991,0.0],[73.799461513032327,18.439480190781111,0.0],[73.799593649955568,18.439073519915048,0.0],[73.799631502503942,18.438957018754891,0.0],[73.799631891129636,18.438954639157689,0.0],[73.799632804797184,18.438949051263549,0.0],[73.799653598622442,18.438873557048069,0.0],[73.799701326134027,18.438707328306808,0.0],[73.799701711128748,18.438707380443311,0.0],[73.799734179677955,18.438593772161731,0.0],[73.799746688069149,18.438514962398969,0.0],[73.799766506605692,18.438390094884841,0.0],[73.800003158735493,18.437284431527569,0.0],[73.800650719338591,18.437006853926029,0.0],[73.800714882529761,18.436979349745339,0.0],[73.800727475669007,18.43697395131435,0.0],[73.800734237411859,18.436850484040551,0.0],[73.800739293743092,18.436758164302489,0.0],[73.800745608048089,18.436663162306061,0.0],[73.800747827108978,18.436625118543009,0.0],[73.800750912129743,18.436572250231119,0.0],[73.800752301522024,18.436548439346051,0.0],[73.800755325433499,18.436496599920059,0.0],[73.80075690286013,18.43646956775903,0.0],[73.800763889609513,18.436349824991009,0.0],[73.800765188737159,18.436327560606639,0.0],[73.800769390249101,18.436255550718261,0.0],[73.800770281183858,18.436240264554652,0.0],[73.80077540038809,18.43615252226078,0.0],[73.800776961742045,18.4361257583849,0.0],[73.80078165971814,18.436045234602862,0.0],[73.800783434897383,18.436014806818449,0.0],[73.800786269585785,18.435966219381172,0.0],[73.800791957881742,18.435860992079661,0.0],[73.800793375846013,18.43583892905777,0.0],[73.800796794849404,18.435785816149579,0.0],[73.801003421951748,18.435646178062129,0.0],[73.801048306702469,18.435543162911681,0.0],[73.80106211790833,18.435511463787751,0.0],[73.801095165126455,18.43539022466565,0.0],[73.801103139345457,18.435360971031219,0.0],[73.801154541495194,18.43518316281838,0.0],[73.801381232978983,18.43433005392054,0.0],[73.801396333529709,18.434273226589891,0.0],[73.801419729135915,18.434190423407859,0.0],[73.801426458373371,18.43416660736748,0.0],[73.801423104057776,18.433963607024111,0.0],[73.801416269282598,18.433549985835612,0.0],[73.801406093718882,18.43339241025766,0.0],[73.80140359966164,18.43335378366222,0.0],[73.80139533339046,18.433225769947271,0.0],[73.801386235981596,18.433084896363631,0.0],[73.801378984632024,18.432972598347948,0.0],[73.801386923540718,18.432558432422152,0.0],[73.801380844439223,18.432383418487252,0.0],[73.801361163376001,18.43181683876703,0.0],[73.801459625102851,18.43101493986671,0.0],[73.801487402592443,18.43032050745429,0.0],[73.80150255484169,18.42967834997058,0.0],[73.80152184336427,18.429045196453611,0.0],[73.801534789746881,18.428620208931431,0.0],[73.801558939437371,18.428245455417489,0.0],[73.801561492111674,18.42820784927018,0.0],[73.801549846261352,18.428206164527229,0.0],[73.801571599437096,18.4275470524233,0.0],[73.801467281315908,18.427227460955891,0.0],[73.801526843924634,18.427223219194381,0.0],[73.801863955510612,18.427199210930489,0.0],[73.802097679092057,18.42718256533167,0.0],[73.80234012024313,18.426527337394521,0.0],[73.802863275358163,18.425497937176129,0.0],[73.803263278874908,18.42503844979435,0.0],[73.803454224176917,18.424864010367369,0.0],[73.803608586696399,18.42472299093696,0.0],[73.8037528081543,18.424483142286409,0.0],[73.804122261338463,18.42416703834315,0.0],[73.804664103761709,18.423340591004671,0.0],[73.805205940856979,18.422514141754231,0.0],[73.805910022280472,18.421689769856169,0.0],[73.80598125421038,18.421606367412821,0.0],[73.806614096911233,18.42086539489495,0.0],[73.806926152075221,18.420500017638979,0.0],[73.806970011909343,18.420448663056039,0.0],[73.807318164743464,18.42004101777459,0.0],[73.808029639347737,18.41936126630447,0.0],[73.808741108361232,18.418681511803069,0.0],[73.809157324924016,18.418423700066668,0.0],[73.809511054196889,18.41820459200413,0.0],[73.809384452501078,18.417885542224941,0.0],[73.809365727400163,18.41783835372707,0.0],[73.809228600475194,18.41749277760367,0.0],[73.808992333383387,18.416481519495381,0.0],[73.809257227309217,18.415779294430159,0.0],[73.80951706130358,18.415090476476131,0.0],[73.809754336635606,18.41480447481597,0.0],[73.810207724514683,18.413834658958748,0.0],[73.810587018481712,18.413023324952931,0.0],[73.810661107028935,18.412864843441142,0.0],[73.811169919340855,18.41201462861731,0.0],[73.811405357528201,18.41162121195762,0.0],[73.811440620404255,18.411613338376601,0.0],[73.81160200739555,18.41157730101127,0.0],[73.81164687956273,18.411567280731379,0.0],[73.811653522008768,18.411511889434951,0.0],[73.811681412257556,18.411279303224141,0.0],[73.811807584923187,18.411168429517769,0.0],[73.81196839588462,18.411027117133369,0.0],[73.812167022244381,18.41039884060509,0.0],[73.812187092658348,18.410335354103349,0.0],[73.812359646761635,18.410071083818579,0.0],[73.812540932261129,18.409793441190931,0.0],[73.812628480296823,18.40965935873071,0.0],[73.812746645903815,18.409626666698749,0.0],[73.816207006191476,18.40866928707565,0.0],[73.816867955882898,18.407894138434781,0.0],[73.817111517908927,18.407608490723248,0.0],[73.817236773697388,18.407461591567291,0.0],[73.817433151152684,18.407415391692211,0.0],[73.817744889614687,18.407342052724669,0.0],[73.818135232850139,18.407192079192679,0.0],[73.818413203285488,18.406838907152739,0.0],[73.81858312588848,18.40679460193105,0.0],[73.818882785953519,18.406716467863479,0.0],[73.820142846165012,18.405208016151651,0.0],[73.821240413580881,18.40389406107192,0.0],[73.821402885067755,18.403699555522248,0.0],[73.821447282622501,18.40468497406513,0.0],[73.821491679390007,18.405670392520332,0.0],[73.821536078210144,18.406655810905541,0.0],[73.821580475296557,18.407641229197189,0.0],[73.82159338154203,18.40795223820054,0.0],[73.821608667459714,18.40832060081123,0.0],[73.82162003814615,18.40859461842367,0.0],[73.82162405909672,18.40869151513045,0.0],[73.821632662964177,18.408898855350081,0.0],[73.821667643020433,18.409741802777219,0.0],[73.821671943549958,18.409845472417651,0.0],[73.821711227079916,18.41079209033035,0.0],[73.821708643289128,18.41118637861921,0.0],[73.821708465198583,18.411213521992082,0.0],[73.821704644683606,18.4117967584375,0.0],[73.821703801544842,18.411925517317901,0.0],[73.821703625511972,18.41195235706796,0.0],[73.821701271095876,18.412311800267961,0.0],[73.82169806279741,18.41280142644213,0.0],[73.821691478575204,18.413806095230289,0.0],[73.821689715337286,18.414075164084171,0.0],[73.821686109875444,18.41462544842414,0.0],[73.82168489582817,18.414810761210902,0.0],[73.822604443726036,18.41583691378597,0.0],[73.822768952587651,18.416020492911269,0.0],[73.822852842479321,18.416114107131289,0.0],[73.823614274519585,18.416632036716791,0.0],[73.823616885780154,18.416633812334961,0.0],[73.823672209129214,18.416680256610341,0.0],[73.823721235887987,18.41672141607091,0.0],[73.824008465869113,18.41696254980333,0.0],[73.824115065246872,18.417052040574639,0.0],[73.824534002749161,18.41740374149451,0.0],[73.824644978052305,18.417496905383508,0.0],[73.824658783843418,18.417508495445379,0.0],[73.824661914688761,18.41751252892529,0.0],[73.824724637976729,18.417497787731669,0.0],[73.82474287142368,18.41749350237048,0.0],[73.824829482408148,18.417473148022829,0.0],[73.824911125624496,18.417453960269281,0.0],[73.824947823863695,18.417445335815369,0.0],[73.825072456766975,18.41741604427698,0.0],[73.825271477902461,18.417369270285981,0.0],[73.825347232552858,18.417351466496651,0.0],[73.82564301796458,18.4172819503999,0.0],[73.825667194838445,18.417276268466448,0.0],[73.825744749149706,18.4172580409735,0.0],[73.825797697617872,18.41727802583766,0.0],[73.825886163860716,18.417311415692229,0.0],[73.826115528464385,18.417397986195748,0.0],[73.826275178724799,18.417458243632229,0.0],[73.826456004966857,18.417526493707541,0.0],[73.826645939376746,18.417573843724171,0.0],[73.826659872738333,18.417572502889481,0.0],[73.826934990341428,18.417546019201321,0.0],[73.827113538756478,18.41752883138216,0.0],[73.827114771199192,18.417529137203481,0.0],[73.827267188853284,18.417566931777031,0.0],[73.827614887801801,18.41765314842733,0.0],[73.827805890544226,18.417700510224741,0.0],[73.828854145058855,18.417960434298159,0.0],[73.82893482524203,18.417980439277439,0.0],[73.829075105497793,18.417855407989592,0.0],[73.829255979064328,18.417778067777839,0.0],[73.82977121172614,18.41766878677651,0.0],[73.830112352903527,18.417677361041051,0.0],[73.83056227321066,18.417688668383551,0.0],[73.830680684259178,18.417906346606241,0.0],[73.830745861938908,18.418026163675179,0.0],[73.830800560902915,18.418126718598408,0.0],[73.830844352841552,18.418207223455671,0.0],[73.830886137153399,18.41828403619148,0.0],[73.830623176555903,18.418266223748521,0.0],[73.830594582636749,18.418264286461589,0.0],[73.830416703615469,18.418252236992611,0.0],[73.830381120790591,18.41836184578257,0.0],[73.830379277017499,18.418367524857789,0.0],[73.830321579413877,18.418545256389361,0.0],[73.830035633335299,18.418510043233919,0.0],[73.829908192559856,18.418494349460481,0.0],[73.829799034212328,18.418558143227269,0.0],[73.829705775357766,18.418612645725389,0.0],[73.829526118982713,18.41871763988236,0.0],[73.829501031114617,18.418732301905791,0.0],[73.829365336992112,18.418785432116341,0.0],[73.828588394069754,18.419089635033838,0.0],[73.828024531307435,18.419107990465211,0.0],[73.827757436923548,18.41911668392904,0.0],[73.82782363197623,18.41925461687299,0.0],[73.827894028097191,18.419401304290162,0.0],[73.828342086621674,18.420334935033999,0.0],[73.828936445890278,18.420404827044301,0.0],[73.829187048830121,18.420456514960929,0.0],[73.82990696648389,18.420632664504669,0.0],[73.829958687248848,18.42066026951715,0.0],[73.830134684959333,18.420754203274399,0.0],[73.830150088574555,18.420762424877719,0.0],[73.830173943475486,18.420775157253431,0.0],[73.830302701343811,18.420843878417159,0.0],[73.830766909026991,18.42081448007411,0.0],[73.830995991330838,18.42085394745348,0.0],[73.831307511237739,18.42090761609489,0.0],[73.831515247191106,18.420916890829229,0.0],[73.832241188515113,18.420949300717918,0.0],[73.832483932282159,18.421080055342969,0.0],[73.832611670905408,18.421124060497291,0.0],[73.832754441017656,18.421173243820949,0.0],[73.832962839238249,18.42112088963912,0.0],[73.832970264757577,18.421119023996599,0.0],[73.833007163796395,18.421109754017571,0.0],[73.833034165933881,18.421102970678039,0.0],[73.833066419003259,18.421192445441321,0.0],[73.833168334451983,18.421475172189929,0.0],[73.833191702097125,18.421539997973991,0.0],[73.833192239265543,18.42154148781664,0.0],[73.833219966524524,18.421618408034199,0.0],[73.833221584840075,18.421622429381891,0.0],[73.833291572095945,18.421796315803189,0.0],[73.833297942970418,18.421812143015899,0.0],[73.833452635404441,18.422151007412278,0.0],[73.833478601645638,18.422207886862111,0.0],[73.833502167030076,18.422244393610249,0.0],[73.833592539400982,18.422384388167281,0.0],[73.833701218233685,18.422552741226649,0.0],[73.833739182934025,18.42261155137772,0.0],[73.83375159889512,18.422641556380238,0.0],[73.833772953251483,18.42269316616909,0.0],[73.833879821231037,18.422951437073309,0.0],[73.833918478714921,18.423044861233279,0.0],[73.833869492849843,18.423095332432538,0.0],[73.83385431811665,18.423110966784311,0.0],[73.833666653409992,18.423304318272049,0.0],[73.833603616639991,18.42336926579425,0.0],[73.833612795388078,18.42341574747763,0.0],[73.833619218466779,18.42344827940191,0.0],[73.833670038512352,18.42370564408527,0.0],[73.833705637626011,18.423885924126608,0.0],[73.833763462670007,18.423932362063901,0.0],[73.833836733700807,18.42399120376929,0.0],[73.833963689469911,18.424093159498749,0.0],[73.834161511845267,18.424443217253259,0.0],[73.834322132681095,18.424727445212579,0.0],[73.834424112754164,18.424855560512992,0.0],[73.834466054120426,18.424908249972152,0.0],[73.834657667109624,18.425201040435422,0.0],[73.835023987476973,18.4257607868436,0.0],[73.835735989299437,18.426243679539031,0.0],[73.835761084564979,18.426272328041129,0.0],[73.835892839031317,18.426422743498581,0.0],[73.835896242638398,18.426429639513291,0.0],[73.835906363773333,18.426450148983619,0.0],[73.835909511456649,18.426456526527911,0.0],[73.835916939788319,18.426471579374478,0.0],[73.835930478550026,18.42649901295788,0.0],[73.835950016594765,18.42653860248458,0.0],[73.835976459936603,18.42659218434969,0.0],[73.835980668677919,18.42660071281486,0.0],[73.835987289089701,18.426614127768211,0.0],[73.836036288388755,18.426713414733499,0.0],[73.836040477521962,18.426721903315691,0.0],[73.836043444011935,18.426727913759599,0.0],[73.836054716845481,18.426750756338709,0.0],[73.836059486018655,18.42676041963707,0.0],[73.836066709820329,18.426775058246069,0.0],[73.836076136082383,18.426794158236738,0.0],[73.83610101779351,18.426844575790071,0.0],[73.836090384274243,18.42695143326598,0.0],[73.836070756090407,18.427148677962482,0.0],[73.836053580147379,18.427321274625601,0.0],[73.83605352327551,18.427321847205981,0.0],[73.83605277738512,18.427324214776601,0.0],[73.836012538743503,18.427451966228858,0.0],[73.836000027165895,18.42748728190081,0.0],[73.83590861071616,18.427592098822629,0.0],[73.835760580531257,18.427761829145549,0.0],[73.835737461821381,18.42778833671488,0.0],[73.835600928749614,18.427855418650172,0.0],[73.835597425467668,18.42785713944815,0.0],[73.835573196940373,18.42786904405741,0.0],[73.835571468745655,18.427873594298202,0.0],[73.835524326392559,18.427997731056191,0.0],[73.835547885678082,18.428024064901368,0.0],[73.83554825403634,18.428024477428149,0.0],[73.835549237906932,18.428025576906851,0.0],[73.835746890527957,18.42824650993996,0.0],[73.835758011944392,18.428258940387039,0.0],[73.83587268331479,18.428387118381728,0.0],[73.835889404452459,18.428405809464891,0.0],[73.835922650574801,18.42843801327987,0.0],[73.835923375808235,18.428438716265859,0.0],[73.835943569570645,18.428458275377508,0.0],[73.83594363726138,18.428458346279069,0.0],[73.836165855368307,18.428673598120898,0.0],[73.836282811698482,18.428786887418688,0.0],[73.836507276789632,18.428999408211372,0.0],[73.836524883636343,18.429016077731859,0.0],[73.836533198796332,18.42901965662875,0.0],[73.836652268613065,18.429070897987909,0.0],[73.836669735374414,18.429078415135809,0.0],[73.836710776785409,18.4290875063394,0.0],[73.836777709088508,18.429102333636191,0.0],[73.836797607270171,18.429106741669969,0.0],[73.836798132898551,18.429106857849519,0.0],[73.836909784140687,18.429070908744741,0.0],[73.837001063534373,18.429021997196809,0.0],[73.837014243615513,18.429007921884541,0.0],[73.837058543384728,18.428960614820269,0.0],[73.837068223645318,18.428950277348751,0.0],[73.83722198052044,18.428837198048669,0.0],[73.837222180332034,18.42883705106988,0.0],[73.837222432475542,18.428836865553642,0.0],[73.837223650745116,18.428838167979119,0.0],[73.837235964073145,18.428851336717539,0.0],[73.837485483665134,18.429118166116599,0.0],[73.837489521299162,18.42913005607506,0.0],[73.837507021746902,18.429181590397668,0.0],[73.837578384648921,18.42939174018624,0.0],[73.837637739666377,18.429566527977041,0.0],[73.837589825845157,18.429764173505539,0.0],[73.837553777433342,18.42991287459682,0.0],[73.837537715877659,18.429979126684159,0.0],[73.837510187023341,18.43009268183668,0.0],[73.837442365732358,18.430372445123741,0.0],[73.837428272097497,18.430430580701412,0.0],[73.837296451868724,18.430653654030099,0.0],[73.837203337129239,18.430811227496449,0.0],[73.837058063644079,18.431057066699012,0.0],[73.836827585563867,18.431231883647641,0.0],[73.836887632005599,18.431291156593559,0.0],[73.837108139988786,18.431508823393461,0.0],[73.83718190923878,18.431497580829259,0.0],[73.837233505531742,18.4314897177169,0.0],[73.837299602615786,18.431479644458229,0.0],[73.8375773543641,18.431437313902329,0.0],[73.837625840070629,18.431429924136769,0.0],[73.837636122361815,18.431428356867301,0.0],[73.837668990810741,18.431423347532629,0.0],[73.837681200851762,18.431421486622089,0.0],[73.837684103917226,18.43143258614543,0.0],[73.837691234637603,18.43145985297026,0.0],[73.837692931221028,18.43146634360086,0.0],[73.837736108812535,18.43163144885764,0.0],[73.837746809057748,18.43167236673937,0.0],[73.837774836336436,18.431779537798679,0.0],[73.837788742155624,18.431806551501509,0.0],[73.837799618953966,18.431827681818049,0.0],[73.837879529582708,18.431982922413379,0.0],[73.837939977369004,18.432100353422019,0.0],[73.837948634531401,18.432117172272211,0.0],[73.837949968206999,18.432119762231579,0.0],[73.837963702103423,18.432146443222798,0.0],[73.838011938762847,18.432196718869399,0.0],[73.838042286949261,18.43222835066555,0.0],[73.838066592397865,18.432253683916318,0.0],[73.838120744943126,18.432310125365959,0.0],[73.838257010249833,18.432452152018911,0.0],[73.838308749475985,18.432475902715879,0.0],[73.838319310637644,18.43248075139438,0.0],[73.838340471670605,18.432490465252659,0.0],[73.838350228646846,18.432494943924091,0.0],[73.838384912774529,18.432510865630729,0.0],[73.838647496171916,18.432631403856369,0.0],[73.838656278122116,18.432635435554939,0.0],[73.838686920572414,18.432649501639521,0.0],[73.83873172987613,18.43267007137224,0.0],[73.838736185985567,18.432672116535759,0.0],[73.83883602224914,18.43271794618315,0.0],[73.838838163934327,18.432718929829282,0.0],[73.838841577988973,18.432720496898511,0.0],[73.838898005690126,18.432746399754329,0.0],[73.838899786817365,18.43274721672578,0.0],[73.838981374910688,18.432784669682281,0.0],[73.839067767727229,18.432688050412771,0.0],[73.83906720704185,18.432687230966341,0.0],[73.839045566467277,18.432655574860771,0.0],[73.839023771195528,18.43262369279218,0.0],[73.838968938947119,18.432543485323151,0.0],[73.838943774942706,18.43250667479025,0.0],[73.838935441635272,18.43249448477102,0.0],[73.838927478677249,18.432482836509859,0.0],[73.838907889593301,18.43245418229106,0.0],[73.838950101926855,18.432404083254909,0.0],[73.839040111676937,18.43229725742361,0.0],[73.839111817808217,18.432212154178909,0.0],[73.839181205624953,18.4321298028723,0.0],[73.839167844955057,18.432106873585269,0.0],[73.839048044622359,18.431901274487601,0.0],[73.839020290000406,18.43185364199098,0.0],[73.839114909347359,18.43165880386238,0.0],[73.839214604165321,18.43179080677227,0.0],[73.839227868295552,18.4318083685461,0.0],[73.839297558011069,18.431900643174441,0.0],[73.839356731452696,18.431978992933001,0.0],[73.83936138151239,18.431985149176359,0.0],[73.839547045173887,18.43223098106608,0.0],[73.839620215993477,18.432316714388559,0.0],[73.83968281002025,18.432390056019571,0.0],[73.839787008893381,18.432512144873879,0.0],[73.839836179760596,18.432569757303021,0.0],[73.840055906121336,18.43268470454187,0.0],[73.840088070633158,18.432701531394141,0.0],[73.840423197696694,18.432876847509331,0.0],[73.840425694172438,18.43287815410968,0.0],[73.840433874249058,18.432882433273299,0.0],[73.840439344614893,18.432885295189369,0.0],[73.840458567655773,18.43289854932404,0.0],[73.840493608699362,18.432922708924441,0.0],[73.840505186729501,18.43292630036018,0.0],[73.840520340964005,18.432931001662851,0.0],[73.840556638753853,18.432942262654269,0.0],[73.840617726240325,18.432961213496409,0.0],[73.840774695835364,18.433009910539329,0.0],[73.84077888006189,18.432988114166541,0.0],[73.840782105776626,18.432971312873299,0.0],[73.840867332333559,18.43252733943757,0.0],[73.840867973241004,18.432526785784042,0.0],[73.840867460871706,18.432526666985112,0.0],[73.840878778729078,18.432467792130758,0.0],[73.840922440002274,18.432240279482361,0.0],[73.840929386880546,18.432204083654341,0.0],[73.840935875629839,18.43217027072885,0.0],[73.84094040317909,18.432146685362341,0.0],[73.840954044394536,18.432111970862952,0.0],[73.84096402148748,18.432086581598259,0.0],[73.840985281791646,18.432032480097298,0.0],[73.840999120440515,18.431997264355861,0.0],[73.841022805152022,18.431936993807181,0.0],[73.841023741497466,18.431934173733971,0.0],[73.841029177878724,18.43191780433034,0.0],[73.841046458188586,18.431865765105329,0.0],[73.841056727960108,18.431829333815781,0.0],[73.841063204632704,18.431806358576068,0.0],[73.841077959256225,18.431767400880599,0.0],[73.841078861777007,18.431764965565769,0.0],[73.841079212767042,18.431764017043069,0.0],[73.841082072714514,18.43175629453124,0.0],[73.841135026393843,18.43161339805151,0.0],[73.841147144853949,18.431580694852769,0.0],[73.84114962389917,18.431574003817879,0.0],[73.841167619326711,18.431525442666501,0.0],[73.841176984893238,18.43150016893799,0.0],[73.841180896784607,18.431489610789239,0.0],[73.841182020099566,18.43148658130001,0.0],[73.841182568745694,18.431485100815639,0.0],[73.841183257208456,18.431483242545099,0.0],[73.841183664042987,18.431483426667022,0.0],[73.841183803003673,18.431483035320579,0.0],[73.841185313200953,18.43147878732875,0.0],[73.841186616899151,18.431475119139119,0.0],[73.841194865575687,18.431451915235471,0.0],[73.841236655269597,18.431339138717231,0.0],[73.841272638221369,18.431247983302971,0.0],[73.841284179538476,18.431218744871781,0.0],[73.841376974136608,18.43098366453874,0.0],[73.841409038910314,18.430902431921261,0.0],[73.841483373192162,18.430818362162871,0.0],[73.841524960743413,18.430771328459141,0.0],[73.841543549782998,18.430750304039531,0.0],[73.841575886206257,18.430713731740269,0.0],[73.841579135584823,18.430710057345799,0.0],[73.841629321638251,18.430653298323431,0.0],[73.841645897671157,18.43063455152128,0.0],[73.841667743690323,18.430609843701529,0.0],[73.841692065361315,18.430582337844339,0.0],[73.841692314369652,18.430582054706068,0.0],[73.841756399392736,18.430509576079729,0.0],[73.841831256134142,18.430424914734591,0.0],[73.841961884383679,18.430277176374211,0.0],[73.842075263878669,18.43014894787451,0.0],[73.842091977198322,18.430130044625589,0.0],[73.842108594154652,18.43011125103558,0.0],[73.84211709724724,18.43010163447839,0.0],[73.842253258251105,18.42994763824754,0.0],[73.842444486172923,18.429731362024128,0.0],[73.842459166362872,18.429709532893909,0.0],[73.84268203413923,18.429378247003388,0.0],[73.842886363380387,18.429074510213951,0.0],[73.842909641555536,18.429057578045001,0.0],[73.842953765126779,18.429025484533991,0.0],[73.843030701871996,18.4289695224866,0.0],[73.843054372946014,18.428952305323861,0.0],[73.843082147453671,18.428932102116431,0.0],[73.84317510203158,18.4288644898317,0.0],[73.843434818292721,18.428675577349921,0.0],[73.843435393898758,18.42867515793618,0.0],[73.843647672513328,18.428507018120872,0.0],[73.843767368404883,18.428412210514509,0.0],[73.84391279811156,18.428295933661481,0.0],[73.84405698068224,18.42818065398048,0.0],[73.844094705069622,18.428149475502082,0.0],[73.844395655200159,18.427900749812629,0.0],[73.844500713438549,18.427830840143461,0.0],[73.844980420447783,18.427481370520621,0.0],[73.845241806547065,18.42723445763956,0.0],[73.845318597746981,18.427161917566529,0.0],[73.845506011664895,18.426974450964689,0.0],[73.845536554833757,18.426943898131029,0.0],[73.845543090466762,18.426937360913659,0.0],[73.845630593015684,18.42689974512605,0.0],[73.845785689026002,18.426833072213061,0.0],[73.845813122738704,18.426821278818281,0.0],[73.84583981394546,18.426809804422088,0.0],[73.845983819731316,18.426747898595419,0.0],[73.846066490133211,18.42671235969804,0.0],[73.846086018337701,18.426703964839589,0.0],[73.846094293160888,18.426700407650571,0.0],[73.846150032133323,18.426676446515248,0.0],[73.846405987432561,18.426566414857181,0.0],[73.846442924516836,18.426550535746919,0.0],[73.8465228858784,18.426410798958742,0.0],[73.846669652038472,18.426154315300231,0.0],[73.846853474075616,18.42583307225998,0.0],[73.846972319660154,18.42562537994155,0.0],[73.847121761814847,18.42536421749676,0.0],[73.847183932560753,18.425282423628051,0.0],[73.8473724817445,18.425034360382099,0.0],[73.847472644514426,18.424902581498021,0.0],[73.847803365453061,18.424467469127801,0.0],[73.847765535974304,18.42430268909191,0.0],[73.847762176805489,18.424288058063599,0.0],[73.847816141945842,18.424272702179429,0.0],[73.847858607753395,18.42426061921385,0.0],[73.847918528838605,18.42424356979685,0.0],[73.848416098929576,18.424101990392732,0.0],[73.848428437697294,18.424098479424611,0.0],[73.84848855688621,18.424209120583161,0.0],[73.848495529550974,18.424221952603531,0.0],[73.848808994069756,18.424102560639419,0.0],[73.849233834507231,18.423928219027349,0.0],[73.849235934462911,18.423927356992831,0.0],[73.849245055779576,18.423923614109341,0.0],[73.849269444483113,18.423913605465469,0.0],[73.849294658164652,18.423903258419809,0.0],[73.849321200674083,18.423893827617871,0.0],[73.849322835797366,18.4238932465205,0.0],[73.849635376517185,18.42378219660791,0.0],[73.849642004612022,18.423780080583441,0.0],[73.84993889773331,18.423685300058889,0.0],[73.850036825669022,18.423654037540711,0.0],[73.850085499946402,18.423632419000239,0.0],[73.850225880453181,18.423570068473371,0.0],[73.85027315314278,18.423549072163571,0.0],[73.850355511897519,18.42351249195994,0.0],[73.850365491675632,18.423548960637859,0.0],[73.850371762255449,18.423571866157339,0.0],[73.850381913093187,18.423608951274431,0.0],[73.850392051849738,18.423646002881899,0.0],[73.850409024197702,18.423708003015641,0.0],[73.850437727096804,18.42381285605833,0.0],[73.850488766262416,18.423999303600901,0.0],[73.850622522573644,18.42439811898609,0.0],[73.850634950932388,18.424444110966721,0.0],[73.850637894497254,18.424443954372659,0.0],[73.850639192360831,18.42444782364193,0.0],[73.850689133076841,18.42456153019754,0.0],[73.850789601335393,18.424790278846999,0.0],[73.850847726208585,18.424892271724421,0.0],[73.850878146115292,18.424945651688152,0.0],[73.850895917984388,18.424976835797011,0.0],[73.850897276841337,18.42497922069165,0.0],[73.850925772668077,18.42503877377483,0.0],[73.85092825375817,18.42504396143833,0.0],[73.850942464332533,18.425073659132519,0.0],[73.850952185192611,18.425093974788869,0.0],[73.850955545938731,18.42510099862551,0.0],[73.850982393641274,18.425157107754011,0.0],[73.850988727601148,18.425170347001028,0.0],[73.851043713583678,18.42528526149615,0.0],[73.851045781947349,18.42528958545638,0.0],[73.851106001966727,18.425415438992449,0.0],[73.851118412215669,18.4254413755211,0.0],[73.851150225992924,18.425507862686391,0.0],[73.851164189171655,18.425537044676972,0.0],[73.851178489460565,18.425566930863699,0.0],[73.851188925664914,18.425588741905312,0.0],[73.8512206405087,18.425655022423459,0.0],[73.851231344719537,18.425677394460891,0.0],[73.851255061537415,18.425726960063511,0.0],[73.851278209677375,18.425775337502159,0.0],[73.851282000588796,18.425788018246539,0.0],[73.851337320497649,18.425973042897539,0.0],[73.851342415503311,18.42599008544811,0.0],[73.851472485497652,18.426425125436062,0.0],[73.851482979372818,18.426460223583891,0.0],[73.851521598327054,18.42658939297803,0.0],[73.851528627296332,18.42661290128661,0.0],[73.851596780259811,18.426840847747439,0.0],[73.851679858303939,18.427118714133261,0.0],[73.851682809205613,18.42712858387193,0.0],[73.851743979812909,18.427333178601842,0.0],[73.85174498844701,18.427336553611319,0.0],[73.851748322816633,18.42734770437179,0.0],[73.851763215479735,18.427453124375639,0.0],[73.851773635568094,18.427526883195569,0.0],[73.851820014431681,18.427907704972998,0.0],[73.851822312035026,18.427926566868731,0.0],[73.85182323052527,18.427934109093371,0.0],[73.851827931114983,18.42796209007107,0.0],[73.851841401668779,18.42804228253949,0.0],[73.85186761603218,18.428198335367309,0.0],[73.851904324917868,18.42837801052243,0.0],[73.851934982629999,18.428528069909898,0.0],[73.851956162991939,18.42865589303047,0.0],[73.851975368891971,18.4287718009702,0.0],[73.851987121126513,18.42884272395888,0.0],[73.85201256458538,18.428996274340491,0.0],[73.852024869401149,18.429070533430281,0.0],[73.852030041845424,18.429101749710171,0.0],[73.852055908661782,18.429257855534232,0.0],[73.852100658732482,18.42948778036121,0.0],[73.852101680836995,18.429494121319809,0.0],[73.85210251163231,18.429497332590461,0.0],[73.852142921001999,18.42965703530815,0.0],[73.852156818897953,18.429711959902178,0.0],[73.852160816118143,18.42972267728392,0.0],[73.852161005884753,18.42972318629791,0.0],[73.852162359369473,18.42972681642004,0.0],[73.852191969684313,18.42980620999419,0.0],[73.852241007515588,18.42990410000613,0.0],[73.85237550101813,18.430207269056471,0.0],[73.852620150539764,18.430758743961611,0.0],[73.852718352058886,18.430985517066869,0.0],[73.852728477125268,18.431003636441989,0.0],[73.852940039086704,18.43138225080417,0.0],[73.852993242460798,18.431477465629481,0.0],[73.852996222625393,18.431482800873841,0.0],[73.853183353774853,18.431817692060221,0.0],[73.853360132725697,18.432249912592351,0.0],[73.853535753152258,18.432733330161799,0.0],[73.853585831515744,18.43285729906227,0.0],[73.853635706863841,18.432980766991829,0.0],[73.853659071004628,18.433032640913311,0.0],[73.854069311884572,18.434111302969061,0.0],[73.854114620794675,18.434230435392671,0.0],[73.854116546958551,18.434288532699949,0.0],[73.854183451151016,18.434454630370372,0.0],[73.85431867391668,18.43479033413092,0.0],[73.854891131100047,18.43455087279364,0.0],[73.855220790329128,18.434182032595778,0.0],[73.856245561067752,18.434098285226259,0.0],[73.857270331136363,18.434014533171769,0.0],[73.857491421641939,18.4341064803934,0.0],[73.859191678221464,18.43363207183485,0.0],[73.859551774069644,18.433598909930069,0.0],[73.859893878298635,18.43394173150563,0.0],[73.860585166223373,18.434549520131661,0.0],[73.861283899175234,18.435034236551541,0.0],[73.861257468051221,18.436041381174562,0.0],[73.861702427495999,18.43591048829343,0.0],[73.861919841949714,18.435558650451529,0.0],[73.862819514243782,18.43532545063475,0.0],[73.863061727652791,18.434518871011221,0.0],[73.864205347926983,18.43443902576912,0.0],[73.864652433480131,18.433355964860681,0.0],[73.865099512150096,18.432272901565391,0.0],[73.865434103071621,18.43226475145557,0.0],[73.865888916810206,18.43228643291415,0.0],[73.86644843769551,18.432388462180789,0.0],[73.866432073018146,18.432474128286358,0.0],[73.867575642251651,18.432805779962081,0.0],[73.867434101416876,18.433213822274219,0.0],[73.867493398602235,18.434550567418921,0.0],[73.8679840358581,18.435336737916462,0.0],[73.868060166772196,18.43537596890004,0.0],[73.868288677105056,18.435463144167411,0.0],[73.868531625357889,18.435518845081809,0.0],[73.868658512098008,18.435689438355549,0.0],[73.869017255453429,18.43665530434178,0.0],[73.869053926526888,18.43682633755737,0.0],[73.869100806226925,18.436972790925211,0.0],[73.86915644641914,18.437048989192419,0.0],[73.869522408625357,18.437526073686609,0.0],[73.870044499381663,18.437890796297889,0.0],[73.870160585260493,18.4392213130029,0.0],[73.871068069815109,18.438638702699379,0.0],[73.8723359353002,18.438244307423862,0.0],[73.873042923422361,18.437661580928321,0.0],[73.873649797610824,18.4377577586115,0.0],[73.874105010711233,18.437850914676002,0.0],[73.874846342315948,18.438489696207551,0.0],[73.875587678485275,18.439128475088818,0.0],[73.876206378672677,18.439417698188372,0.0],[73.876964571146203,18.438588126196588,0.0],[73.877722756291192,18.437758549810649,0.0],[73.877935772310096,18.436531044136579,0.0],[73.878152528976869,18.435516672992541,0.0],[73.878369282758911,18.434502302262281,0.0],[73.878329404135386,18.433831388785791,0.0],[73.878283480678064,18.433452917674622,0.0],[73.878204100557511,18.433275604918499,0.0],[73.878375801310042,18.432316269395638,0.0],[73.878547499853752,18.43135693352054,0.0],[73.87871919618874,18.43039759729329,0.0],[73.87900451737606,18.430449933720599,0.0],[73.879190595468188,18.429312361330751,0.0],[73.879376669736871,18.42817478848843,0.0],[73.879914684067785,18.427869467805369,0.0],[73.880188040104954,18.427565210030359,0.0],[73.880428788274159,18.427137006241729,0.0],[73.880745880736399,18.426077195886968,0.0],[73.880786108098846,18.425905706644009,0.0],[73.880774935334898,18.4256301226029,0.0],[73.880767770661762,18.425591849076788,0.0],[73.880759695067084,18.425553741881551,0.0],[73.880740454140195,18.425477008637269,0.0],[73.880737348585697,18.425450103896559,0.0],[73.88073722925219,18.42542303692365,0.0],[73.880740096084892,18.425396108645369,0.0],[73.88074591873945,18.425369618906,0.0],[73.880754630936607,18.42534386101223,0.0],[73.880766137089438,18.425319121772009,0.0],[73.880780308545653,18.425295676954239,0.0],[73.881019136662488,18.424897161297491,0.0],[73.881062736480047,18.424826429219259,0.0],[73.881145911540571,18.42450148599297,0.0],[73.8816585922104,18.423929823454539,0.0],[73.881962545087674,18.423283086888599,0.0],[73.882337657063317,18.421642642804631,0.0],[73.883319311135821,18.42070899920995,0.0],[73.884110616586028,18.419832818667508,0.0],[73.884799920123356,18.41904140049256,0.0],[73.885489218236501,18.418249979421041,0.0],[73.886290399820027,18.417395337047211,0.0],[73.886612770474628,18.41649754916417,0.0],[73.886935137544583,18.415599760473022,0.0],[73.88725750103022,18.41470197097388,0.0],[73.887579860931751,18.413804180666819,0.0],[73.888031303195717,18.41261131104358,0.0],[73.888307146151675,18.41140934181524,0.0],[73.888582983867423,18.41020737182841,0.0],[73.889106935771807,18.409348763119919,0.0],[73.889630881368831,18.408490152609229,0.0],[73.890154821599637,18.407631541205699,0.0],[73.890311259407625,18.407937002397151,0.0],[73.890547766804815,18.407913407050081,0.0],[73.890905364990829,18.408958625272408,0.0],[73.891258547940723,18.409358622939401,0.0],[73.891379469103683,18.409457997692829,0.0],[73.891575160269952,18.409763315543909,0.0],[73.891797272648887,18.410109855452241,0.0],[73.89197206433353,18.410318245167201,0.0],[73.892766879865874,18.410624037863371,0.0],[73.89307228410614,18.4107644394755,0.0],[73.89360509072624,18.410819064482141,0.0],[73.894076875441939,18.41081621517263,0.0],[73.894865852397785,18.41075328071171,0.0],[73.894951529606914,18.410743283515838,0.0],[73.895631680442008,18.410663913743889,0.0],[73.896225939643088,18.410462528822951,0.0],[73.897832997544569,18.410221346384201,0.0],[73.898085416112608,18.410192340503428,0.0],[73.898136388292286,18.41018648283676,0.0],[73.898586277675477,18.410175886205629,0.0],[73.898813133774823,18.410202215997408,0.0],[73.898976544467203,18.41022021008855,0.0],[73.8992135359277,18.410215577132291,0.0],[73.899402479641523,18.410200406002581,0.0],[73.899648430229789,18.4101144885806,0.0],[73.899960420892171,18.410159410884599,0.0],[73.90014810615007,18.410184068236639,0.0],[73.900338704034098,18.410178230933759,0.0],[73.900799514600692,18.41007815089818,0.0],[73.901903034375849,18.409819194311599,0.0],[73.902250800074526,18.40980748008058,0.0],[73.902483272733363,18.409754271491359,0.0],[73.903556477639796,18.41133179900682,0.0],[73.903604571377102,18.41141336359658,0.0],[73.903646865127044,18.411491873669231,0.0],[73.903687140889133,18.41157302081179,0.0],[73.903687057304637,18.411573213719599,0.0],[73.903686743144178,18.411573938475382,0.0],[73.904324975398694,18.413196305575362,0.0],[73.903570115889679,18.41345787774209,0.0],[73.903127132384483,18.4143016560812,0.0],[73.9026841443888,18.415145432183909,0.0],[73.902352564824383,18.416044088439762,0.0],[73.902020981581288,18.416942743852971,0.0],[73.902326800589691,18.418090224215181,0.0],[73.902221046432288,18.419015321530569,0.0],[73.902115291809679,18.419940418644959,0.0],[73.902009535775065,18.42086551555288,0.0],[73.901903778322634,18.421790613157921,0.0],[73.901798019463754,18.422715709652849,0.0],[73.901889797734896,18.424166299219909,0.0],[73.902068232593152,18.425546773493,0.0],[73.902056647449427,18.426557377349479,0.0],[73.901954676582349,18.42745985333703,0.0],[73.901852704389185,18.428362328226321,0.0],[73.901649034209541,18.4294125815161,0.0],[73.90158664555598,18.430377662134919,0.0],[73.90147408630267,18.431027042046129,0.0],[73.901391546096519,18.431306865420559,0.0],[73.90135192949532,18.432788032613448,0.0],[73.901620303804208,18.43370046934546,0.0],[73.901685274616099,18.434814157117749,0.0],[73.901696512034178,18.435557296000859,0.0],[73.901344205323085,18.435830849714531,0.0],[73.901180428707065,18.436366579073169,0.0],[73.901258863296491,18.437421621040681,0.0],[73.901337298474999,18.438476662910951,0.0],[73.901074596710103,18.43927332140548,0.0],[73.900772920267997,18.440315865051851,0.0],[73.900521155122462,18.44082023890574,0.0],[73.8997955443661,18.44187906975889,0.0],[73.899605663130686,18.44217523961721,0.0],[73.899230060769469,18.442761088997461,0.0],[73.899145030268755,18.44302057043468,0.0],[73.899101340695594,18.443153893766649,0.0],[73.899061522320991,18.44327540394589,0.0],[73.89870182079531,18.443648392071559,0.0],[73.89800971632117,18.444275132994711,0.0],[73.897984648868217,18.445049141224459,0.0],[73.897979255761058,18.445215681182891,0.0],[73.897972582087448,18.44531249331088,0.0],[73.897945869265655,18.44570004353363,0.0],[73.897910666792754,18.446210765796511,0.0],[73.897926807940493,18.447524550659011,0.0],[73.897930679072587,18.447839681645959,0.0],[73.8979124665087,18.448494019746459,0.0],[73.897893257479282,18.44918413710948,0.0],[73.897980995579957,18.449649864055768,0.0],[73.897972192581108,18.451104039529209,0.0],[73.897984315972266,18.451192651403961,0.0],[73.898059052963944,18.451916497819251,0.0],[73.898216396121526,18.452476343150298,0.0],[73.898325412116847,18.453859068691049,0.0],[73.898454970941074,18.4542378885664,0.0],[73.898529660288659,18.454556243901969,0.0],[73.898453104219413,18.4550724811801,0.0],[73.898438007199502,18.45518605195992,0.0],[73.898498370379627,18.456348013097589,0.0],[73.898611759307798,18.456362303843729,0.0],[73.899041160111707,18.457210612005809,0.0],[73.899181677557593,18.45811919005752,0.0],[73.899322196213348,18.459027767997249,0.0],[73.899234282752914,18.45929090723557,0.0],[73.899165625311824,18.45986315842212,0.0],[73.899959650736676,18.460074087833618,0.0],[73.900733138315374,18.46032015135626,0.0],[73.901364723870358,18.460421571407451,0.0],[73.901879271239068,18.460348236094269,0.0],[73.902216816308879,18.46007448591898,0.0],[73.902702752004799,18.459885026905429,0.0],[73.90309017136515,18.459733976291929,0.0],[73.903597366105316,18.459536225456141,0.0],[73.904314157032175,18.458978059494449,0.0],[73.904443103631095,18.458913318894091,0.0],[73.904464806092406,18.45890242291933,0.0],[73.904721212178998,18.45866710826137,0.0],[73.90576925404865,18.458327079597741,0.0],[73.906108728997452,18.458216937722849,0.0],[73.906128564971667,18.458210502228908,0.0],[73.907338166385543,18.45777038590596,0.0],[73.907852046191053,18.457829515304098,0.0],[73.908065563252805,18.457695900219541,0.0],[73.908246797136655,18.457641103088591,0.0],[73.908377541922093,18.45759008171207,0.0],[73.908553888013103,18.45751976058423,0.0],[73.909780606563245,18.457008255684912,0.0],[73.911227552415582,18.45635702159457,0.0],[73.911077513953487,18.455852282595341,0.0],[73.911232466781215,18.455297085071219,0.0],[73.911234057603977,18.455291383789461,0.0],[73.911801498074865,18.454344115430541,0.0],[73.911875670018247,18.453874982805321,0.0],[73.911554174333929,18.45305989914139,0.0],[73.911402182825,18.45274206293044,0.0],[73.911356274779436,18.452594818756712,0.0],[73.911055317934384,18.452051572858441,0.0],[73.911007479551287,18.45183538676746,0.0],[73.910962342078449,18.451614065140511,0.0],[73.910944659757604,18.451493525227381,0.0],[73.91093299695217,18.451396129037629,0.0],[73.910874621526915,18.450707738702249,0.0],[73.910810209839326,18.449948157100511,0.0],[73.910777507805321,18.449794424228919,0.0],[73.910778619510779,18.44969048907743,0.0],[73.910771278307962,18.449172150793501,0.0],[73.910805796696309,18.448544507513269,0.0],[73.910863326056031,18.448045791140309,0.0],[73.910929346832674,18.447787731920521,0.0],[73.911027749422118,18.447284039398749,0.0],[73.910996814088421,18.447097765750161,0.0],[73.910997898935392,18.44657106593856,0.0],[73.910962856304749,18.445866121740821,0.0],[73.910913750500455,18.445172315185729,0.0],[73.91075540097836,18.444600957773151,0.0],[73.910688365005058,18.4443698290609,0.0],[73.910516702216285,18.443608252202321,0.0],[73.910473646973387,18.44345966415186,0.0],[73.91040907069798,18.443236808304921,0.0],[73.910354585139203,18.442809147331289,0.0],[73.91035228533984,18.44279110007308,0.0],[73.910332578469266,18.442190897423341,0.0],[73.910291441904363,18.441590126156932,0.0],[73.910101750154169,18.440980330499279,0.0],[73.910058074410827,18.440894698030089,0.0],[73.910048832457548,18.440836375868539,0.0],[73.910041584956346,18.44075517377134,0.0],[73.910010742970982,18.44040963853044,0.0],[73.90992961927202,18.43967443214655,0.0],[73.909762442395845,18.439059466268478,0.0],[73.909676644541378,18.438743855442691,0.0],[73.909423673215016,18.4378132784591,0.0],[73.909315241774266,18.436547075957691,0.0],[73.909773506174645,18.435493182754019,0.0],[73.909768670092873,18.435468651389289,0.0],[73.910180087366129,18.435411286416588,0.0],[73.911233924188139,18.435264342059511,0.0],[73.912362959737948,18.435847580030831,0.0],[73.912468188197536,18.435800184308921,0.0],[73.91264960285703,18.435609905791381,0.0],[73.912869143624548,18.435304373500831,0.0],[73.913156833185965,18.435087351957659,0.0],[73.913801051839144,18.434851588301779,0.0],[73.914041708886757,18.434532900991041,0.0],[73.914263983328013,18.434055725240359,0.0],[73.914316580822046,18.433698878696969,0.0],[73.914456133365093,18.43367852769676,0.0],[73.914728486103812,18.43413302294136,0.0],[73.915734609356761,18.434751190801421,0.0],[73.916216728082262,18.434957145838052,0.0],[73.917196253510397,18.435309848298051,0.0],[73.917841592724017,18.43539122550802,0.0],[73.918002245797425,18.435823097286761,0.0],[73.918295734136933,18.4368634361931,0.0],[73.918358406954241,18.43743879161412,0.0],[73.918368626885936,18.43762741445655,0.0],[73.918979618600517,18.43791101248965,0.0],[73.919417600022612,18.438052806533911,0.0],[73.919669902072783,18.43824834448894,0.0],[73.920149437373524,18.43872850569706,0.0],[73.920758733471587,18.439233406785679,0.0],[73.921532137357602,18.439853185486189,0.0],[73.92159386435479,18.440227731403631,0.0],[73.922118985291647,18.44038897241418,0.0],[73.922826169717908,18.44074497584683,0.0],[73.923872380689161,18.441455766931298,0.0],[73.924231069554011,18.441779480631631,0.0],[73.924477588097787,18.44211464304173,0.0],[73.924602262403468,18.44222781169762,0.0],[73.924858349438651,18.442444565331542,0.0],[73.925173325817823,18.442493905802809,0.0],[73.92517592645153,18.44248072930931,0.0],[73.925358665843035,18.442561619305259,0.0],[73.925353989534244,18.443547581074039,0.0],[73.925349311908889,18.44453354273416,0.0],[73.925344634860735,18.445519504296239,0.0],[73.92542502164477,18.446290384966812,0.0],[73.925423806118246,18.446485844372479,0.0],[73.925229295804584,18.447047183498459,0.0],[73.925205795780428,18.4474383750863,0.0],[73.925227725834233,18.447695369777581,0.0],[73.92522773325534,18.44783696327195,0.0],[73.925227748730606,18.448145466334768,0.0],[73.925192024870682,18.448437701023941,0.0],[73.92519170507434,18.448754414029761,0.0],[73.925229488604927,18.449207422017039,0.0],[73.925270799968857,18.449505403258719,0.0],[73.925313707903854,18.44992745078557,0.0],[73.925253510136528,18.45092096113876,0.0],[73.92529828456361,18.451620632020791,0.0],[73.92549084273098,18.45308310372269,0.0],[73.92554408617616,18.453209426318629,0.0],[73.925517067117724,18.453885457247829,0.0],[73.925460176895754,18.455148293792011,0.0],[73.925384083161035,18.455735273966511,0.0],[73.925337094686924,18.45609774103551,0.0],[73.925345513879947,18.45629635179727,0.0],[73.925501263665026,18.457001942370361,0.0],[73.925701114914133,18.457909906282051,0.0],[73.925739904585839,18.458086131102949,0.0],[73.925780776052619,18.458153927267631,0.0],[73.925903137428165,18.458320686701729,0.0],[73.925916275964028,18.458338591895661,0.0],[73.925950317665411,18.458384984228999,0.0],[73.925962371656894,18.458401412064291,0.0],[73.926014085458007,18.458477520318151,0.0],[73.926257059193219,18.458913700212829,0.0],[73.926515652405428,18.459377916783449,0.0],[73.926725000064593,18.4596639848907,0.0],[73.927305916031131,18.45996785441384,0.0],[73.927621125749411,18.460262818254389,0.0],[73.927746839532873,18.460589571863519,0.0],[73.928174625658755,18.461447443144369,0.0],[73.928487411231558,18.461764867739099,0.0],[73.928691584510247,18.462122880192592,0.0],[73.929430615643454,18.463242306795721,0.0],[73.930137353132025,18.464004190215871,0.0],[73.930844096814198,18.46476607216168,0.0],[73.931898200887915,18.46514052949151,0.0],[73.933618008233722,18.465531143463199,0.0],[73.933837985965837,18.465584671402681,0.0],[73.93425202056244,18.465685417592709,0.0],[73.934473021850749,18.465739193660671,0.0],[73.93514217498641,18.465840592965421,0.0],[73.935393180194112,18.46584918011569,0.0],[73.935743110733654,18.465861150080709,0.0],[73.936676227189196,18.465922661159819,0.0],[73.937387077634469,18.466104194868119,0.0],[73.938109074611916,18.46628857180345,0.0],[73.938227691454543,18.46534951080001,0.0],[73.938346305785373,18.4644104486568,0.0],[73.93855649198926,18.46336434936357,0.0],[73.938761850541979,18.462342258178879,0.0],[73.938773597477322,18.462283793379239,0.0],[73.938816207789969,18.462071715839549,0.0],[73.938822630109087,18.460750320882379,0.0],[73.938824597490864,18.46014473007336,0.0],[73.938769028139617,18.459340141444041,0.0],[73.93868435069561,18.458789847112129,0.0],[73.938555836647794,18.458093064025501,0.0],[73.9375329194214,18.458171217737728,0.0],[73.936510001573524,18.4582493658828,0.0],[73.935681511247381,18.458243168207151,0.0],[73.935741066567857,18.456603601729849,0.0],[73.93575064954571,18.45645766080046,0.0],[73.934679709814176,18.456127369695441,0.0],[73.934886198466515,18.455239324148941,0.0],[73.935107979248414,18.454788462606121,0.0],[73.935460261426556,18.45345348336393,0.0],[73.935731788208543,18.45226893548438,0.0],[73.935837109222888,18.45202494839673,0.0],[73.936037558490071,18.451393690934189,0.0],[73.936219078255021,18.450705204356801,0.0],[73.936346540533592,18.450065009725009,0.0],[73.936507236933934,18.448757148884741,0.0],[73.936657474900116,18.447519557375831,0.0],[73.936869791258218,18.446566779925131,0.0],[73.936945061043346,18.446428626161659,0.0],[73.937389619497949,18.446517961100831,0.0],[73.937782704067843,18.446596951378311,0.0],[73.938797484221425,18.446648709204499,0.0],[73.939460645371867,18.446682529755812,0.0],[73.940593725125325,18.446455890171631,0.0],[73.94085094923274,18.446446144063628,0.0],[73.941617587188745,18.446523667325081,0.0],[73.942105603621371,18.44653946400992,0.0],[73.94265181436316,18.446582594426719,0.0],[73.943140376696434,18.446594505600569,0.0],[73.943652940660783,18.446544559985849,0.0],[73.944105526324961,18.446502564260271,0.0],[73.944630000635982,18.44633112307498,0.0],[73.944855016006159,18.446301946268768,0.0],[73.944916663524097,18.446291645368721,0.0],[73.944852814648584,18.445940910967909,0.0],[73.944798957625551,18.445322380368971,0.0],[73.944795780853909,18.444923063455679,0.0],[73.944825065606764,18.444606371496779,0.0],[73.944820921513653,18.44434312722332,0.0],[73.944673989480592,18.444101243861098,0.0],[73.944414866004678,18.4439252032907,0.0],[73.944424813841195,18.443865237680981,0.0],[73.944507837335152,18.44382767011129,0.0],[73.944695411786768,18.443805401682429,0.0],[73.945140411100525,18.443805309744089,0.0],[73.94515097898973,18.443651626730411,0.0],[73.945185620815096,18.44335112888081,0.0],[73.945165975335854,18.442979638272661,0.0],[73.945066308513063,18.442583080590001,0.0],[73.944830474040586,18.44236863278649,0.0],[73.944918974161055,18.442233387521501,0.0],[73.94514179006859,18.441896577847231,0.0],[73.945036829614892,18.44150113750224,0.0],[73.945104484279327,18.441318157604051,0.0],[73.945368164940874,18.441182268237611,0.0],[73.946049483175216,18.441054534657699,0.0],[73.94617516407618,18.440886260771311,0.0],[73.946721197678485,18.440222356695241,0.0],[73.947137167412905,18.439571826072029,0.0],[73.947445748985146,18.439050580328939,0.0],[73.947542743787707,18.438834702935381,0.0],[73.947595887777311,18.438688586520652,0.0],[73.947546691680358,18.43851922151363,0.0],[73.947568031769649,18.43830478071364,0.0],[73.947877501988856,18.437665061183409,0.0],[73.947878825434501,18.43762760744206,0.0],[73.947849988833468,18.43758499807814,0.0],[73.947747385331937,18.437564838830831,0.0],[73.947506202555743,18.437529204264688,0.0],[73.947321504030029,18.43748898102811,0.0],[73.9472689667449,18.437400522849011,0.0],[73.947295588230602,18.437251749797451,0.0],[73.947305506720355,18.437024834239981,0.0],[73.947341121645195,18.436739928886119,0.0],[73.947652240126899,18.436619599530719,0.0],[73.947904593991936,18.436443394363739,0.0],[73.947960104143931,18.436175248880438,0.0],[73.948071165682862,18.436006372752718,0.0],[73.948267705903078,18.435904343386721,0.0],[73.948819605133565,18.435790855911591,0.0],[73.948823586434571,18.43574416387759,0.0],[73.94897024192116,18.435584576417099,0.0],[73.949128490740009,18.435425070185481,0.0],[73.949300786489118,18.435379019840461,0.0],[73.949612696198145,18.435337936070951,0.0],[73.949850574144634,18.435250686030042,0.0],[73.949905269583141,18.435023978099299,0.0],[73.949973858905238,18.435015071113231,0.0],[73.950511703407329,18.43477863269846,0.0],[73.951246670619867,18.434480879541049,0.0],[73.952143776239183,18.434177872459021,0.0],[73.953079065997414,18.433600042649861,0.0],[73.954568776380867,18.43414968417915,0.0],[73.955461550127083,18.43453288962553,0.0],[73.955917925996573,18.434728776460201,0.0],[73.956905248209196,18.434879862530931,0.0],[73.957653645794778,18.434982589407738,0.0],[73.958019692653295,18.435041180002159,0.0],[73.958369768161347,18.435095256823502,0.0],[73.958683057959092,18.43513064234789,0.0],[73.959599005458216,18.435234094598449,0.0],[73.959670546464665,18.43523846210897,0.0],[73.959731615428311,18.435242190215511,0.0],[73.959691385862868,18.435190730673721,0.0],[73.959723837920265,18.435231980931331,0.0],[73.959732245259488,18.435233504562799,0.0],[73.960895806146297,18.435313255947889,0.0],[73.961334896016879,18.43526036611993,0.0],[73.96174250111595,18.435211268496889,0.0],[73.962192226579944,18.43520758004578,0.0],[73.962309880773844,18.43520661470086,0.0],[73.962478139131136,18.43551887304432,0.0],[73.962492478525249,18.435545484163629,0.0],[73.963164980563462,18.436033577578069,0.0],[73.963465440125375,18.436251644865099,0.0],[73.963646990261495,18.436383410324879,0.0],[73.964169328412709,18.436853678133861,0.0],[73.964114962893987,18.43693710958593,0.0],[73.964019428184159,18.43708372107044,0.0],[73.963987174230098,18.43713321890003,0.0],[73.964084916483031,18.437238122976058,0.0],[73.96439103024197,18.437566663233781,0.0],[73.964447100680346,18.43762684227277,0.0],[73.964369195281165,18.437791970305302,0.0],[73.964238785179845,18.438068384838399,0.0],[73.964291202505137,18.438120223587209,0.0],[73.964370965154458,18.438199105769641,0.0],[73.964562990518459,18.438389010462249,0.0],[73.964510835534057,18.438525407491319,0.0],[73.964437737215533,18.43871657667113,0.0],[73.964419564340531,18.438764101792771,0.0],[73.964399372302609,18.439315902462958,0.0],[73.96450916472169,18.43954318118988,0.0],[73.964519923160466,18.439565452026539,0.0],[73.964535440274176,18.439597572990859,0.0],[73.964568876296212,18.439666787546869,0.0],[73.964567957845816,18.43967279216535,0.0],[73.964555999999376,18.439751009351522,0.0],[73.964413730008232,18.440681571929751,0.0],[73.964412894323232,18.440687035679691,0.0],[73.964419113392253,18.441144104146598,0.0],[73.964514300474832,18.441386685110722,0.0],[73.964806412043515,18.44196247139201,0.0],[73.964818286712486,18.441982107682328,0.0],[73.964865395004196,18.442011373558771,0.0],[73.965145086623664,18.442184506126011,0.0],[73.966474069541661,18.44234570085062,0.0],[73.966542162790219,18.442353959258341,0.0],[73.967889530701981,18.442517372532411,0.0],[73.9679392422495,18.44252340133059,0.0],[73.968035865831666,18.442897277803048,0.0],[73.968120437802895,18.443224520811579,0.0],[73.968213820961978,18.44358585333417,0.0],[73.968223071100923,18.443609971086161,0.0],[73.968222374423405,18.443610090201439,0.0],[73.968220206999035,18.443610563704279,0.0],[73.968220617921375,18.44361215465085,0.0],[73.968227228873957,18.443637732896129,0.0],[73.968266255943135,18.44378874443025,0.0],[73.968321409306583,18.444002148625849,0.0],[73.968374962538505,18.444209366384559,0.0],[73.968505293312433,18.444832358452931,0.0],[73.968595742886635,18.445264714130388,0.0],[73.968601420170828,18.445514960784109,0.0],[73.968610309883275,18.445906790140828,0.0],[73.968664660476705,18.446200123402669,0.0],[73.968675552268166,18.446258906206491,0.0],[73.968815663555546,18.446691891412069,0.0],[73.96897913535156,18.44675123058196,0.0],[73.969355380495287,18.446887803113089,0.0],[73.969467022999524,18.446928328030712,0.0],[73.969492099774939,18.446964258166499,0.0],[73.970000753312789,18.447693057440581,0.0],[73.970000686804553,18.447693095035032,0.0],[73.970001682820978,18.447694389125221,0.0],[73.97002044385583,18.44772126955263,0.0],[73.970029337084426,18.44773401217147,0.0],[73.970040815276974,18.447752810991169,0.0],[73.970047066388204,18.447763049559001,0.0],[73.970125949938463,18.447892248454909,0.0],[73.970127426897292,18.447894670267299,0.0],[73.970127567578245,18.447894897860841,0.0],[73.970129104561536,18.447897416695419,0.0],[73.970166917964789,18.447959347690119,0.0],[73.970228867552052,18.44806081030363,0.0],[73.97042344115836,18.448390547301809,0.0],[73.970460010330967,18.448453303802768,0.0],[73.970525115781797,18.448565031464049,0.0],[73.97056449902351,18.44874463952895,0.0],[73.970578181439791,18.448807039553021,0.0],[73.970653831007553,18.448949929897019,0.0],[73.970846564766191,18.449313972888611,0.0],[73.970847274545108,18.449315314221892,0.0],[73.970852997021041,18.449383156526711,0.0],[73.970865052243141,18.449526079502281,0.0],[73.970890538995491,18.449828234835351,0.0],[73.970890447532724,18.449830236044029,0.0],[73.970889022157351,18.449861275973419,0.0],[73.97087632361125,18.45013790956094,0.0],[73.970871812189856,18.450236188219151,0.0],[73.97086874693845,18.45030295713531,0.0],[73.970864067985744,18.450404876810161,0.0],[73.970843735046245,18.45084778847119,0.0],[73.970791790817088,18.451137093176939,0.0],[73.970710062616646,18.451592276477999,0.0],[73.970695112407768,18.4516755439675,0.0],[73.970688757573313,18.45173894136887,0.0],[73.970674702847376,18.451879149777469,0.0],[73.97065497419986,18.452024891493881,0.0],[73.970604204647699,18.45239995221521,0.0],[73.970599236063634,18.45243665448659,0.0],[73.970575180524463,18.452614360199529,0.0],[73.970570984522041,18.452645360675842,0.0],[73.970565701903297,18.452684384663002,0.0],[73.970498007118564,18.45284861602963,0.0],[73.97049638522914,18.452852550085549,0.0],[73.970479694506537,18.452893043919829,0.0],[73.970472273955721,18.452911046085749,0.0],[73.970418389147824,18.453041771648049,0.0],[73.970284489116281,18.453366619346149,0.0],[73.970173281850734,18.453636410898891,0.0],[73.970143548432517,18.453708544832232,0.0],[73.970078070443336,18.453867395634909,0.0],[73.970016922886714,18.45401573997124,0.0],[73.970009152473438,18.454034592405129,0.0],[73.969880611434988,18.454346433803199,0.0],[73.96985456552396,18.454409621158661,0.0],[73.969834012806672,18.45445948251427,0.0],[73.969721389672614,18.454732704610979,0.0],[73.969720334846428,18.454745866744201,0.0],[73.969719497894161,18.45475615899505,0.0],[73.96971392484825,18.4548252484805,0.0],[73.969708352797156,18.454894328933459,0.0],[73.969678211092216,18.455268009226931,0.0],[73.96967330482407,18.45533691255114,0.0],[73.969656808196603,18.455568601162991,0.0],[73.969648296859006,18.455688132953821,0.0],[73.969627269047962,18.455983448375729,0.0],[73.969620134937941,18.456057202414289,0.0],[73.96961105716197,18.456151037023499,0.0],[73.969584624900222,18.45642428624878,0.0],[73.969582695245549,18.456444240377049,0.0],[73.969570099258661,18.456574449800691,0.0],[73.969742623465052,18.4568930904693,0.0],[73.969751824138598,18.456910083088651,0.0],[73.969823797625807,18.45699528396981,0.0],[73.970299498985796,18.457558409717279,0.0],[73.970716344832226,18.458051859265542,0.0],[73.970734139784938,18.458072924494139,0.0],[73.970824979151899,18.45806703923942,0.0],[73.971390273164488,18.458030413354731,0.0],[73.971621576267964,18.458015426638301,0.0],[73.971876261593067,18.458013390883661,0.0],[73.97231459455972,18.458009886745,0.0],[73.972434756947038,18.458008925776699,0.0],[73.972560651573644,18.458006815556178,0.0],[73.97256422296698,18.458006755382431,0.0],[73.972850134122254,18.458001962227961,0.0],[73.972851889984909,18.458001932880439,0.0],[73.972935607599069,18.45799851219326,0.0],[73.9732997361955,18.457983634656781,0.0],[73.973997263201099,18.457955133625958,0.0],[73.97410740113223,18.45795063266808,0.0],[73.974303447532989,18.457942620989719,0.0],[73.974834450457578,18.45792092096778,0.0],[73.975362911983837,18.45789932320044,0.0],[73.975385488723518,18.457899171378411,0.0],[73.975426434630947,18.45789889650165,0.0],[73.975446140031366,18.457898764401431,0.0],[73.975451603335586,18.457898727951509,0.0],[73.976170431952525,18.457893903513821,0.0],[73.976438149115253,18.457892106399999,0.0],[73.976496865692326,18.457891712138821,0.0],[73.977206976282744,18.457886941537829,0.0],[73.977319165851256,18.457886188402149,0.0],[73.97746185960635,18.457885229186289,0.0],[73.977505370982485,18.457884936969151,0.0],[73.977630818722119,18.457884093380802,0.0],[73.977735461573701,18.457883389677779,0.0],[73.977824095199551,18.45788279391034,0.0],[73.978194600118215,18.457880303096989,0.0],[73.978260891857346,18.457879857836559,0.0],[73.978359109250803,18.457879196883429,0.0],[73.978425830936587,18.45787874845961,0.0],[73.97847467589223,18.457878419688718,0.0],[73.978513365093306,18.45787816000157,0.0],[73.978571773917167,18.45787776705405,0.0],[73.978589009525024,18.457877651144489,0.0],[73.978655405443988,18.45787720449977,0.0],[73.978667932511812,18.457877120153839,0.0],[73.978764772955842,18.457876468743919,0.0],[73.978844319801823,18.457873889628829,0.0],[73.978947716962537,18.45787053792036,0.0],[73.979055455884279,18.457867045058681,0.0],[73.979102444263106,18.457865521371509,0.0],[73.979273426641285,18.457859977681839,0.0],[73.979325191524381,18.457858298911201,0.0],[73.979509613084645,18.45785231946742,0.0],[73.979614068215241,18.457848932421491,0.0],[73.979662176124691,18.457847373049379,0.0],[73.979697013447165,18.457846242909358,0.0],[73.979738992316413,18.457844881885869,0.0],[73.979760804353162,18.457844175070779,0.0],[73.979784850732003,18.457843395326829,0.0],[73.979808607281939,18.45784262486486,0.0],[73.979837119498839,18.457841700149231,0.0],[73.979849910638222,18.457841318019309,0.0],[73.97984990988347,18.457841285481852,0.0],[73.979932700729606,18.45783860045789,0.0],[73.979968184005642,18.4578374502466,0.0],[73.97997570442061,18.457837206035752,0.0],[73.980105216537922,18.457833006427769,0.0],[73.980252584424662,18.45782822769316,0.0],[73.980253591250005,18.45782819515227,0.0],[73.980333912855528,18.457825590658171,0.0],[73.980466810747586,18.457814435113079,0.0],[73.980470940652395,18.4578140886073,0.0],[73.980503099726249,18.457811388640451,0.0],[73.980504385406491,18.457811280782561,0.0],[73.980504580578327,18.45781126466154,0.0],[73.980504707538174,18.457811253595992,0.0],[73.980526260926084,18.45780944458825,0.0],[73.981477386160009,18.457792789371879,0.0],[73.981991496520465,18.457783784915581,0.0],[73.982428512411332,18.457776129379781,0.0],[73.982439878428536,18.457776055723691,0.0],[73.983267415993055,18.457770666194431,0.0],[73.983316315834273,18.457770347312831,0.0],[73.984074459470179,18.45774222265651,0.0],[73.984074140241901,18.45774320508249,0.0],[73.984262377549996,18.457735537958872,0.0],[73.984341376975806,18.457732320099449,0.0],[73.984993711800712,18.45772343330847,0.0],[73.98532821563991,18.457718875983669,0.0],[73.985339399357699,18.457718723459202,0.0],[73.986315061056729,18.457705425855298,0.0],[73.98698355175452,18.457680011149719,0.0],[73.987333063136603,18.457671763806228,0.0],[73.987986038576196,18.457656352583101,0.0],[73.988114893260402,18.4576533115685,0.0],[73.988432111185489,18.457645823385342,0.0],[73.988800572263415,18.457637125872228,0.0],[73.9891752984487,18.45762827939496,0.0],[73.989246234778548,18.457626604315291,0.0],[73.989560303216606,18.45762847522623,0.0],[73.989952037032197,18.457630809048251,0.0],[73.990053101324094,18.45763141063463,0.0],[73.990253076569374,18.457632601275051,0.0],[73.990257120011549,18.457632625518499,0.0],[73.990298071463144,18.457634004854871,0.0],[73.990356091626452,18.457635958552949,0.0],[73.990363411253838,18.457636204476831,0.0],[73.990567207556509,18.457643066921609,0.0],[73.990602770840553,18.457644264781141,0.0],[73.991061406270788,18.457679416350668,0.0],[73.991415814246508,18.457706578542851,0.0],[73.991918306736167,18.457745089064218,0.0],[73.991933626691832,18.457746263095409,0.0],[73.992075287780452,18.457757119631079,0.0],[73.992601627176086,18.457797455893491,0.0],[73.993115636134277,18.45783684591937,0.0],[73.993264484604666,18.45784825214146,0.0],[73.993502108070857,18.457842659006861,0.0],[73.993959367553771,18.457831894230839,0.0],[73.994568316639132,18.457817557895719,0.0],[73.994633518326054,18.457816023000898,0.0],[73.995035343634768,18.457806561256959,0.0],[73.995323892102519,18.457799766301839,0.0],[73.995872148681016,18.457786854660601,0.0],[73.995928517065934,18.457776018559301,0.0],[73.996127280567592,18.45773780752517,0.0],[73.996763979662163,18.457615406293939,0.0],[73.996985480509991,18.457572823207322,0.0],[73.996996876645341,18.457602947190072,0.0],[73.99731730372018,18.45862426920139,0.0],[73.997365369894382,18.45884407866982,0.0],[73.997724862634158,18.460006002404729,0.0],[73.997999033670951,18.460892147808579,0.0],[73.998273207310419,18.46177829196499,0.0],[73.99848976290383,18.462478204939689,0.0],[73.998602576865565,18.462935767827311,0.0],[73.998842180532719,18.463911956754441,0.0],[73.99915145785495,18.46476154576315,0.0],[73.999225878500269,18.465027571367688,0.0],[73.9997043375961,18.466299380951181,0.0],[73.999894083734063,18.46678163722606,0.0],[73.999962291517079,18.46697449712223,0.0],[74.000122346126531,18.467399159484341,0.0],[74.00012447581112,18.467398538123259,0.0],[74.000303608000792,18.467866887791391,0.0],[74.00033084603227,18.467938102768429,0.0],[74.00059512610305,18.468629070066399,0.0],[74.000699404420274,18.46890170779723,0.0],[74.000857389641979,18.469144592956422,0.0],[74.000864986429903,18.469156270974491,0.0],[74.000878749434477,18.469177430684159,0.0],[74.00091349543591,18.469275738607241,0.0],[74.001013794101041,18.469559514205219,0.0],[74.001025336089853,18.469592168222992,0.0],[74.00112741572552,18.469880984104481,0.0],[74.001180519299737,18.470025796921341,0.0],[74.001184999142708,18.470038013377181,0.0],[74.001297008464405,18.470343460057489,0.0],[74.001307091635269,18.470370957940581,0.0],[74.001426723218387,18.470697187558859,0.0],[74.001443827861763,18.47074383136556,0.0],[74.001553784094085,18.47104367765068,0.0],[74.001595549198782,18.471157570761381,0.0],[74.00164102602605,18.47128158236913,0.0],[74.001736781911902,18.471494819073222,0.0],[74.001759254829111,18.47154486287376,0.0],[74.001903869980126,18.471866903201288,0.0],[74.002014847575353,18.47211403494644,0.0],[74.002016901805902,18.472118608593139,0.0],[74.002018634382864,18.472122467519231,0.0],[74.002018731629832,18.472122683114179,0.0],[74.002042160288411,18.47217485473136,0.0],[74.002280511174675,18.472705626542549,0.0],[74.002321640857659,18.47279721623762,0.0],[74.002329795506256,18.472826946020529,0.0],[74.002366024415849,18.472959116267361,0.0],[74.002406599615242,18.473107145086441,0.0],[74.00257842467299,18.473734001103491,0.0],[74.002603007236928,18.473823684470389,0.0],[74.002627432150263,18.473912792245429,0.0],[74.002702266216644,18.474185795439482,0.0],[74.002715417343992,18.474233775704999,0.0],[74.002839210408922,18.47468538625056,0.0],[74.002858163237747,18.474754525760471,0.0],[74.002886842912531,18.474859152701232,0.0],[74.002894973507338,18.474888814556959,0.0],[74.00293322705339,18.47502836691443,0.0],[74.002943200197379,18.475059421139822,0.0],[74.003017523489731,18.475290846394259,0.0],[74.003020630798744,18.475300522492219,0.0],[74.003034666737435,18.475344227427211,0.0],[74.003035476128105,18.47534674761247,0.0],[74.003035827802762,18.475347841143659,0.0],[74.003044271517524,18.475374131998869,0.0],[74.003197401140355,18.475850942998999,0.0],[74.003291480867119,18.476143881846291,0.0],[74.003324574063669,18.476246926055179,0.0],[74.003392741021543,18.476353330401711,0.0],[74.003425599013028,18.47634104200397,0.0],[74.0034344933282,18.476337715244789,0.0],[74.003425641191811,18.476341118137391,0.0],[74.003485258685544,18.476477403806982,0.0],[74.003514206568838,18.47654357925131,0.0],[74.003578176197834,18.476767715658379,0.0],[74.003643815331486,18.477050775428371,0.0],[74.003716748733439,18.477309634252901,0.0],[74.003761534423674,18.477451495447731,0.0],[74.003773234708333,18.477488559344842,0.0],[74.003886723997468,18.47783921054592,0.0],[74.003955988826263,18.47803758463116,0.0],[74.004026613119152,18.478239853597611,0.0],[74.00403728504314,18.478276247847191,0.0],[74.004087257370657,18.4784466690475,0.0],[74.004107386483028,18.47856467004291,0.0],[74.004151416345621,18.478693028479071,0.0],[74.004196054800403,18.478962042474549,0.0],[74.004241633969471,18.47917280018704,0.0],[74.00450777031152,18.47999955103894,0.0],[74.00459016622365,18.480323298598979,0.0],[74.004645715952066,18.480669661347662,0.0],[74.004758462540181,18.481078888393672,0.0],[74.004856484111357,18.481333650184968,0.0],[74.004936570816739,18.481581632973668,0.0],[74.004972267113587,18.481854479432499,0.0],[74.005006038399912,18.482086225028532,0.0],[74.005056988344691,18.482319477875691,0.0],[74.005142496039255,18.482710940195531,0.0],[74.005230214841404,18.483158022912299,0.0],[74.005247385531106,18.483210985490661,0.0],[74.005300524960688,18.483537800809192,0.0],[74.00537118475394,18.483916936170299,0.0],[74.005425091603811,18.484178098323881,0.0],[74.005430965710644,18.48421749743957,0.0],[74.005501650491638,18.484587131286421,0.0],[74.005620140623947,18.485206752433371,0.0],[74.00565625849795,18.485384929328411,0.0],[74.005675162159108,18.485465420708849,0.0],[74.00587145286795,18.486163891209529,0.0],[74.006144689734256,18.486653542363669,0.0],[74.006503017521496,18.487269708810889,0.0],[74.006697243390803,18.487782345319221,0.0],[74.006818409324168,18.488077819498219,0.0],[74.006824560661883,18.48813985973969,0.0],[74.006693215795465,18.48814253616824,0.0],[74.006035912679764,18.48815593197687,0.0],[74.005759424152089,18.488166344254861,0.0],[74.005631152851677,18.488180993050641,0.0],[74.005513057329509,18.48820079121607,0.0],[74.00524912304256,18.48825422555602,0.0],[74.005019364986339,18.488303476010259,0.0],[74.004842378074542,18.488346654989769,0.0],[74.004707950275005,18.48840064807349,0.0],[74.004361413685743,18.488522642341259,0.0],[74.004181814080951,18.488596495971471,0.0],[74.003990503265399,18.488698304577259,0.0],[74.003458779566259,18.48915734580952,0.0],[74.003297838911692,18.48926770263029,0.0],[74.003117936579699,18.489603148092449,0.0],[74.002988123554175,18.489661427874609,0.0],[74.002875982375144,18.489696307846959,0.0],[74.002436992221078,18.489832847366969,0.0],[74.001899206158797,18.49009521870919,0.0],[74.001497921469834,18.49023602503906,0.0],[74.001331955767981,18.490288196396651,0.0],[74.001018088040055,18.490386859285589,0.0],[74.000511064028387,18.490530621820191,0.0],[74.000412449099571,18.490583639508191,0.0],[74.000384106033081,18.490598878187068,0.0],[73.999928594623768,18.490710554759222,0.0],[73.999782123078475,18.490746465170989,0.0],[73.999725013361754,18.490760466416269,0.0],[73.998889152964054,18.490957114102681,0.0],[73.998209691101849,18.49111981554956,0.0],[73.997586219550385,18.49123691533271,0.0],[73.997309040936003,18.49127230428088,0.0],[73.997114303811529,18.4912971675978,0.0],[73.99686950506846,18.4913246835285,0.0],[73.996857732671756,18.491326006532361,0.0],[73.996690423572701,18.49134481260251,0.0],[73.996655037182521,18.49134879024836,0.0],[73.996349243794,18.491383161273941,0.0],[73.995941519669614,18.49143783702031,0.0],[73.995650702705944,18.491484373399189,0.0],[73.995589703093614,18.491491603858421,0.0],[73.995517623490656,18.491500148239101,0.0],[73.995335834025653,18.491521696733329,0.0],[73.995283725865306,18.491527873563701,0.0],[73.994972031763538,18.49155337097228,0.0],[73.994544944018926,18.49160335005104,0.0],[73.994351650367364,18.4916248572762,0.0],[73.994065103164232,18.491651171764989,0.0],[73.994012195999233,18.49165402287797,0.0],[73.99377239078062,18.491666946567211,0.0],[73.993710719596422,18.491670269740901,0.0],[73.99351058277459,18.491682981011419,0.0],[73.993355631559254,18.491698889262938,0.0],[73.99285148608908,18.491757237841671,0.0],[73.992253308497865,18.491786967561112,0.0],[73.991996500140047,18.491779069287279,0.0],[73.991925357837033,18.49177824856643,0.0],[73.991396065331244,18.491830814789001,0.0],[73.990626519666421,18.491892628670019,0.0],[73.989210932634265,18.49198281056621,0.0],[73.989261477409514,18.49151666135689,0.0],[73.98960248036127,18.49106197521947,0.0],[73.989684525625648,18.49046357224562,0.0],[73.98977444355711,18.489718816424009,0.0],[73.989429690711276,18.48924019010671,0.0],[73.988645054639278,18.488691714612639,0.0],[73.987914773960071,18.488341737014501,0.0],[73.987636931367305,18.487935335143149,0.0],[73.987358681792514,18.4868067650835,0.0],[73.987052813689232,18.486504283192129,0.0],[73.985955111518635,18.486739021146679,0.0],[73.985658258530123,18.48662672746017,0.0],[73.98549327575688,18.486260370299409,0.0],[73.985292189930249,18.48551232896849,0.0],[73.985018782115546,18.485164939360281,0.0],[73.984676963103922,18.485192225253272,0.0],[73.984446619524761,18.48543982322116,0.0],[73.983932744400178,18.4861480973121,0.0],[73.98380876582614,18.486159856161791,0.0],[73.983549082108169,18.48614997936517,0.0],[73.983332165761723,18.4860529500071,0.0],[73.983002528377298,18.485042125199161,0.0],[73.982707392367658,18.48479811877062,0.0],[73.982025064549248,18.484058924247631,0.0],[73.981827935697055,18.48385305276777,0.0],[73.981582691534797,18.483464928218631,0.0],[73.981709915530175,18.483070900785421,0.0],[73.981648482127369,18.482428443846619,0.0],[73.981466891572339,18.482215566949829,0.0],[73.980979254304088,18.482017435811809,0.0],[73.980423315512326,18.481827360121059,0.0],[73.980199998446892,18.481580564691608,0.0],[73.980183989644047,18.480865954516741,0.0],[73.980054438253276,18.480245330815261,0.0],[73.979584396391473,18.479896316595941,0.0],[73.979283561036127,18.479682713123829,0.0],[73.979249555534878,18.479658568182629,0.0],[73.978899460512139,18.479988093663732,0.0],[73.978388017479219,18.480513657944979,0.0],[73.977867338532349,18.48095956093707,0.0],[73.977357722055686,18.481291087107671,0.0],[73.97680633197497,18.481530776000518,0.0],[73.976396706766423,18.481644102872611,0.0],[73.975580214814372,18.48141924114385,0.0],[73.974803808042495,18.481153009997641,0.0],[73.974061907903248,18.480897387779649,0.0],[73.973623234377541,18.48089293087293,0.0],[73.973186406364263,18.481015322034409,0.0],[73.971882717868951,18.482035579768588,0.0],[73.971102760334347,18.482202522519451,0.0],[73.969684552109655,18.481988272895489,0.0],[73.968189232897359,18.48162793154405,0.0],[73.96677252640184,18.48141909897242,0.0],[73.966134837456991,18.481522064266901,0.0],[73.965535013924026,18.481951988641089,0.0],[73.964887099949195,18.482723351513069,0.0],[73.964079566917633,18.483657773540699,0.0],[73.963523702564331,18.484329057324821,0.0],[73.962945968907249,18.48502076417769,0.0],[73.96234765926458,18.485767824407731,0.0],[73.962277168717222,18.48626676523039,0.0],[73.962423168165643,18.486709430659818,0.0],[73.962719173111637,18.487410844291961,0.0],[73.963092604891017,18.488269085616921,0.0],[73.963607127264439,18.48891012103579,0.0],[73.964551276843238,18.489538746050631,0.0],[73.964728726500809,18.48969970099796,0.0],[73.965779958315565,18.490819461716509,0.0],[73.965999611055523,18.49112340800065,0.0],[73.966056290299775,18.491612406508938,0.0],[73.965920034886096,18.49192817844126,0.0],[73.965443114076734,18.49228655717279,0.0],[73.964803454469575,18.492706319551449,0.0],[73.964582133884832,18.492736137655871,0.0],[73.964362285889507,18.492714763595512,0.0],[73.962962117590919,18.492732903603049,0.0],[73.96196128461655,18.492735855201619,0.0],[73.961457034519995,18.49273734051685,0.0],[73.960505433706288,18.492919090860742,0.0],[73.95955383112863,18.49310083722126,0.0],[73.959384533990431,18.493102305064511,0.0],[73.959272892717891,18.493103272797281,0.0],[73.958614842652651,18.493108976430332,0.0],[73.957994506287619,18.493157365468669,0.0],[73.956825959136253,18.493247748106921,0.0],[73.956781224432277,18.493253570812399,0.0],[73.956992934419773,18.49419418376069,0.0],[73.957022579206679,18.494325891942609,0.0],[73.957204647399564,18.495134796500029,0.0],[73.957263503756863,18.495350167170841,0.0],[73.957359138299509,18.495700121957309,0.0],[73.957434635409754,18.49623647797263,0.0],[73.957461866979273,18.496310492535908,0.0],[73.957569825254112,18.496603922894799,0.0],[73.957627042264605,18.496759438012141,0.0],[73.957664896634924,18.496956980444359,0.0],[73.957689006064143,18.497181364688661,0.0],[73.957738516950926,18.497567049586479,0.0],[73.957868639132883,18.498056291971409,0.0],[73.957984242540604,18.49830076306565,0.0],[73.958146328373118,18.499521799709932,0.0],[73.958250458198918,18.500268015824151,0.0],[73.958265579732583,18.50035832052918,0.0],[73.958301516420178,18.500572927620279,0.0],[73.958314734125864,18.500634098408231,0.0],[73.958353051248096,18.500811425742331,0.0],[73.958426289824146,18.501063503875539,0.0],[73.958472030773294,18.50162345292263,0.0],[73.958486486418053,18.501800414832431,0.0],[73.958504998099158,18.50202702375454,0.0],[73.958583706011268,18.502990544446408,0.0],[73.958595341720496,18.50318226805776,0.0],[73.958641001433307,18.50393466954803,0.0],[73.958652724606665,18.50407904354627,0.0],[73.958325949743411,18.504124465613781,0.0],[73.95825436948482,18.504134415222229,0.0],[73.958073985870854,18.50415948908222,0.0],[73.957933408654227,18.504179029079559,0.0],[73.957907988429341,18.504182562598562,0.0],[73.957899106978047,18.50418370565697,0.0],[73.957824595467045,18.504193112100872,0.0],[73.95766829166898,18.504212773123118,0.0],[73.956876492011943,18.504312173612838,0.0],[73.956291711087928,18.504226854235991,0.0],[73.956061210977452,18.50426263953948,0.0],[73.955223092863662,18.504378168716102,0.0],[73.954998181170836,18.504442181576159,0.0],[73.954299783980517,18.504528218006261,0.0],[73.954125090016817,18.5043736919766,0.0],[73.953807677962345,18.504344749451469,0.0],[73.953441501609305,18.50431136069475,0.0],[73.95334589645411,18.504302642555931,0.0],[73.952395297134373,18.50428828406174,0.0],[73.952309837105517,18.504286993014031,0.0],[73.95152025343998,18.504310789129629,0.0],[73.951509052359086,18.504392497877799,0.0],[73.951385628709701,18.505292798369201,0.0],[73.951383217974524,18.50531038265331,0.0],[73.95132741592866,18.505717426355371,0.0],[73.951318539160425,18.505782176571799,0.0],[73.951307829531402,18.505860296729178,0.0],[73.951286450895381,18.506016238141289,0.0],[73.95127630723411,18.506090231547009,0.0],[73.951275410139147,18.50609677474479,0.0],[73.951251003089965,18.506274807341651,0.0],[73.951221517655881,18.50645131797009,0.0],[73.9512192015506,18.50646517864821,0.0],[73.951177567119188,18.506714417212279,0.0],[73.951158620186646,18.50682783697782,0.0],[73.951135053704675,18.506968911287451,0.0],[73.951127210662818,18.50701585991332,0.0],[73.951109297827045,18.50712309419054,0.0],[73.951061720286063,18.50740790078633,0.0],[73.951052313068928,18.507464217464889,0.0],[73.951038281408898,18.50754821215433,0.0],[73.95103131226648,18.5075899305155,0.0],[73.950815766202155,18.50866696442867,0.0],[73.950600216132642,18.509743998739889,0.0],[73.95051451592343,18.510432585424319,0.0],[73.950475314762997,18.510869024690251,0.0],[73.950425254576757,18.511355077002289,0.0],[73.950297252949383,18.511926450020269,0.0],[73.950317063206214,18.51303088183283,0.0],[73.95038047459748,18.51424419576044,0.0],[73.950447166710873,18.514789124412761,0.0],[73.950402917517394,18.515742970400879,0.0],[73.950315079760458,18.51589591914562,0.0],[73.950123882763691,18.516413255096982,0.0],[73.950517531839353,18.516910877485959,0.0],[73.950537280732874,18.517073240717341,0.0],[73.950633061698994,18.517609765457049,0.0],[73.950661029153665,18.51777591195809,0.0],[73.950731331126789,18.51808207214545,0.0],[73.951088083603267,18.518579206798901,0.0],[73.951107829463453,18.51916704413302,0.0],[73.951205141548996,18.519953073244739,0.0],[73.951250963569066,18.52032905867198,0.0],[73.951267089312125,18.520456085389679,0.0],[73.951156462766519,18.52101154845187,0.0],[73.951101995977126,18.52128502552581,0.0],[73.951255187077479,18.522395721641409,0.0],[73.951408378829569,18.52350641669414,0.0],[73.952612903741866,18.52324814691822,0.0],[73.954419400165435,18.52308770171414,0.0],[73.954538182825743,18.52392861215214,0.0],[73.954661557388022,18.52463777219047,0.0],[73.954893987664448,18.52588529066427,0.0],[73.954960733965493,18.526243528678531,0.0],[73.955180024608339,18.527322133466772,0.0],[73.955399317648144,18.528400738015812,0.0],[73.955646766328854,18.529719489047029,0.0],[73.955894218278786,18.531038238857501,0.0],[73.956127356987807,18.532032843958099,0.0],[73.956360498097581,18.533027448801541,0.0],[73.956593641608364,18.534022053387829,0.0],[73.956962258801255,18.534482046946,0.0],[73.956995936571388,18.53454342283273,0.0],[73.957689169149077,18.535806785459361,0.0],[73.9582857331215,18.536732724073069,0.0],[73.958426605164178,18.536949909143789,0.0],[73.958822483367555,18.537469521785749,0.0],[73.959512052225804,18.538465088465479,0.0],[73.959561279668534,18.53853616037053,0.0],[73.960394829915558,18.539811846952091,0.0],[73.960950990125767,18.54132854409961,0.0],[73.961053951296108,18.54139791408069,0.0],[73.961324977797631,18.542236464397948,0.0],[73.961943568238269,18.543337174284311,0.0],[73.962021550512858,18.543576129187649,0.0],[73.961593647193567,18.544693249756179,0.0],[73.961165737968713,18.545810368951692,0.0],[73.961413086693767,18.54621238185214,0.0],[73.961499720744712,18.546353187401522,0.0],[73.961604536693784,18.546476271163659,0.0],[73.961945829778543,18.546877041417488,0.0],[73.962120398099941,18.54708203232418,0.0],[73.962541451303835,18.54766332163814,0.0],[73.962957427869313,18.548081245973599,0.0],[73.963112158012052,18.54852115152347,0.0],[73.962753426543557,18.550221290963059,0.0],[73.962637009705233,18.550222893420301,0.0],[73.962300564988027,18.550086142167579,0.0],[73.962074340265758,18.54997691187457,0.0],[73.961898721407053,18.54989873302689,0.0],[73.961565224765792,18.550373296136861,0.0],[73.961338888530761,18.550624083806181,0.0],[73.96041876636906,18.550978916069749,0.0],[73.960206718404109,18.55104897286143,0.0],[73.959668791095808,18.551796346080192,0.0],[73.960118762826326,18.552490147950621,0.0],[73.960120687571774,18.552923516954781,0.0],[73.959761284328891,18.553599305976011,0.0],[73.959403131229067,18.55428580255403,0.0],[73.959430303094862,18.554429269751431,0.0],[73.959470281923984,18.554640359418059,0.0],[73.959681050773,18.555753227591431,0.0],[73.959454841034471,18.55666218993391,0.0],[73.959451731561231,18.556674653678549,0.0],[73.959322629371087,18.557189063345611,0.0],[73.959096984686155,18.557680330990891,0.0],[73.958895687675607,18.558069005463739,0.0],[73.958585679396165,18.558319931108159,0.0],[73.957255255136403,18.559594489955149,0.0],[73.956598354196274,18.560297590624671,0.0],[73.955941446894087,18.561000688684921,0.0],[73.955313711865571,18.561738951927222,0.0],[73.954670968517902,18.562302562017141,0.0],[73.95429561505803,18.563149763846869,0.0],[73.953920256757499,18.563996964666689,0.0],[73.953503026159311,18.564612427761102,0.0],[73.953151905746452,18.565125029939122,0.0],[73.952792559633664,18.565610715387461,0.0],[73.95227765319666,18.566304143841279,0.0],[73.952087675036168,18.566667695664361,0.0],[73.951726301255675,18.567397067085029,0.0],[73.951675897214457,18.567498798124699,0.0],[73.95165144656562,18.567547264452731,0.0],[73.951646719192652,18.567556715168539,0.0],[73.951590271119159,18.567670129822851,0.0],[73.951588768461164,18.567672734940331,0.0],[73.951281219897069,18.568308508400801,0.0],[73.951150312563968,18.568579123104609,0.0],[73.951125802665899,18.568629789498409,0.0],[73.950941373026055,18.568979085200009,0.0],[73.950803737969466,18.56928514370923,0.0],[73.952130827229908,18.570034072902651,0.0],[73.95356469154332,18.571082168985459,0.0],[73.953856205208126,18.571281757194459,0.0],[73.953863560949742,18.57131336927441,0.0],[73.953866559921451,18.571326447829929,0.0],[73.953868923818405,18.57133660485103,0.0],[73.953961118055375,18.57173270155263,0.0],[73.953972629934142,18.571753599044051,0.0],[73.954049362158671,18.571892883631431,0.0],[73.954120974443384,18.572022875179918,0.0],[73.954123169424534,18.572026859064898,0.0],[73.954163533804731,18.572100128075121,0.0],[73.954166463568768,18.572105446264288,0.0],[73.954182892182473,18.572135267826152,0.0],[73.954205976685543,18.572177064024729,0.0],[73.954246759324533,18.57225090556609,0.0],[73.954261315794753,18.572277261034621,0.0],[73.954306709770222,18.57235945110828,0.0],[73.954323275728939,18.572389445121679,0.0],[73.954354006410341,18.572445086642869,0.0],[73.954359207930395,18.572454389137601,0.0],[73.95437822269308,18.572488393739661,0.0],[73.95441095416146,18.572546928209292,0.0],[73.954435004564729,18.57258993706624,0.0],[73.954437863580182,18.572595049722061,0.0],[73.954453026672411,18.572622165831781,0.0],[73.95447731331646,18.572665597112671,0.0],[73.95453486020628,18.572768508320191,0.0],[73.954536991823161,18.572772319245001,0.0],[73.954580664554271,18.572850418658899,0.0],[73.95466771484665,18.573006090780371,0.0],[73.954711096164701,18.573083668930959,0.0],[73.954724417370244,18.57310749171042,0.0],[73.954772497865591,18.573193473090399,0.0],[73.95485633326625,18.573340592877269,0.0],[73.955030074377234,18.573645486140311,0.0],[73.955043801817013,18.57366890358669,0.0],[73.955057429852559,18.57369215058786,0.0],[73.955092234770817,18.573751521508441,0.0],[73.955151229965637,18.573852156046421,0.0],[73.955173582018162,18.573890284525909,0.0],[73.955179505552948,18.57390038895797,0.0],[73.955218308662708,18.57396657955757,0.0],[73.95526280744609,18.574042485634831,0.0],[73.955321342346608,18.574142334076981,0.0],[73.955415076340941,18.574302226994771,0.0],[73.955420310566467,18.574311156420929,0.0],[73.955425761442939,18.57432045484844,0.0],[73.95544206437711,18.57434826400446,0.0],[73.955443571526786,18.57435083521462,0.0],[73.955561779427455,18.574552473987779,0.0],[73.955565680959239,18.57455912957726,0.0],[73.95557178461398,18.574569540442791,0.0],[73.955579522132481,18.574585368032711,0.0],[73.955641340952027,18.57471181387962,0.0],[73.955644249906229,18.574717762708211,0.0],[73.955648732181132,18.57472693286444,0.0],[73.955673472287614,18.5747775354859,0.0],[73.955684091631227,18.574799257528539,0.0],[73.955685665906131,18.574802477957579,0.0],[73.955773838618981,18.57498282836287,0.0],[73.95577844072308,18.574992241368609,0.0],[73.955847779320223,18.57513406711,0.0],[73.955849233790374,18.57513704378211,0.0],[73.95587848907229,18.575196882683102,0.0],[73.955880791529111,18.575201592807389,0.0],[73.955893836943062,18.575228275066511,0.0],[73.955902242802111,18.57524546820467,0.0],[73.955905292161631,18.5752517051802,0.0],[73.955909820328202,18.575260968664981,0.0],[73.955912419495633,18.575266284096038,0.0],[73.955922770280026,18.575287456100671,0.0],[73.955984856322615,18.57541444915574,0.0],[73.955991399638421,18.575427831966,0.0],[73.956070618711166,18.576874488578461,0.0],[73.9561478496435,18.57747439002366,0.0],[73.956265962155953,18.578391835469041,0.0],[73.956336249148819,18.578940325454472,0.0],[73.956385508371952,18.579342309539371,0.0],[73.95641645987439,18.579594895633971,0.0],[73.956431257280542,18.57970061334915,0.0],[73.956476939221929,18.580026970465681,0.0],[73.956598332094117,18.58125605821801,0.0],[73.956691473508215,18.5822416486821,0.0],[73.956784615689031,18.58322723905173,0.0],[73.956798184033033,18.583374596413609,0.0],[73.956849840827232,18.584819471900701,0.0],[73.956850068329743,18.58571624935848,0.0],[73.956850178629665,18.586149540566709,0.0],[73.956855220524005,18.586802546597841,0.0],[73.956857758708352,18.587131194145449,0.0],[73.956845393711916,18.587519303222852,0.0],[73.956848474088034,18.5889520980902,0.0],[73.956847724349885,18.589099086953521,0.0],[73.956847353770286,18.589171798362251,0.0],[73.956815774676343,18.589243740594309,0.0],[73.956811902820505,18.589911845600181,0.0],[73.957467123486026,18.589910026625208,0.0],[73.957770038175354,18.591523826730239,0.0],[73.957930741705525,18.592341103717491,0.0],[73.958178874049352,18.592414492453781,0.0],[73.958253231213021,18.592838642916291,0.0],[73.958357881109123,18.593232920407591,0.0],[73.958429281255448,18.59347606560636,0.0],[73.958707805663337,18.59442455177912,0.0],[73.958741646600274,18.594587545435569,0.0],[73.958854237444967,18.595129831022732,0.0],[73.958948860873051,18.595585574082861,0.0],[73.959027110076491,18.5960852606324,0.0],[73.959108648592675,18.596605953470121,0.0],[73.959105781772337,18.59698789580812,0.0],[73.9591017447421,18.597480829842951,0.0],[73.959062153562485,18.597817739987089,0.0],[73.960334871234735,18.598007319329081,0.0],[73.961366323469363,18.59826735731135,0.0],[73.961371450628732,18.59831864278182,0.0],[73.961501623282075,18.59962081617677,0.0],[73.96150247932303,18.59962937611273,0.0],[73.961547825758316,18.600506496468441,0.0],[73.961743613157935,18.60222260774005,0.0],[73.961798956153118,18.603191614861789,0.0],[73.96186298489458,18.604312719784399,0.0],[73.961849163115104,18.605255800919149,0.0],[73.961741120134221,18.606470546007628,0.0],[73.962731089713941,18.606735037305409,0.0],[73.963143289037816,18.60686406854618,0.0],[73.963369565654617,18.60693482598121,0.0],[73.963893351997271,18.6070988579039,0.0],[73.96467312592091,18.607289895690251,0.0],[73.965201346188024,18.607372469191041,0.0],[73.965436374391814,18.607409208663992,0.0],[73.965603497391086,18.60740415519091,0.0],[73.965855801010406,18.60739652666178,0.0],[73.965879174961984,18.607382186067628,0.0],[73.965886626092129,18.607395594347231,0.0],[73.965891527015444,18.607407696347359,0.0],[73.966075681821039,18.607862451390339,0.0],[73.966065821870941,18.608850889672919,0.0],[73.966055961495627,18.60983932875115,0.0],[73.965782943712654,18.610720356803061,0.0],[73.965735813881537,18.611157775782981,0.0],[73.965338531502184,18.612788239039752,0.0],[73.965134500641739,18.613464762379259,0.0],[73.965064636975555,18.61395518198362,0.0],[73.964874358248551,18.614744856180739,0.0],[73.964676287682877,18.615686257889958,0.0],[73.964439773595757,18.616735130187621,0.0],[73.964322592238418,18.617440395355519,0.0],[73.964348809390756,18.61771322904405,0.0],[73.964376138061638,18.617882934634071,0.0],[73.964782096015128,18.618232694394099,0.0],[73.965572521181329,18.618496608190998,0.0],[73.965735954962724,18.618967494325361,0.0],[73.964180006579056,18.619653488717059,0.0],[73.963358710910384,18.6206319194606,0.0],[73.963280036682775,18.6206232037879,0.0],[73.963160654696324,18.62062382120094,0.0],[73.963133633930852,18.6206239615097,0.0],[73.963019941226761,18.62062454963181,0.0],[73.962674219377249,18.620626338595791,0.0],[73.962272043638464,18.62062841929956,0.0],[73.961809107734254,18.620630812809232,0.0],[73.961374355692925,18.620633060701941,0.0],[73.961345725414859,18.620633208137281,0.0],[73.961331553404534,18.620633281739611,0.0],[73.961264051765212,18.62063363031714,0.0],[73.96100046008921,18.620550959149259,0.0],[73.96093878236816,18.620531615006261,0.0],[73.960247368334294,18.620314761343671,0.0],[73.960182788275517,18.620294507179281,0.0],[73.96006957975095,18.620259000272188,0.0],[73.959943273068561,18.620219385051652,0.0],[73.959826861289741,18.620182873474889,0.0],[73.959658873989838,18.620165284574071,0.0],[73.959167262733686,18.620113808876919,0.0],[73.958613231230174,18.620055794463809,0.0],[73.957907606599974,18.61998190357588,0.0],[73.957842911107647,18.619981914037389,0.0],[73.957800055346112,18.619981920712529,0.0],[73.957644852146942,18.619981944975041,0.0],[73.957410973430299,18.619981981505269,0.0],[73.957321209059131,18.620258765608259,0.0],[73.95727507190702,18.620401024781781,0.0],[73.956677264153882,18.620527024421069,0.0],[73.956549232484306,18.620554009826819,0.0],[73.956372983407164,18.620591157190479,0.0],[73.955719310373311,18.620708254388418,0.0],[73.955659419347285,18.620718982243659,0.0],[73.955349106724171,18.620774570754222,0.0],[73.955281881671411,18.620790165688319,0.0],[73.954924366692708,18.620873101724321,0.0],[73.954428046964424,18.620955209898579,0.0],[73.9542996877652,18.620976443584951,0.0],[73.954202705295543,18.620992488181638,0.0],[73.954139730686052,18.6210029056144,0.0],[73.954057467927854,18.620976736790372,0.0],[73.953941939109697,18.62093998523029,0.0],[73.953895242285327,18.620925130251049,0.0],[73.95360328633744,18.62083225486403,0.0],[73.953545032930052,18.620813723515329,0.0],[73.953522045464084,18.620806410495099,0.0],[73.953338618561261,18.620680093674821,0.0],[73.953264240182122,18.620628873049039,0.0],[73.953210869946687,18.62059211975863,0.0],[73.953132646252286,18.62053825068438,0.0],[73.953106166594864,18.620530834146759,0.0],[73.953027803508647,18.620508886906141,0.0],[73.953000950092232,18.620501366158429,0.0],[73.952859108387656,18.620461639936561,0.0],[73.952664612201374,18.62040716706047,0.0],[73.952301783771361,18.620305547956779,0.0],[73.952228245480896,18.620311927929489,0.0],[73.952123237520411,18.62032103709323,0.0],[73.951732996665896,18.620354889187279,0.0],[73.951574930334075,18.620368602269469,0.0],[73.950839241522885,18.62043241871292,0.0],[73.950701338806994,18.620443843278849,0.0],[73.950224699067761,18.620487228709901,0.0],[73.949935596441208,18.620513543269951,0.0],[73.94982177116448,18.62052390414782,0.0],[73.949620044934719,18.620542265379481,0.0],[73.948879618372771,18.62060965605724,0.0],[73.948816996479351,18.62061541247154,0.0],[73.948555037985685,18.620639490782612,0.0],[73.948280577625368,18.620664717927621,0.0],[73.948110592049474,18.620680341431989,0.0],[73.948042165695327,18.62068681971774,0.0],[73.947921567890944,18.620698236842269,0.0],[73.947876002453881,18.62070250323255,0.0],[73.947654297222712,18.620723263782541,0.0],[73.947552335471229,18.62073281123374,0.0],[73.947450481830913,18.620742348389602,0.0],[73.947076277704028,18.620777386538581,0.0],[73.947002554475304,18.620775727867098,0.0],[73.946876697394984,18.620772895437572,0.0],[73.946791900858827,18.620770987654559,0.0],[73.946684337881621,18.620768567441289,0.0],[73.94660198935351,18.620766713940181,0.0],[73.946541855689745,18.620765360690751,0.0],[73.946436918896282,18.62076299931757,0.0],[73.946359689083863,18.620761261120421,0.0],[73.946264533262593,18.620725671775709,0.0],[73.946230067765455,18.62071278114475,0.0],[73.945806606433976,18.62055440316713,0.0],[73.945693213361892,18.620511992502799,0.0],[73.944921560255992,18.620223382072719,0.0],[73.944599080968203,18.620102768568181,0.0],[73.944162417877962,18.620245741646631,0.0],[73.943905597139917,18.620329830540321,0.0],[73.943671298189315,18.620278401883429,0.0],[73.943049459486303,18.62014190659356,0.0],[73.942981211345526,18.620126925206151,0.0],[73.942795716015596,18.619964671817499,0.0],[73.942622145077053,18.61981284868024,0.0],[73.94152900842397,18.619825170583379,0.0],[73.940661809630043,18.61983494087227,0.0],[73.940522538753612,18.619836509175041,0.0],[73.940435870071454,18.61983748521369,0.0],[73.940216823628873,18.619960086936189,0.0],[73.939967175277204,18.620099816099589,0.0],[73.939574829708093,18.62031941163378,0.0],[73.939393586940938,18.620420852382821,0.0],[73.939380245001061,18.620428319314541,0.0],[73.939264673115403,18.620493004994671,0.0],[73.93919199764116,18.620533681215861,0.0],[73.939006180122547,18.620542043739579,0.0],[73.938413662010859,18.62056870994526,0.0],[73.938066023967266,18.620584354128209,0.0],[73.937689386500097,18.620601303357031,0.0],[73.937676490253139,18.620598956898998,0.0],[73.937371270203428,18.620543446647719,0.0],[73.9371943329445,18.620511266894098,0.0],[73.936931810648844,18.62046352111425,0.0],[73.936800367777053,18.620439615433821,0.0],[73.936617633571927,18.62040638033438,0.0],[73.936538840806406,18.620392050052029,0.0],[73.936412144315753,18.620369006830529,0.0],[73.936206378699524,18.620331582745141,0.0],[73.936124004314578,18.620316600373801,0.0],[73.935992537083237,18.620292689482412,0.0],[73.935954586979577,18.6202857867798,0.0],[73.935922599285163,18.620279433783431,0.0],[73.935920881702046,18.620272586826069,0.0],[73.934786243403565,18.620029492390529,0.0],[73.933737392870384,18.620187484035618,0.0],[73.932688540719809,18.620345468830621,0.0],[73.931639687888904,18.620503448587979,0.0],[73.930590832487852,18.620661422393219,0.0],[73.929289914228661,18.620868530700921,0.0],[73.929834989232234,18.621899188097629,0.0],[73.930670384973169,18.62307871608003,0.0],[73.93143297993943,18.624355890929319,0.0],[73.932030563887153,18.625354163841131,0.0],[73.931958956000457,18.62652092289402,0.0],[73.931980350597584,18.62745476238911,0.0],[73.9320017460944,18.628388601807941,0.0],[73.932023141548726,18.62932244024141,0.0],[73.932020275209325,18.62952636887487,0.0],[73.932040794874851,18.63067292093432,0.0],[73.932351295986749,18.631540980523969,0.0],[73.932655720547189,18.632497618992769,0.0],[73.932697718574403,18.632645314148721,0.0],[73.93280334258634,18.633632013760529,0.0],[73.932908967501035,18.63461871417627,0.0],[73.933014592381923,18.635605413583281,0.0],[73.932972845411925,18.635851919753481,0.0],[73.93287617019017,18.636774511025141,0.0],[73.932779494594357,18.637697103014901,0.0],[73.932682816734243,18.638619694808352,0.0],[73.932586138511184,18.639542285512579,0.0],[73.932551295698545,18.639748865462611,0.0],[73.932182422136123,18.640878925465461,0.0],[73.931813543325916,18.642008983462642,0.0],[73.931524440033243,18.643144909540879,0.0],[73.931235332507882,18.6442808339431,0.0],[73.930946221691684,18.64541675757809,0.0],[73.930689381370314,18.6466061412122,0.0],[73.930517091374838,18.64730389645857,0.0],[73.93055488943736,18.647708426380419,0.0],[73.93061890607315,18.648661749181919,0.0],[73.930666996601872,18.648956898771289,0.0],[73.9308485750866,18.649884975552951,0.0],[73.930561199739472,18.650312240688621,0.0],[73.930248813320148,18.650752775298329,0.0],[73.930078034195262,18.651283346343948,0.0],[73.928765944541141,18.651749633700081,0.0],[73.927163708270157,18.652208169070189,0.0],[73.926878910418182,18.652331538407498,0.0],[73.925966442304073,18.651802968381311,0.0],[73.925219164845316,18.65167165918395,0.0],[73.92400353639745,18.651637689266881,0.0],[73.922786751139981,18.651529355061189,0.0],[73.921802273338628,18.651680956773291,0.0],[73.921306673240096,18.65172859912396,0.0],[73.920707798940796,18.65188008102902,0.0],[73.919728244474527,18.652459823474349,0.0],[73.918994896204779,18.653013961674109,0.0],[73.9181764467329,18.65418144847547,0.0],[73.917434986074795,18.65531877810858,0.0],[73.917176857372141,18.655576098040701,0.0],[73.916816158814882,18.65593566422497,0.0],[73.915138963414037,18.656694132418021,0.0],[73.914092816988543,18.656939120760679,0.0],[73.913046666918902,18.657184103112119,0.0],[73.911847598456731,18.657391956648741,0.0],[73.91064852654209,18.65759980237177,0.0],[73.90951860101292,18.6579037738253,0.0],[73.908306819675602,18.658377489732558,0.0],[73.907086253024616,18.659307487959151,0.0],[73.905803869476543,18.66056513326421,0.0],[73.904459505509394,18.661671331906501,0.0],[73.903227547743469,18.662801516355721,0.0],[73.902797246488717,18.6631310119636,0.0],[73.902353536978509,18.663470771528399,0.0],[73.90147951944364,18.664140021329459,0.0],[73.901006316361361,18.665343764505842,0.0],[73.900602698975405,18.666232090590611,0.0],[73.900199078120067,18.667120415514031,0.0],[73.899797722142338,18.667724500377918,0.0],[73.899231054391336,18.668821668148681,0.0],[73.898664379045172,18.66991883370676,0.0],[73.898233321110098,18.670717374733229,0.0],[73.897770942468085,18.671521874678369,0.0],[73.897372226218351,18.67221060972032,0.0],[73.896884122840319,18.673690670463412,0.0],[73.896256119632483,18.675367753599051,0.0],[73.895953025526623,18.676157520955769,0.0],[73.895349024802783,18.676830221976051,0.0],[73.893812229644098,18.677598427573511,0.0],[73.892076128427149,18.677746886038431,0.0],[73.890608841566902,18.677994337741119,0.0],[73.889445560708339,18.67805022159618,0.0],[73.887619487345617,18.677750754681881,0.0],[73.885796683091243,18.677927152323011,0.0],[73.884768118750145,18.678292847689718,0.0],[73.883739549326833,18.678658537168261,0.0],[73.882818929530913,18.67954761205765,0.0],[73.882449153223263,18.679923299483971,0.0],[73.881495162256996,18.681178192059111,0.0],[73.880504268859383,18.682707762534029,0.0],[73.879574783648863,18.683627912923509,0.0],[73.878645287430629,18.68454805808673,0.0],[73.877605753034018,18.685310714156191,0.0],[73.876171073514641,18.68616940253963,0.0],[73.875013050458278,18.68655934461226,0.0],[73.873855023406307,18.68694928014996,0.0],[73.87258815431079,18.687275284579769,0.0],[73.871321279873996,18.687601281083921,0.0],[73.871082582286974,18.68766270161483,0.0],[73.869419708041804,18.687615204580279,0.0],[73.868283736235142,18.6872965855801,0.0],[73.867404059519188,18.686921310775901,0.0],[73.866524386871461,18.686546032037342,0.0],[73.865591575448676,18.685765022105169,0.0],[73.865060151669582,18.685216077133369,0.0],[73.864600560403332,18.684677061990129,0.0],[73.864136982294028,18.684027172789801,0.0],[73.863505393863235,18.682941581668679,0.0],[73.862768244321558,18.68167949827081,0.0],[73.861951384050329,18.680574875556591,0.0],[73.860751558729064,18.680214635886781,0.0],[73.859679747333075,18.680412050251189,0.0],[73.858233565369687,18.68127333188157,0.0],[73.857248713936002,18.682191898231348,0.0],[73.856263851891725,18.683110459658231,0.0],[73.855818521519623,18.683970862838219,0.0],[73.855373186462074,18.684831263739099,0.0],[73.854461483137243,18.685894505481869,0.0],[73.853724419223667,18.68656906041338,0.0],[73.852987349492764,18.68724361118419,0.0],[73.852250274886387,18.687918158703269,0.0],[73.851513193507969,18.688592702958719,0.0],[73.850311283150802,18.689285613666652,0.0],[73.849690285875681,18.689385058279111,0.0],[73.849597258681783,18.689399955660729,0.0],[73.849362386341397,18.689437567472432,0.0],[73.84841533965573,18.68951787894019,0.0],[73.847903846170638,18.68944834702932,0.0],[73.846445080996148,18.689266659435152,0.0],[73.845538974599151,18.688759412326672,0.0],[73.844632872827219,18.68825216019637,0.0],[73.843726777564441,18.687744904863472,0.0],[73.841910556451452,18.68754200644533,0.0],[73.840919809736462,18.68773641014155,0.0],[73.839929061053809,18.687930809381449,0.0],[73.838938309467835,18.688125202351731,0.0],[73.837641029245233,18.688737841304821,0.0],[73.83675579404138,18.68916555416407,0.0],[73.83593741730752,18.689555644692788,0.0],[73.834946109203386,18.689721916145281,0.0],[73.833954799462859,18.689888183153158,0.0],[73.832963487150423,18.690054443903289,0.0],[73.832985852023697,18.690235624522831,0.0],[73.832198479304623,18.690212414825751,0.0],[73.831642394496669,18.690062078643209,0.0],[73.82984112702097,18.68936680525378,0.0],[73.828097156723473,18.688793774296059,0.0],[73.826118683005859,18.688445264409548,0.0],[73.822777607607918,18.68724429705167,0.0],[73.820070197672877,18.686120981384349,0.0],[73.818404336518327,18.68584827977757,0.0],[73.816550221495461,18.686240432104139,0.0],[73.815186182837195,18.687418319204241,0.0],[73.814356994901274,18.68932121730305,0.0],[73.814199134876219,18.692879459625761,0.0],[73.81437071366804,18.694578333140061,0.0],[73.814445459543052,18.696772224493611,0.0],[73.814026876530036,18.699269188075469,0.0],[73.813762996551375,18.700364538504111,0.0],[73.81315591061977,18.701634865228041,0.0],[73.812740782244092,18.70248817506171,0.0],[73.812178743468095,18.703182333368151,0.0],[73.811603131887651,18.703842393308051,0.0],[73.810675213717673,18.704221647256581,0.0],[73.809524072622139,18.704326291970471,0.0],[73.808496851912366,18.70432575986867,0.0],[73.807246520489699,18.704104828020821,0.0],[73.806644074286126,18.703855446024921,0.0],[73.806479603246984,18.703763959960121,0.0],[73.806031036259512,18.703405194073682,0.0],[73.805246668004358,18.70271554500918,0.0],[73.805222955136813,18.702773255786941,0.0],[73.804752276216846,18.702498704572939,0.0],[73.80319380239898,18.70212725870223,0.0],[73.802200328968851,18.702341046320601,0.0],[73.801109904367678,18.702645929782321,0.0],[73.800317713941823,18.703223731105229,0.0],[73.799846404530726,18.703595600858581,0.0],[73.798973317045252,18.704515373338602,0.0],[73.798390399980477,18.705277530956931,0.0],[73.797807477595228,18.706039686408129,0.0],[73.797224549882856,18.70680184059545,0.0],[73.796532782600764,18.70743950818202,0.0],[73.796121477666603,18.707817635346078,0.0],[73.795237040475399,18.708769788134529,0.0],[73.79483866254516,18.709105064333059,0.0],[73.794631435980605,18.70934467115028,0.0],[73.794341107057392,18.709614749625711,0.0],[73.79391765145624,18.709969876068001,0.0],[73.793715098339078,18.710227994789239,0.0],[73.793526676669018,18.71058547230275,0.0],[73.793159268917719,18.71094310372974,0.0],[73.792913896878261,18.71112697042533,0.0],[73.792759320102405,18.711217530261798,0.0],[73.792410622031596,18.711581008721289,0.0],[73.792247776287297,18.71180394628346,0.0],[73.791725062463158,18.712198964578899,0.0],[73.791382376045192,18.712583850621339,0.0],[73.791225749943706,18.712773155999791,0.0],[73.790773272526692,18.713110490798481,0.0],[73.790540673645737,18.713490601267221,0.0],[73.790374742798747,18.713793780629882,0.0],[73.790232852144968,18.71393753845069,0.0],[73.789478852083903,18.714644512086281,0.0],[73.789117888562302,18.715059496473408,0.0],[73.788844722095178,18.715312548760981,0.0],[73.787992621627879,18.71594703087754,0.0],[73.788174825513096,18.71603638604757,0.0],[73.787872677084863,18.71664454387874,0.0],[73.787630815798423,18.717496023325332,0.0],[73.787647926712268,18.717498601874031,0.0],[73.787595791639959,18.71771014142826,0.0],[73.787653574266812,18.717717875444649,0.0],[73.787539640256099,18.718307221200089,0.0],[73.787483848664834,18.718757175335199,0.0],[73.787515152781694,18.720228053148059,0.0],[73.787543639552595,18.720228262825419,0.0],[73.787581901064598,18.720954583038509,0.0],[73.787302323389227,18.720961365081319,0.0]],[[73.885017536826538,18.37119000468152,0.0],[73.884959425925999,18.371726094391061,0.0],[73.884942054340755,18.371886351694972,0.0],[73.885017536826538,18.37119000468152,0.0]],[[73.517887622528974,18.351048525688629,0.0],[73.517404710147161,18.350634294483051,0.0],[73.517864232873322,18.35102846212374,0.0],[73.517887622528974,18.351048525688629,0.0]],[[73.56065787233554,18.399448625578081,0.0],[73.561435752456134,18.398984297070999,0.0],[73.56094699924779,18.399276042547129,0.0],[73.56065787233554,18.399448625578081,0.0]],[[73.559451171603328,18.415951441499161,0.0],[73.559024586793242,18.415882086444949,0.0],[73.559108302688585,18.41589569707876,0.0],[73.559451171603328,18.415951441499161,0.0]],[[73.645141526898172,18.429703384629011,0.0],[73.64494065175785,18.429416098007199,0.0],[73.645537184188825,18.430269239100529,0.0],[73.645141526898172,18.429703384629011,0.0]],[[73.653385919775758,18.453113751624951,0.0],[73.652892564975062,18.452724309699079,0.0],[73.6537025128452,18.453363661045181,0.0],[73.653385919775758,18.453113751624951,0.0]],[[73.718546482101814,18.466785938227929,0.0],[73.718214147765693,18.466641254917679,0.0],[73.718834316704246,18.466911247078311,0.0],[73.718546482101814,18.466785938227929,0.0]],[[73.695435365081366,18.38968158762043,0.0],[73.695978020101521,18.389199198264571,0.0],[73.696019241286834,18.389162555480961,0.0],[73.695435365081366,18.38968158762043,0.0]],[[73.696015240850841,18.388806363401329,0.0],[73.695981158463937,18.38878196735163,0.0],[73.695871277153046,18.388703314031819,0.0],[73.696015240850841,18.388806363401329,0.0]],[[73.708288226269758,18.360506880799669,0.0],[73.708213701247715,18.360375771582468,0.0],[73.708066500198285,18.360116804278551,0.0],[73.708288226269758,18.360506880799669,0.0]],[[73.634235854573404,18.38094685220906,0.0],[73.634140253176767,18.380733252979681,0.0],[73.634236666546371,18.38094866618296,0.0],[73.634235854573404,18.38094685220906,0.0]],[[73.637450322528977,18.380969897911051,0.0],[73.637334203467773,18.38118288048663,0.0],[73.637556329408696,18.38077546197054,0.0],[73.637450322528977,18.380969897911051,0.0]],[[73.412294024625325,18.672917213639661,0.0],[73.412307832063959,18.672922920516989,0.0],[73.412683573961274,18.673078226976521,0.0],[73.412294024625325,18.672917213639661,0.0]],[[73.492564504099278,18.59273293405974,0.0],[73.493030988410169,18.59328112308971,0.0],[73.493062162683486,18.593317757779189,0.0],[73.492564504099278,18.59273293405974,0.0]],[[73.495989799508337,18.598916525598391,0.0],[73.496271172861839,18.599561924507789,0.0],[73.496305987264194,18.599641780583539,0.0],[73.495989799508337,18.598916525598391,0.0]],[[73.497111203489212,18.602253629900609,0.0],[73.497232222409821,18.60233945594636,0.0],[73.49723446569898,18.60234104694073,0.0],[73.497111203489212,18.602253629900609,0.0]],[[73.50237760268088,18.61147683987225,0.0],[73.502514374324051,18.61168343691536,0.0],[73.502647916613554,18.61188515607822,0.0],[73.50237760268088,18.61147683987225,0.0]],[[73.504029395695923,18.615949435662461,0.0],[73.504063417015161,18.616319508296399,0.0],[73.504090088525842,18.616609638870681,0.0],[73.504029395695923,18.615949435662461,0.0]],[[73.520598997741004,18.62865432911023,0.0],[73.520722444150053,18.628792617160641,0.0],[73.520909468972363,18.629002127881972,0.0],[73.520598997741004,18.62865432911023,0.0]],[[73.543964940599608,18.632607898063849,0.0],[73.54496836890813,18.632421617600631,0.0],[73.544815682370071,18.632449963146939,0.0],[73.543964940599608,18.632607898063849,0.0]],[[73.569726142109189,18.622836291657858,0.0],[73.569803645376282,18.622840649616489,0.0],[73.569867453211373,18.6228442375096,0.0],[73.569726142109189,18.622836291657858,0.0]],[[73.587324466889498,18.62065775078284,0.0],[73.58762740553891,18.620484207867278,0.0],[73.587644585346681,18.620474366651042,0.0],[73.587324466889498,18.62065775078284,0.0]],[[73.750066882104548,18.738988262779511,0.0],[73.748740761295991,18.739158198175261,0.0],[73.74873094294594,18.73915945634311,0.0],[73.750066882104548,18.738988262779511,0.0]],[[74.037574967699911,18.6604964880156,0.0],[74.037113563531804,18.660721298178888,0.0],[74.038013377623429,18.660282880462159,0.0],[74.037574967699911,18.6604964880156,0.0]],[[74.068296595328277,18.634485111006221,0.0],[74.067341547193266,18.63503224572171,0.0],[74.068331071585092,18.634465359543992,0.0],[74.068296595328277,18.634485111006221,0.0]],[[74.178745071302401,18.616244912359772,0.0],[74.178342580507149,18.616253549744179,0.0],[74.178832108867198,18.616243044489789,0.0],[74.178745071302401,18.616244912359772,0.0]],[[74.178256646513788,18.583136028775002,0.0],[74.179297500501661,18.583296912448869,0.0],[74.178990282148547,18.583249426489498,0.0],[74.178256646513788,18.583136028775002,0.0]],[[74.169814428289101,18.567123309739952,0.0],[74.169737241140226,18.567831492282679,0.0],[74.169802134016933,18.567236106745408,0.0],[74.169814428289101,18.567123309739952,0.0]],[[74.179341534399228,18.509486932572219,0.0],[74.179653782294693,18.51040131790754,0.0],[74.179626684770142,18.510321966671409,0.0],[74.179341534399228,18.509486932572219,0.0]],[[73.93631833579856,18.413507274066081,0.0],[73.936529803576761,18.41348527067872,0.0],[73.936715197120648,18.413465980444951,0.0],[73.93631833579856,18.413507274066081,0.0]],[[74.008059859841993,18.422901143098681,0.0],[74.008092816762186,18.422940261730179,0.0],[74.008689938927375,18.42364902820189,0.0],[74.008059859841993,18.422901143098681,0.0]],[[74.080234692637745,18.417973387454872,0.0],[74.08026532428444,18.417970970069621,0.0],[74.080372920537471,18.417962479869349,0.0],[74.080234692637745,18.417973387454872,0.0]],[[73.950856224045438,18.246345487556031,0.0],[73.950739818308946,18.246060498443281,0.0],[73.950734380339711,18.246047184892898,0.0],[73.950856224045438,18.246345487556031,0.0]],[[73.950042998008882,18.245501150066708,0.0],[73.949236387425202,18.244841534034791,0.0],[73.948992046945023,18.24464172051167,0.0],[73.950042998008882,18.245501150066708,0.0]],[[73.9237460717722,18.322479589825139,0.0],[73.923601900128574,18.32273735726265,0.0],[73.92323953966725,18.323385226457471,0.0],[73.9237460717722,18.322479589825139,0.0]],[[73.914638471285855,18.326223399598771,0.0],[73.914451814477118,18.326347147007208,0.0],[73.913708612850328,18.32683986510354,0.0],[73.914638471285855,18.326223399598771,0.0]],[[73.912758424516952,18.326337503792431,0.0],[73.912561804157349,18.32623355090605,0.0],[73.913708612850328,18.32683986510354,0.0],[73.912758424516952,18.326337503792431,0.0]],[[73.910416925265977,18.324771355628268,0.0],[73.90938653460546,18.32467615919294,0.0],[73.909117379524048,18.32465129138804,0.0],[73.910416925265977,18.324771355628268,0.0]],[[74.268628540952022,18.62549772499473,0.0],[74.269458990035318,18.624777443650959,0.0],[74.268792956710669,18.62535512208477,0.0],[74.268628540952022,18.62549772499473,0.0]],[[74.005996149339907,18.782436878360748,0.0],[74.005922092428023,18.78254960891304,0.0],[74.006450465877663,18.781745304975271,0.0],[74.005996149339907,18.782436878360748,0.0]]],[[[73.828852594377267,18.455986100153929,0.0],[73.82868398216408,18.455599215520561,0.0],[73.828418640270016,18.455077429873871,0.0],[73.828316237903792,18.454676369697282,0.0],[73.82830888540002,18.45443066907216,0.0],[73.828364906293473,18.454194717483411,0.0],[73.828469636500301,18.453931231060171,0.0],[73.828777716122076,18.453395123694389,0.0],[73.829195413213668,18.4529268143128,0.0],[73.829771249491287,18.45225771378885,0.0],[73.830355836248884,18.451498980501011,0.0],[73.830658383224247,18.45133941175995,0.0],[73.830788147297923,18.451285844261069,0.0],[73.831285583765577,18.450751689089419,0.0],[73.832268362790501,18.450676332450971,0.0],[73.833915964902289,18.450657549773801,0.0],[73.834158844793208,18.450654780223768,0.0],[73.834185294730332,18.450255138903529,0.0],[73.83419703023749,18.45007277703872,0.0],[73.834290313148927,18.449321934353971,0.0],[73.834335776332622,18.449246271038799,0.0],[73.8346584000939,18.447770516901151,0.0],[73.834709065380338,18.44669036885043,0.0],[73.834718079411502,18.446498190718621,0.0],[73.834759729622306,18.445610220630719,0.0],[73.835166944045795,18.44548609074095,0.0],[73.835162069797676,18.4454201777293,0.0],[73.835121283355292,18.444868590899169,0.0],[73.835106590424786,18.444669896240491,0.0],[73.835079395828771,18.444432891371321,0.0],[73.83507251066689,18.44437299078562,0.0],[73.835034892381842,18.44404703856209,0.0],[73.83504482929014,18.443560955801171,0.0],[73.835047815898463,18.443418070194149,0.0],[73.835055440239969,18.44305323782611,0.0],[73.835056333619377,18.44301650182215,0.0],[73.835059189409989,18.442979968541511,0.0],[73.835059845257291,18.44297158830101,0.0],[73.835080134030463,18.442712058124101,0.0],[73.835115797723105,18.442255851384751,0.0],[73.835132123869698,18.44204701091715,0.0],[73.835207911993081,18.441077519831978,0.0],[73.83521695005642,18.441007485603439,0.0],[73.835266057353124,18.440626959739031,0.0],[73.835356752816139,18.439801187737249,0.0],[73.835614387070081,18.439339504754759,0.0],[73.835947773792896,18.438177629884169,0.0],[73.836122567028269,18.436426510535799,0.0],[73.835789274467004,18.435725938281319,0.0],[73.835729125450669,18.43536312699786,0.0],[73.835620348982999,18.43526890520409,0.0],[73.835244151227172,18.434039248707141,0.0],[73.835231740352967,18.433368094342299,0.0],[73.835288087523139,18.43302860399579,0.0],[73.835306731183309,18.432946900754779,0.0],[73.835340533070237,18.432600629137109,0.0],[73.835260789440142,18.431864226640691,0.0],[73.835132152483851,18.431425069239172,0.0],[73.835015328366467,18.430913933508549,0.0],[73.83483727066529,18.43043663948712,0.0],[73.834564521875848,18.429523677193281,0.0],[73.834088789001441,18.42867822776061,0.0],[73.83364689920792,18.428244177112511,0.0],[73.833277200890208,18.427731410121169,0.0],[73.832855103797172,18.42733751122363,0.0],[73.831933297763342,18.426810363160619,0.0],[73.831011496577759,18.42628321090022,0.0],[73.829996679648474,18.425579319478349,0.0],[73.829509051551128,18.42478350390887,0.0],[73.828866362273857,18.42466843585218,0.0],[73.828648526814263,18.426254493878059,0.0],[73.828465409058097,18.427180064953919,0.0],[73.828282289048786,18.42810563565536,0.0],[73.828100036075625,18.428726552119208,0.0],[73.827647432323161,18.429722850461118,0.0],[73.827364390156887,18.430733176926289,0.0],[73.827081344346297,18.43174350267919,0.0],[73.826694282374703,18.432778277979828,0.0],[73.826344778192393,18.433683705270209,0.0],[73.825995270097209,18.434589131627579,0.0],[73.825476396137489,18.43460279222959,0.0],[73.825252983469767,18.43527996643159,0.0],[73.824977794539521,18.436355120317781,0.0],[73.824947930931771,18.436405281585849,0.0],[73.82505883312156,18.437116423429661,0.0],[73.825100134906592,18.43764882945349,0.0],[73.824913653379809,18.43786806186527,0.0],[73.824539615723168,18.43800163304131,0.0],[73.824253784920344,18.43851927358218,0.0],[73.823714318980066,18.43921043565636,0.0],[73.823443410443417,18.439570460659279,0.0],[73.823290515766061,18.439784791925138,0.0],[73.823151522271786,18.43997963488091,0.0],[73.822801449862723,18.440818339168612,0.0],[73.82256219081215,18.441577104905729,0.0],[73.822245690122855,18.442540284938421,0.0],[73.821929186547266,18.443503465058921,0.0],[73.82178483177681,18.444051369163049,0.0],[73.821747109954742,18.444194541637408,0.0],[73.821675477492661,18.444392806181231,0.0],[73.821594556001557,18.444616780184571,0.0],[73.821558041379674,18.444717843738822,0.0],[73.821489914744575,18.44490568626415,0.0],[73.820983477924656,18.446447162099769,0.0],[73.820800243995706,18.44705170293588,0.0],[73.820751801003325,18.44717031724781,0.0],[73.820745012752127,18.447194195133999,0.0],[73.820306402239339,18.448736994365571,0.0],[73.820083187403284,18.449521211964349,0.0],[73.820048677066495,18.449660274109469,0.0],[73.81928796303589,18.45057579601248,0.0],[73.819311430483197,18.450825080388942,0.0],[73.819132525519663,18.451842840232381,0.0],[73.818878526244973,18.452618874699741,0.0],[73.818828848709686,18.452770652419019,0.0],[73.818760412970576,18.452979738589718,0.0],[73.818716007933688,18.45311540509902,0.0],[73.818388294157572,18.454116635802009,0.0],[73.8180484393922,18.455075283317619,0.0],[73.817666264214935,18.455835773127589,0.0],[73.817399639977609,18.456429611952061,0.0],[73.817214803592606,18.456477935697539,0.0],[73.817084800607915,18.45664543250469,0.0],[73.816900589467977,18.457020130494001,0.0],[73.816739195715968,18.45712493181826,0.0],[73.816354384939004,18.457278000294721,0.0],[73.816163182381175,18.45735501796792,0.0],[73.816081737010336,18.457392306159011,0.0],[73.81599303318653,18.457418575777329,0.0],[73.815732210491689,18.457495818823411,0.0],[73.815098472914428,18.457683499828029,0.0],[73.813830811896835,18.457810494440569,0.0],[73.813446956271378,18.45819400633853,0.0],[73.813854570840647,18.458959658422149,0.0],[73.815082843974963,18.459053716495479,0.0],[73.815356602963917,18.459091386770861,0.0],[73.815475735640561,18.459107779882249,0.0],[73.815511741191429,18.45911273461407,0.0],[73.815639961626815,18.459130377237351,0.0],[73.815832285172704,18.45914359549268,0.0],[73.816479308895182,18.459188061957551,0.0],[73.817259113520223,18.459284841862161,0.0],[73.817347437201832,18.45929580306267,0.0],[73.818221635541704,18.459438300540288,0.0],[73.818560116306443,18.459510346609122,0.0],[73.819058033177939,18.45961630221209,0.0],[73.819285058538199,18.459659829757541,0.0],[73.819678672910143,18.459735244503751,0.0],[73.819768771115761,18.459752511485188,0.0],[73.820202745716486,18.459835678649629,0.0],[73.821382098659072,18.460032341256859,0.0],[73.821720018009501,18.460088680714041,0.0],[73.821741441995158,18.460092246893591,0.0],[73.823495617591988,18.460382872826351,0.0],[73.823567580263159,18.460402561181141,0.0],[73.823785198124213,18.460462092266841,0.0],[73.823913626835278,18.46049729525533,0.0],[73.824243745536975,18.46059392432787,0.0],[73.824609029529157,18.460711848009971,0.0],[73.825837120494114,18.460996758551691,0.0],[73.826054706922989,18.46118551592874,0.0],[73.826090121701739,18.460775286574052,0.0],[73.826169098669183,18.46044125128622,0.0],[73.826451080504583,18.459697821495809,0.0],[73.826474177393223,18.459566866622151,0.0],[73.826444519767904,18.459376459103751,0.0],[73.826318309048759,18.459095654587191,0.0],[73.825976385959791,18.458686000502059,0.0],[73.825882340454044,18.458275498948279,0.0],[73.827165971900712,18.457511590515161,0.0],[73.827466612703915,18.457318595469982,0.0],[73.827735628232929,18.457069937210591,0.0],[73.828394520374175,18.456474175012819,0.0],[73.828816709678179,18.45648372513795,0.0],[73.828852594377267,18.455986100153929,0.0]]]]}}
]
}
