SU_ID,N_BLD_SRC,N_BLD_RUN,N_BLD_BOTH,N_BLD_TOT,BLD_FP_M2,SRC_OV_M2,RUN_OV_M2,TOT_OV_M2,MEAN_OV_P,MAX_OV_P,MAX_RUN_M,MAX_DROP_M
7535,0,228,0,228,22300.79402329924,0.0,19775.705838201186,19775.705838201186,88.55006989552369,100.0,2369.72,224.56
8349,4,210,2,216,20021.279065523297,376.09364667651244,18115.933269671048,18492.02691634756,93.37129284779702,100.0,496.96,160.11
11526,2,171,4,177,26212.391998677864,370.5135552821448,22529.76099364782,22900.274548929963,89.2568130767457,100.0,1907.71,398.8
14327,0,139,0,139,10602.561858995236,0.0,10054.201387040142,10054.201387040142,97.02093256109394,100.0,1364.31,367.11
7624,0,126,0,126,13469.048328827485,0.0,11993.592641941286,11993.592641941286,88.66434666133924,100.0,849.87,122.92
7617,0,110,0,110,11511.513062939513,0.0,9889.721268385765,9889.721268385765,86.7245687141531,100.0,623.54,70.72
9605,0,88,0,88,9303.961308878846,0.0,8303.272290690438,8303.272290690438,91.18422214954562,100.0,1247.09,350.99
8489,0,83,0,83,7873.4212608251255,0.0,6605.212055638898,6605.212055638898,86.27228308736278,100.0,581.35,138.99
8416,0,80,0,80,8400.83214469871,0.0,6964.145040928663,6964.145040928663,84.68422404087879,100.0,1527.96,140.18
7402,7,66,4,77,14192.864275494125,1075.8094165697694,9550.496031035334,10626.305447605104,81.50532739663498,100.0,395.1,130.75
6064,0,77,0,77,8423.586350973696,0.0,7246.701857550186,7246.701857550186,88.53034524274535,100.0,672.98,169.39
8220,0,77,0,77,4399.91884825984,0.0,3732.314667046405,3732.314667046405,85.98436533685185,100.0,817.03,131.35
7553,0,74,0,74,8786.82264547632,0.0,6523.030418347102,6523.030418347102,78.7379558270037,100.0,270.64,80.72
3881,0,66,0,66,4802.39315805072,0.0,4180.609404396848,4180.609404396848,89.5014024011079,100.0,785.08,233.1
8420,0,58,0,58,4709.525582381524,0.0,3446.3509842629137,3446.3509842629137,87.18670022445126,100.0,499.08,177.56
3586,0,54,0,54,3871.9485583857168,0.0,3528.91145336561,3528.91145336561,92.91253230033315,100.0,1132.87,289.75
8210,0,54,0,54,3005.937553966418,0.0,2576.086081109621,2576.086081109621,90.63668821851707,100.0,467.13,111.53
11344,1,45,1,47,6913.773044333211,210.57106277626008,5883.381277879176,6093.952340655436,92.29488665051267,100.0,1351.07,260.56
8024,0,46,0,46,8447.080453618546,0.0,5404.363529480412,5404.363529480412,72.70887288244425,100.0,927.02,267.01
24786,0,45,0,45,8997.35953764664,0.0,6837.291136194894,6837.291136194894,80.88135058038907,100.0,814.91,140.56
8251,0,45,0,45,4408.437234406825,0.0,3937.8788684461756,3937.8788684461756,83.7963530873684,100.0,705.81,119.8
12040,0,44,0,44,12185.229069324094,0.0,4987.371261773085,4987.371261773085,80.6920867133323,100.0,1025.88,202.83
11487,0,43,0,43,5859.793239913997,0.0,4465.635288612393,4465.635288612393,78.91217593253624,100.0,1925.18,402.7
8068,0,43,0,43,4148.806393924402,0.0,3442.421453373623,3442.421453373623,85.31920740228827,100.0,395.1,93.33
174,0,43,0,43,3462.9555410132743,0.0,3136.122105471557,3136.122105471557,91.71995177382436,100.0,1793.48,597.94
14227,0,42,0,42,4246.176452722168,0.0,3534.540399673977,3534.540399673977,87.74881689778829,100.0,502.08,251.69
25314,0,42,0,42,3620.9298130302923,0.0,2891.5710789761506,2891.5710789761506,81.47842192388502,100.0,715.17,120.14
8433,0,40,0,40,4695.572103704908,0.0,3772.110545314499,3772.110545314499,86.28650750511868,100.0,474.37,145.62
7991,4,31,4,39,7388.138116138987,845.765840335167,5578.743828480889,6424.509668816056,82.4104776405413,100.0,976.45,219.07
24280,0,38,0,38,4077.7389939567074,0.0,3422.956341478275,3422.956341478275,90.57007946943683,100.0,588.59,80.42
7312,0,37,0,37,5046.604019932565,0.0,3755.376462177257,3755.376462177257,81.85583834852659,100.0,342.67,106.32
4534,0,37,0,37,4248.3310290467925,0.0,3292.238110798353,3292.238110798353,80.02108718928916,100.0,496.96,142.16
14889,0,37,0,37,3079.5476547972066,0.0,2397.8813920651446,2397.8813920651446,82.2101925707959,100.0,1125.63,318.79
14917,0,37,0,37,3079.5476547972066,0.0,2397.8813920651446,2397.8813920651446,82.2101925707959,100.0,1227.49,388.15
3498,0,36,0,36,2674.5332952551544,0.0,2437.908577807131,2437.908577807131,90.62331421237332,100.0,606.07,270.53
7960,0,35,0,35,3417.899463964859,0.0,2737.8560599179764,2737.8560599179764,86.50001413797686,100.0,389.98,96.77
11988,3,30,0,33,4957.460242391215,61.77023148763692,3358.22831354558,3419.998545033217,81.74342158898408,100.0,1085.55,224.11
5284,0,33,0,33,1902.9997384267626,0.0,1807.9015725768986,1807.9015725768986,91.95393033475177,100.0,874.59,167.2
5754,0,32,0,32,2746.665156621486,0.0,2204.9478013768535,2204.9478013768535,79.0166088269304,100.0,613.31,227.5
13310,0,31,0,31,2693.366166790016,0.0,2343.4428763181204,2343.4428763181204,86.70911145516672,100.0,628.66,189.03
10884,0,30,0,30,5230.97295073315,0.0,4708.982951496961,4708.982951496961,93.1195258826098,100.0,1328.48,299.51
6943,0,30,0,30,3561.1419888352975,0.0,2796.2780337771983,2796.2780337771983,80.07651423763635,100.0,792.32,248.73
6994,0,30,0,30,3561.1419888352975,0.0,2796.2780337771983,2796.2780337771983,80.07651423763635,100.0,774.84,223.18
7137,0,30,0,30,3561.1419888352975,0.0,2796.2780337771983,2796.2780337771983,80.07651423763635,100.0,586.47,193.03
14242,0,30,0,30,3143.2777784795035,0.0,2758.4234441864537,2758.4234441864537,90.288877668243,100.0,504.2,236.67
8230,0,30,0,30,3249.2102737582754,0.0,2488.4222708253365,2488.4222708253365,84.5360657220886,100.0,449.65,123.74
9886,6,22,0,28,2424.8013440490467,369.5520994984545,2004.8956778367283,2374.4477773351828,96.4380187348385,100.0,844.75,145.39
10947,0,28,0,28,2113.9270755175967,0.0,1931.8637739579426,1931.8637739579426,88.99794990627181,100.0,846.87,219.38
5620,0,27,0,27,2787.113404702046,0.0,2220.4693873936194,2220.4693873936194,82.98296681950542,100.0,519.56,204.48
22768,0,27,0,27,2008.9794334592298,0.0,1865.140941335776,1865.140941335776,91.50465239840533,100.0,831.51,120.22
14317,0,27,0,27,1700.1519822378177,0.0,1687.5106907587615,1687.5106907587615,98.72542706064358,100.0,1282.04,345.93
7987,0,26,0,26,4349.211634630337,0.0,2913.020569462562,2913.020569462562,76.25165112896971,100.0,802.56,212.86
1310,5,20,1,26,2225.6355695609236,335.18529304582626,1890.4502765111974,2225.6355695570237,99.99999999924201,100.0,1792.61,675.48
4817,0,26,0,26,2470.380134122912,0.0,1865.3944597664376,1865.3944597664376,81.32393912914699,100.0,553.64,185.11
26397,0,26,0,26,1952.4798565562814,0.0,1653.1330360962602,1653.1330360962602,86.11991694262225,100.0,1358.31,219.33
12147,0,25,0,25,9129.212310000788,0.0,6481.998115158174,6481.998115158174,77.46528089297976,100.0,881.82,158.78
10941,0,25,0,25,2000.2724095617887,0.0,1792.5291992634302,1792.5291992634302,90.97925548607002,100.0,685.34,143.06
4442,0,25,0,25,1841.686581811402,0.0,1412.7896433523274,1412.7896433523274,81.47986241295213,100.0,720.29,143.31
4520,0,25,0,25,1841.686581811402,0.0,1412.7896433523274,1412.7896433523274,81.47986241295213,100.0,955.97,255.4
4533,0,25,0,25,1841.686581811402,0.0,1412.7896433523274,1412.7896433523274,81.47986241295213,100.0,961.09,248.32
24512,0,24,0,24,5365.200528414454,0.0,3279.639128145587,3279.639128145587,67.88645000008678,100.0,1373.67,338.9
12158,0,23,0,23,1630.2948086077813,0.0,1510.946480671293,1510.946480671293,92.13566298151663,100.0,713.05,132.3
5995,0,22,0,22,3715.046814947389,0.0,2687.7409519576468,2687.7409519576468,84.17441572511524,100.0,600.95,179.15
16475,0,22,0,22,3196.5012000727,0.0,2593.4063776900534,2593.4063776900534,81.5496785893506,100.0,1517.73,677.94
11286,0,21,0,21,2632.664699174231,0.0,2430.387306756922,2430.387306756922,95.9923011443329,100.0,1380.91,259.05
9741,0,21,0,21,2154.5409452307504,0.0,1717.0617043650418,1717.0617043650418,85.53447854571822,100.0,516.56,105.0
7741,8,12,1,21,1728.9178940500133,460.6925908711273,945.5009310939058,1406.1935219650331,84.08296971521979,100.0,1818.2,336.96
12148,0,21,0,21,1279.8094409392215,0.0,1160.4611130015692,1160.4611130015692,91.38667850356585,100.0,467.13,88.94
7523,13,4,3,20,3343.3225899690297,2249.26757854037,628.9419750145171,2878.209553554887,89.02859053573613,100.0,1771.77,377.4
7686,0,20,0,20,1558.723656307906,0.0,1384.7737937091442,1384.7737937091442,84.52978449109139,100.0,1157.58,212.86
9699,0,19,0,19,2443.4428005551454,0.0,1464.7731932809693,1464.7731932809693,72.08391144987952,100.0,432.17,132.35
11874,0,19,0,19,2561.675140562118,0.0,1255.7521429980407,1255.7521429980407,71.75019937490826,100.0,1010.53,242.31
10828,0,19,0,19,1214.0878696052823,0.0,1164.3631336188992,1164.3631336188992,97.62826266040135,100.0,1368.55,341.35
7975,0,18,0,18,2967.6545895244926,0.0,2032.2144016257953,2032.2144016257953,80.44765761372068,100.0,730.53,215.74
12163,0,18,0,18,1641.3504767681006,0.0,1475.661073054478,1475.661073054478,92.57531303396546,100.0,1463.18,366.54
9748,0,18,0,18,1241.4239104418084,0.0,1010.3461627081997,1010.3461627081997,86.45951416913978,100.0,720.29,139.54
7939,1,15,1,17,3197.556526313536,658.5172724104486,1596.5186801052769,2255.0359525157255,79.98942585604459,100.0,635.9,151.15
11594,0,17,0,17,2871.4181536305696,0.0,2102.7625411117915,2102.7625411117915,74.00582486796038,100.0,695.57,178.66
8183,0,17,0,17,1892.8971677047666,0.0,1460.6695867038798,1460.6695867038798,75.06299281261387,100.0,2188.58,536.59
19209,0,17,0,17,1714.3200990871992,0.0,1271.9956331901021,1271.9956331901021,81.27879304396204,100.0,2509.53,770.82
5657,0,17,0,17,1743.9834796709474,0.0,1252.0414366842015,1252.0414366842015,85.89442853282375,100.0,456.89,130.13
7446,0,17,0,17,1701.4769870995078,0.0,1186.0657120406977,1186.0657120406977,67.0770797591346,100.0,384.86,107.6
9820,0,17,0,17,1146.5698593137786,0.0,995.4902148346882,995.4902148346882,90.62407963160942,100.0,395.1,73.21
3585,0,17,0,17,649.0305310213007,0.0,602.7083970467793,602.7083970467793,93.97666637449011,100.0,546.4,170.58
3609,0,17,0,17,649.0305310213007,0.0,602.7083970467793,602.7083970467793,93.97666637449011,100.0,606.07,160.99
14735,0,16,0,16,1887.622138804756,0.0,1748.4679789397196,1748.4679789397196,87.52628961894918,100.0,742.89,251.4
6222,0,16,0,16,2213.224244722398,0.0,1632.3226860137656,1632.3226860137656,81.61756851123344,100.0,588.59,165.09
8025,0,16,0,16,2887.8084389278665,0.0,1570.8058641275857,1570.8058641275857,70.00953278571137,100.0,934.26,283.53
7996,2,14,0,16,2161.92081403872,120.23956724151503,1102.260961003194,1222.5005282447091,60.704497679653905,100.0,1048.48,206.16
14251,0,16,0,16,1362.2427803962491,0.0,1170.7614052484278,1170.7614052484278,84.56602538569592,100.0,906.54,206.24
25029,0,16,0,16,1208.1290147920372,0.0,1102.3400371460011,1102.3400371460011,91.16186610533634,100.0,648.26,121.23
16430,0,16,0,16,1573.4039773093536,0.0,1073.5290064667934,1073.5290064667934,82.09214035538366,100.0,598.83,173.81
4562,0,16,0,16,1232.2362995315343,0.0,812.5982285293867,812.5982285293867,74.4178069461393,100.0,449.65,139.89
4640,0,16,0,16,1232.2362995315343,0.0,812.5982285293867,812.5982285293867,74.4178069461393,100.0,462.01,144.11
9398,0,16,0,16,865.7392467004247,0.0,732.5051988116466,732.5051988116466,93.48564701049403,100.0,804.68,155.78
9410,0,16,0,16,865.7392467004247,0.0,732.5051988116466,732.5051988116466,93.48564701049403,100.0,767.6,146.26
9484,0,16,0,16,865.7392467004247,0.0,732.5051988116466,732.5051988116466,93.48564701049403,100.0,568.99,100.94
9553,0,16,0,16,865.7392467004247,0.0,732.5051988116466,732.5051988116466,93.48564701049403,100.0,539.16,94.67
6691,0,15,0,15,10538.482223539148,0.0,5342.015016841004,5342.015016841004,66.83653475024757,100.0,613.31,221.34
8727,0,15,0,15,1755.7788049662486,0.0,1462.6992487086973,1462.6992487086973,86.02593001003297,100.0,1438.46,385.53
8342,0,15,0,15,1780.0040563661605,0.0,1364.9050072272366,1364.9050072272366,82.08805087058089,100.0,449.65,124.62
14196,0,15,0,15,1490.5888951886445,0.0,1350.1084269252606,1350.1084269252606,89.69884399565977,100.0,1579.52,470.11
14230,0,15,0,15,1299.4439668643754,0.0,1023.0745862659533,1023.0745862659533,84.64240967108744,100.0,442.41,208.73
7673,0,14,0,14,2644.181204268709,0.0,1937.5032113253255,1937.5032113253255,78.44180682616445,100.0,275.76,52.0
22196,0,14,0,14,2573.7630559923127,0.0,1819.4677505322034,1819.4677505322034,70.60089386058243,100.0,1649.43,352.31
14865,0,14,0,14,1214.1033557717456,0.0,1185.675119398802,1185.675119398802,98.10981716474893,100.0,1222.37,384.89
14912,0,14,0,14,1214.1033557717456,0.0,1185.675119398802,1185.675119398802,98.10981716474893,100.0,1175.06,380.39
8023,1,13,0,14,2259.530781330541,119.28537691803649,1063.9899010223453,1183.2752779403818,58.791422027874454,100.0,1018.64,188.75
14787,0,14,0,14,1438.5408674820792,0.0,1085.465730612632,1085.465730612632,84.9941905874558,100.0,574.11,124.25
12877,0,14,0,14,1341.1763416493777,0.0,1065.4804370440543,1065.4804370440543,84.629658608045,100.0,777.84,228.79
14875,0,14,0,14,985.815703875618,0.0,791.2026029401459,791.2026029401459,82.0312431146622,100.0,1143.1,410.25
8491,0,13,0,13,1720.0866637909785,0.0,1214.4839864629903,1214.4839864629903,80.18761886548988,100.0,623.54,151.71
7997,0,13,0,13,1899.934762397781,0.0,1203.8348586878274,1203.8348586878274,75.54930285266752,100.0,909.54,257.26
8027,0,13,0,13,1899.934762397781,0.0,1203.8348586878274,1203.8348586878274,75.54930285266752,100.0,964.09,275.75
8007,0,13,0,13,1687.1107507552952,0.0,1063.989901022811,1063.989901022811,61.7108556796088,100.0,1006.29,203.26
3224,0,13,0,13,1279.621847991133,0.0,1001.7830151488306,1001.7830151488306,75.73250722834021,100.0,1376.67,293.9
11610,0,13,0,13,1024.0367093493696,0.0,987.6821989269229,987.6821989269229,97.8275704165988,100.0,1542.44,316.98
26598,0,13,0,13,994.5994116119109,0.0,961.452778912615,961.452778912615,96.03991972433997,100.0,844.75,216.16
5502,0,13,0,13,957.3127220375463,0.0,794.2265889092232,794.2265889092232,81.02454167327838,100.0,1020.76,83.59
7583,0,13,0,13,898.8749707355164,0.0,761.8175253709778,761.8175253709778,84.87408109473557,100.0,335.43,63.52
7763,4,1,7,12,3680.925516860094,1810.044743843493,1351.8890812788159,3161.933825122309,88.68028140023027,100.0,1940.54,378.75
8845,0,12,0,12,1195.6378201609477,0.0,1148.4432615204714,1148.4432615204714,94.85530982295079,100.0,1672.02,423.08
12485,0,12,0,12,1389.2606440352974,0.0,1088.9296132474556,1088.9296132474556,77.81249385550409,100.0,1299.52,336.24
7390,0,12,0,12,1926.7580755655654,0.0,1015.1699766013771,1015.1699766013771,63.12400943868599,100.0,330.31,62.78
10728,0,12,0,12,1459.7618031166494,0.0,1002.6887246489059,1002.6887246489059,79.92045712353747,100.0,648.26,136.4
14224,0,12,0,12,914.7079081595875,0.0,914.7079081612173,914.7079081612173,99.99999999954724,100.0,424.93,164.05
14813,0,12,0,12,887.9949986184947,0.0,733.5369637361728,733.5369637361728,82.89245809067395,100.0,1025.88,270.36
14832,0,12,0,12,887.9949986184947,0.0,733.5369637361728,733.5369637361728,82.89245809067395,100.0,760.36,288.2
14226,0,12,0,12,592.8216919570696,0.0,504.5064223674126,504.5064223674126,88.73722897433557,100.0,1113.27,277.04
6508,0,12,0,12,612.0362182967365,0.0,430.0287472498603,430.0287472498603,69.79762018744044,100.0,688.33,132.91
7060,0,11,0,11,2237.694416173268,0.0,1918.281408132054,1918.281408132054,85.72395081005172,100.0,1085.55,240.24
5807,0,11,0,11,2097.7257140045986,0.0,1226.1288916410413,1226.1288916410413,63.90143079006006,100.0,523.8,150.48
8451,0,11,0,11,1496.0672981888056,0.0,1202.9884302463906,1202.9884302463906,80.94451259187947,100.0,534.04,132.86
8493,0,11,0,11,1496.0672981888056,0.0,1202.9884302463906,1202.9884302463906,80.94451259187947,100.0,606.07,162.11
8781,0,11,0,11,1496.0672981888056,0.0,1202.9884302463906,1202.9884302463906,80.94451259187947,100.0,1257.33,345.83
8793,0,11,0,11,1496.0672981888056,0.0,1202.9884302463906,1202.9884302463906,80.94451259187947,100.0,1336.59,367.11
9493,0,10,1,11,1469.410589827341,31.16446682298556,1112.6114815121218,1143.7759483351074,64.81147300678508,100.0,1222.37,358.13
4673,0,11,0,11,1179.94679684937,0.0,999.8528706145007,999.8528706145007,90.78168227585351,100.0,595.83,192.61
15401,0,11,0,11,844.5610518257599,0.0,794.9639411189128,794.9639411189128,94.46666445607988,100.0,772.72,289.42
18059,0,11,0,11,742.2340481835417,0.0,728.5333442663541,728.5333442663541,97.76036530254942,100.0,1213.01,246.38
18266,0,11,0,11,742.2340481835417,0.0,728.5333442663541,728.5333442663541,97.76036530254942,100.0,1555.68,321.51
18321,0,11,0,11,742.2340481835417,0.0,728.5333442663541,728.5333442663541,97.76036530254942,100.0,1292.28,250.3
14315,0,11,0,11,781.333217982261,0.0,618.8342308946885,618.8342308946885,87.61095411562596,100.0,1215.13,363.3
5480,0,11,0,11,928.3641621926799,0.0,599.4471195256338,599.4471195256338,68.46225568433353,100.0,528.92,169.0
9659,0,11,0,11,812.3018749497132,0.0,504.533773615025,504.533773615025,83.12689674736777,100.0,723.29,105.42
8575,0,10,0,10,1997.8893876706716,0.0,1455.7533891620114,1455.7533891620114,78.28258325068359,100.0,1053.6,146.67
14539,0,10,0,10,1665.4127862639725,0.0,1453.7241447456763,1453.7241447456763,87.5999090031739,100.0,1060.84,209.4
7765,1,2,7,10,1652.5753130875528,1027.3315922005568,339.2351019724738,1366.5666941730306,85.5896573333574,100.0,1843.8,336.08
9757,0,10,0,10,1350.2754463106394,0.0,1324.846573408693,1324.846573408693,97.11028406157854,100.0,646.14,102.61
9709,0,10,0,10,1379.71585329948,0.0,1291.0520241780905,1291.0520241780905,90.22142563339075,100.0,675.98,88.04
8263,0,10,0,10,1156.8777982739266,0.0,1105.9237480750307,1105.9237480750307,94.74558706797968,100.0,606.07,131.33
12398,0,10,0,10,1108.4979003079934,0.0,1001.0556898999494,1001.0556898999494,83.17084331282089,100.0,1285.04,311.58
5957,0,10,0,10,735.1301205424825,0.0,734.960929072462,734.960929072462,99.99042106150851,100.0,491.84,140.59
9634,0,10,0,10,1523.0145836421289,0.0,717.1335902798455,717.1335902798455,76.96932528935227,100.0,1356.19,345.31
25440,0,10,0,10,751.121519440203,0.0,712.9035251220921,712.9035251220921,98.11810319266438,100.0,1299.52,227.76
10845,0,10,0,10,673.7583410157822,0.0,669.828553756699,669.828553756699,98.79222685674549,100.0,1117.51,253.26
24462,0,10,0,10,761.720497681119,0.0,606.3582773767412,606.3582773767412,87.61305329269604,100.0,2143.39,659.58
11595,0,10,0,10,759.0415508667938,0.0,565.9582860287046,565.9582860287046,72.36862727818142,100.0,337.55,82.01
5316,0,10,0,10,774.629940489307,0.0,551.2927769263042,551.2927769263042,76.00599758419254,100.0,846.87,171.48
5392,0,10,0,10,774.629940489307,0.0,551.2927769263042,551.2927769263042,76.00599758419254,100.0,697.69,191.99
5457,0,10,0,10,774.629940489307,0.0,551.2927769263042,551.2927769263042,76.00599758419254,100.0,546.4,166.41
14256,0,10,0,10,933.3209242227022,0.0,543.8157431891887,543.8157431891887,69.05717324493853,100.0,1215.13,302.65
14448,0,10,0,10,625.0173381050699,0.0,502.7428230860969,502.7428230860969,83.1753856091884,100.0,894.18,228.86
5543,0,10,0,10,546.660537239979,0.0,450.03609903944016,450.03609903944016,86.30347384272908,100.0,675.98,226.8
14208,0,10,0,10,400.6164816149976,0.0,327.7323550428846,327.7323550428846,85.74008160196763,100.0,1088.55,421.39
5259,0,9,0,9,1311.8303018976003,0.0,1270.7924403537763,1270.7924403537763,92.00959512068371,100.0,472.25,145.9
9666,0,9,0,9,1553.7317178163212,0.0,752.6766914781183,752.6766914781183,78.97576526548617,100.0,1361.31,305.09
16124,0,9,0,9,869.1986419572495,0.0,745.5972496307222,745.5972496307222,81.59841409395447,100.0,1651.55,490.55
11376,1,8,0,9,686.9427818590775,254.41084438597318,432.52639993291814,686.9372443188913,99.99861162373301,100.0,372.5,66.92
7355,0,9,0,9,1069.930670291651,0.0,683.0826332196593,683.0826332196593,83.21515410737362,100.0,591.59,109.85
13376,0,9,0,9,537.1146560560446,0.0,377.65852572233416,377.65852572233416,77.83877557509695,100.0,1329.36,269.73
11175,0,9,0,9,374.035493703268,0.0,373.93597492866684,373.93597492866684,99.99181239176352,100.0,1401.38,322.49
10702,0,8,0,8,4254.92903339176,0.0,4254.929033389781,4254.929033389781,99.99999999947663,100.0,300.47,81.98
4933,0,8,0,8,5767.588950043544,0.0,4162.821483736043,4162.821483736043,79.37958788878423,100.0,598.83,242.52
11875,0,8,0,8,1472.1514968094416,0.0,1348.3052259222604,1348.3052259222604,95.37243282534672,100.0,541.28,107.24
10959,0,8,0,8,1437.420294405194,0.0,1052.3208577522892,1052.3208577522892,87.05272944930444,100.0,521.68,208.45
11660,0,8,0,8,1111.0484044202603,0.0,1019.4103292119689,1019.4103292119689,88.477989930327,100.0,1450.82,356.37
6549,0,8,0,8,994.7854387732223,0.0,983.7385229113861,983.7385229113861,99.49512705279574,100.0,836.63,257.84
14180,0,8,0,8,803.3625371141825,0.0,736.8408198092366,736.8408198092366,90.92455212071835,100.0,1514.73,436.82
2796,0,8,0,8,939.4513117326424,0.0,717.2192483408144,717.2192483408144,67.44855463905552,100.0,1292.28,280.36
15500,0,8,0,8,842.0106465599965,0.0,682.0633226263453,682.0633226263453,81.55538310604227,100.0,1341.71,339.38
13187,0,8,0,8,794.5043115839362,0.0,644.7441738386406,644.7441738386406,87.62586795878245,100.0,1157.58,283.81
26588,0,8,0,8,631.4745937767439,0.0,557.8995118597522,557.8995118597522,85.33231205926083,100.0,1001.17,240.03
26683,0,8,0,8,631.4745937767439,0.0,557.8995118597522,557.8995118597522,85.33231205926083,100.0,1038.24,233.38
11605,0,8,0,8,653.7961594217923,0.0,530.4077850955073,530.4077850955073,80.0830634838515,100.0,1542.44,477.74
9943,0,8,0,8,589.0494109790307,0.0,478.25298477039905,478.25298477039905,87.6006544521099,100.0,820.03,125.71
9614,0,8,0,8,479.2600440410897,0.0,428.5419961279258,428.5419961279258,88.19404157750115,100.0,760.36,147.43
14639,0,8,0,8,435.8153679915704,0.0,417.05383760191035,417.05383760191035,93.66005406527819,100.0,1068.08,214.94
25199,0,8,0,8,452.8775782864541,0.0,400.2012663818896,400.2012663818896,89.1405456606688,100.0,1522.85,258.7
26476,0,8,0,8,381.2135366045404,0.0,379.7800718335202,379.7800718335202,99.76212857147755,100.0,1256.45,214.8
9830,0,8,0,8,347.23369134473614,0.0,347.23369134706445,347.23369134706445,99.99999999961663,100.0,544.28,88.56
13965,0,8,0,8,356.4977426970145,0.0,327.9054964619572,327.9054964619572,95.19255101929353,100.0,1393.27,356.64
14828,0,8,0,8,248.50293484848225,0.0,248.5029348480166,248.5029348480166,99.999999998997,100.0,869.47,361.31
5786,0,8,0,8,203.8836335070664,0.0,202.31222733751565,202.31222733751565,98.41954224467787,100.0,551.52,198.94
8541,0,7,0,7,901.8249111035839,0.0,663.339321794163,663.339321794163,79.93136004180731,100.0,1395.39,354.52
7698,0,7,0,7,1043.1376897578593,0.0,641.1713518631295,641.1713518631295,72.3230701166047,100.0,767.6,217.31
8419,0,7,0,7,722.3517475798726,0.0,639.2627531355247,639.2627531355247,87.14464181052361,100.0,449.65,144.07
5234,0,7,0,7,847.5456253127195,0.0,567.3656496533658,567.3656496533658,74.9118655532873,100.0,486.73,167.08
15549,0,7,0,7,663.374805140309,0.0,506.61411082185805,506.61411082185805,81.23674869285863,100.0,924.02,291.54
10953,0,7,0,7,620.0637028908823,0.0,500.2006268350524,500.2006268350524,76.94266396864587,100.0,841.75,231.64
7478,0,7,0,7,536.9220241974108,0.0,499.8022786793299,499.8022786793299,86.66100437472788,100.0,280.88,86.9
5034,0,7,0,7,914.5356210912578,0.0,498.7001350764185,498.7001350764185,87.75850834780097,100.0,456.89,170.68
10835,0,7,0,7,694.0685116280802,0.0,336.62233409431065,336.62233409431065,43.60759675024507,99.99999999885122,1264.57,235.27
9419,0,7,0,7,472.01344620320015,0.0,264.8325617474038,264.8325617474038,67.25598205687508,100.0,474.37,104.41
6979,0,7,0,7,609.5808217437007,0.0,229.35311936179642,229.35311936179642,50.97271230548246,99.99999999833939,899.3,238.06
6992,0,7,0,7,609.5808217437007,0.0,229.35311936179642,229.35311936179642,50.97271230548246,99.99999999833939,916.78,248.96
14575,0,7,0,7,268.0537054373417,0.0,215.48498842178378,215.48498842178378,91.09130500177686,100.0,964.09,258.53
11628,0,7,0,7,210.51294336281717,0.0,188.7089584702626,188.7089584702626,87.12314666922225,100.0,1572.28,455.17
6056,0,6,0,6,1965.4204079199117,0.0,1965.4109546975233,1965.4109546975233,99.99309698497996,100.0,486.73,148.33
17673,0,6,0,6,1701.9935928750783,0.0,1673.2790291815763,1673.2790291815763,98.28168620234834,100.0,502.08,100.28
7158,0,6,0,6,1300.0707923431182,0.0,827.7674841103144,827.7674841103144,76.33049776830866,100.0,623.54,159.39
7226,0,6,0,6,1300.0707923431182,0.0,827.7674841103144,827.7674841103144,76.33049776830866,100.0,713.05,188.56
10974,0,6,0,6,795.3044346345123,0.0,795.3044346354436,795.3044346354436,99.99999999944555,100.0,472.25,196.0
9838,0,6,0,6,1121.6234746682458,0.0,759.6181254084222,759.6181254084222,85.69044335782802,100.0,546.4,94.18
7485,0,6,0,6,1014.3956291330978,0.0,699.9662744139787,699.9662744139787,85.69428267598344,100.0,395.1,74.02
5447,0,6,0,6,704.7617726605386,0.0,599.1708613499068,599.1708613499068,84.69234044919921,100.0,546.4,152.67
11667,0,6,0,6,607.8243135311641,0.0,583.4409228954464,583.4409228954464,96.19916719570944,100.0,1259.45,275.05
29632,0,6,0,6,593.5838447655551,0.0,569.7517274282873,569.7517274282873,95.83201340135822,100.0,742.89,138.17
14257,0,6,0,6,562.3315744644497,0.0,445.40301429026294,445.40301429026294,88.32012240500113,100.0,568.99,219.54
5737,0,6,0,6,439.1244250740856,0.0,439.12442507315427,439.12442507315427,99.99999999970059,100.0,481.61,127.69
14436,0,6,0,6,427.8804297973402,0.0,414.53266446723137,414.53266446723137,97.42290752505994,100.0,755.24,264.84
5623,0,6,0,6,414.3514007348567,0.0,414.3514007348567,414.3514007348567,99.99999999964756,100.0,737.77,244.43
9700,0,6,0,6,1012.7851030617021,0.0,408.8887501293211,408.8887501293211,44.417991146643004,100.0,317.95,100.48
10355,0,6,0,6,403.42205769894645,0.0,387.06053134566173,387.06053134566173,98.56538889139499,100.0,280.88,92.7
5097,0,6,0,6,463.7660630065948,0.0,378.76348660723306,378.76348660723306,86.97435602939423,100.0,869.47,258.82
2640,0,6,0,6,518.2650910252705,0.0,364.57206703943666,364.57206703943666,73.56247725740326,100.0,737.77,154.05
2674,0,6,0,6,518.2650910252705,0.0,364.57206703943666,364.57206703943666,73.56247725740326,100.0,755.24,176.73
8492,0,6,0,6,412.1757264571497,0.0,353.2539575737901,353.2539575737901,93.18401183952285,100.0,603.95,79.72
3151,0,6,0,6,391.838703968795,0.0,335.585245040711,335.585245040711,90.613756027533,100.0,1175.06,267.16
14401,0,6,0,6,304.21062020381214,0.0,254.13809467374813,254.13809467374813,91.72343604714122,100.0,936.38,240.84
14824,0,6,0,6,180.11882696161047,0.0,155.90430937841302,155.90430937841302,89.31087560253509,100.0,927.02,333.15
10821,0,5,0,5,2379.762867869111,0.0,1957.5563066378236,1957.5563066378236,94.9812193936459,100.0,1426.1,347.82
9455,0,5,0,5,1047.3020816165954,0.0,1005.8587254695594,1005.8587254695594,85.53557387843492,100.0,449.65,128.48
9525,0,5,0,5,1047.3020816165954,0.0,1005.8587254695594,1005.8587254695594,85.53557387843492,100.0,414.7,119.94
9578,0,5,0,5,1047.3020816165954,0.0,1005.8587254695594,1005.8587254695594,85.53557387843492,100.0,546.4,131.54
8037,0,5,0,5,1102.773754957132,0.0,875.7675249222666,875.7675249222666,77.62073725597442,100.0,753.12,185.46
8724,0,5,0,5,852.1202423679642,0.0,814.240012915805,814.240012915805,95.88422132636899,100.0,581.35,124.92
27494,0,5,0,5,777.0057719862089,0.0,697.3941454577725,697.3941454577725,74.57450039527762,99.99999999837922,985.81,244.27
11942,0,5,0,5,805.4467919068411,0.0,633.5407831015182,633.5407831015182,62.85376044254459,99.99999999954986,927.02,263.5
27089,0,5,0,5,632.6463906518184,0.0,519.7472457860131,519.7472457860131,83.89701632666429,100.0,335.43,75.31
11258,0,5,0,5,760.8291595752817,0.0,461.47420806461014,461.47420806461014,84.38682507057925,100.0,1244.09,246.08
16107,0,5,0,5,514.6969722120557,0.0,455.9560466967523,455.9560466967523,87.16563057778205,100.0,459.89,114.09
9051,1,4,0,5,407.0835900802631,38.38965515268501,368.69393492722884,407.08359007991385,99.99999999980176,100.0,1341.71,371.14
10000,0,5,0,5,340.3577862936072,0.0,340.3577862973907,340.3577862973907,99.9999999996061,100.0,551.52,102.31
10462,0,5,0,5,412.63621322531253,0.0,339.16338305498357,339.16338305498357,69.45778880209356,100.0,347.79,93.84
13027,0,5,0,5,352.5309334015474,0.0,311.12422351073474,311.12422351073474,91.29600141299719,100.0,1147.34,282.13
8205,0,5,0,5,371.7886456870474,0.0,305.7460778709501,305.7460778709501,86.05414503358898,100.0,611.19,151.54
3189,0,5,0,5,340.17053625849076,0.0,284.5637668080162,284.5637668080162,88.98683137119576,100.0,1418.86,254.75
8726,0,5,0,5,347.6025824062526,0.0,268.9120511125657,268.9120511125657,75.25215408445767,100.0,469.25,141.71
15403,0,5,0,5,287.06056799180806,0.0,226.7834824367892,226.7834824367892,88.41126044176778,100.0,293.23,67.1
11205,0,5,0,5,258.91644774144515,0.0,219.48543947504368,219.48543947504368,84.53215158357686,100.0,1311.88,309.05
11222,0,5,0,5,258.91644774144515,0.0,219.48543947504368,219.48543947504368,84.53215158357686,100.0,1276.92,302.35
11296,0,5,0,5,258.91644774144515,0.0,219.48543947504368,219.48543947504368,84.53215158357686,100.0,1271.8,326.11
9028,0,5,0,5,202.99537513102405,0.0,202.99537513125688,202.99537513125688,99.99999999866367,100.0,1375.79,377.53
9436,0,5,0,5,415.0456721598748,0.0,183.42631272843573,183.42631272843573,38.38882363635142,75.4269204935695,454.77,110.5
14061,0,5,0,5,181.08438461390324,0.0,181.08438461454352,181.08438461454352,99.99999999982461,100.0,1088.55,254.76
14598,0,5,0,5,167.76976204256061,0.0,127.49160779640079,127.49160779640079,77.63231730673468,100.0,1287.16,232.08
14625,0,5,0,5,167.76976204256061,0.0,127.49160779640079,127.49160779640079,77.63231730673468,100.0,1550.56,301.85
11630,0,5,0,5,96.11984230321832,0.0,74.31585740949959,74.31585740949959,81.97240533691118,100.0,1264.57,261.46
5981,0,4,0,4,24326.774133500294,0.0,11232.016876034962,11232.016876034962,64.4775181790688,99.99999999947157,648.26,229.31
15434,0,4,0,4,503.3031029473059,0.0,477.5243748629,477.5243748629,94.45182340116337,100.0,1329.36,328.6
13242,0,4,0,4,446.51051831338555,0.0,446.51051831338555,446.51051831338555,100.0,100.0,1134.99,239.81
7962,0,4,0,4,564.4149413183331,0.0,431.79679426632356,431.79679426632356,70.13534749202546,100.0,586.47,113.78
8016,0,4,0,4,564.4149413183331,0.0,431.79679426632356,431.79679426632356,70.13534749202546,100.0,976.45,244.3
15632,0,4,0,4,406.14421766554005,0.0,374.39994294801727,374.39994294801727,93.14078972642105,100.0,1348.95,323.2
2777,0,4,0,4,360.7708357265219,0.0,360.7708357255906,360.7708357255906,99.99999999950307,100.0,558.75,187.71
14118,0,4,0,4,427.63194862776436,0.0,347.2974907415919,347.2974907415919,73.51295483456865,99.99999999902671,1417.98,353.56
13660,0,4,0,4,538.0927604353055,0.0,323.5574787626392,323.5574787626392,75.34163874500639,100.0,544.28,197.1
12267,0,4,0,4,391.5044246194884,0.0,314.14152738661505,314.14152738661505,85.5423950724793,100.0,1343.83,360.88
4490,0,4,0,4,312.813123434782,0.0,312.8131234385073,312.8131234385073,100.0,100.0,857.11,205.82
4539,0,4,0,4,312.813123434782,0.0,312.8131234385073,312.8131234385073,100.0,100.0,1169.94,214.76
4579,0,4,0,4,312.813123434782,0.0,312.8131234385073,312.8131234385073,100.0,100.0,1103.03,209.43
4589,0,4,0,4,312.813123434782,0.0,312.8131234385073,312.8131234385073,100.0,100.0,1115.39,195.35
4608,0,4,0,4,312.813123434782,0.0,312.8131234385073,312.8131234385073,100.0,100.0,1115.39,202.21
4693,0,4,0,4,312.813123434782,0.0,312.8131234385073,312.8131234385073,100.0,100.0,1241.97,222.46
14324,0,4,0,4,324.64449531561695,0.0,304.67108510422986,304.67108510422986,91.67493932095624,100.0,588.59,203.51
12077,0,4,0,4,383.6294429143891,0.0,303.46123680623714,303.46123680623714,89.78401460248334,99.99999999936033,792.32,142.55
15660,0,4,0,4,424.067689714022,0.0,297.81800899654627,297.81800899654627,79.65988263800479,99.99999999778868,950.86,318.42
8630,0,4,0,4,259.711506777443,0.0,259.71081846230663,259.71081846230663,99.99982790995509,100.0,678.1,150.03
9093,0,4,0,4,462.6836824081838,0.0,235.7955959541723,235.7955959541723,68.17687832841233,100.0,1331.48,366.18
2859,0,4,0,4,221.24864477384835,0.0,221.248644775711,221.248644775711,100.0,100.0,832.39,251.01
2863,0,4,0,4,221.24864477384835,0.0,221.248644775711,221.248644775711,100.0,100.0,899.3,285.68
29020,0,4,0,4,210.31113894004375,0.0,210.3111389381811,210.3111389381811,99.99999999834515,100.0,1192.54,262.22
28602,0,4,0,4,293.28051625564694,0.0,204.07358725287486,204.07358725287486,74.93232166681956,100.0,233.56,45.57
14351,0,4,0,4,320.8067179012578,0.0,200.32599425828084,200.32599425828084,59.27922728788032,100.0,1182.3,319.92
14384,0,4,0,4,320.8067179012578,0.0,200.32599425828084,200.32599425828084,59.27922728788032,100.0,1284.16,361.02
7456,0,4,0,4,509.91551956441253,0.0,193.872235737741,193.872235737741,47.21795066614432,85.1570235659764,1234.73,368.39
12706,0,4,0,4,388.8821574761532,0.0,186.2126462010201,186.2126462010201,47.666982440211655,95.66565114244978,1341.71,257.7
15532,0,4,0,4,185.82713009556755,0.0,185.64554127305746,185.64554127305746,99.68889464286917,100.0,1129.87,332.16
15617,0,4,0,4,185.82713009556755,0.0,185.64554127305746,185.64554127305746,99.68889464286917,100.0,1299.52,334.76
5569,0,4,0,4,330.0822089901194,0.0,172.91218890878372,172.91218890878372,43.52203746944951,100.0,695.57,246.33
13946,0,4,0,4,455.405987377977,0.0,172.74250111263245,172.74250111263245,47.11025977246649,99.99999999863498,871.59,234.64
13984,0,4,0,4,455.405987377977,0.0,172.74250111263245,172.74250111263245,47.11025977246649,99.99999999863498,1781.13,298.27
11176,0,4,0,4,167.40006174443988,0.0,167.4000617424026,167.4000617424026,99.99999999894868,100.0,1273.93,304.96
28613,0,3,1,4,260.84111036174,32.97497216705233,127.81940536911134,160.79437753616367,83.19740536263481,100.0,1090.67,351.84
3818,0,4,0,4,162.815490752575,0.0,154.7977065439336,154.7977065439336,93.7479343554842,100.0,623.54,181.06
13044,0,4,0,4,451.6403479439905,0.0,141.6451467173174,141.6451467173174,53.63339657579755,99.57280692612234,1364.31,401.86
10630,0,4,0,4,119.42759474157356,0.0,99.30738747306168,99.30738747306168,78.52971887834495,100.0,288.12,61.83
3013,0,4,0,4,232.46520076086745,0.0,98.10282088804524,98.10282088804524,50.7280592342789,100.0,409.58,121.38
5493,0,4,0,4,90.76239379134495,0.0,90.76239379029721,90.76239379029721,99.99999999878878,100.0,641.02,161.03
10701,0,3,0,3,2136.619028973626,0.0,1719.4476984832436,1719.4476984832436,93.02126161359558,99.99999999947514,551.52,118.47
7618,0,1,2,3,1063.109433427453,368.1324560036883,383.06889746547677,751.201353469165,70.42297884209184,99.99999999954046,1958.02,374.07
13880,0,3,0,3,430.054849547334,0.0,413.3369698789902,413.3369698789902,89.52842811599204,100.0,1252.21,252.21
9866,0,3,0,3,525.9936656616628,0.0,389.99733670800924,389.99733670800924,85.38929764158168,100.0,571.11,115.67
7046,0,2,1,3,612.126820304431,34.47874934412539,326.8963486676803,361.3750980118057,78.57251482553444,100.0,864.35,233.15
7169,0,2,1,3,1465.6701801968738,5.074679544661194,333.37694369780365,338.45162324246485,27.30579368180302,45.79680140876886,1140.11,419.05
11822,0,1,2,3,442.41894916817546,109.26609992413432,228.4904630978126,337.75656302194693,75.99186953488733,99.99999999952523,767.6,214.91
21546,0,3,0,3,2805.6710052613635,0.0,325.81500099389814,325.81500099389814,22.473312278935264,48.21492564131037,1851.04,367.34
8335,0,3,0,3,294.87178277689964,0.0,291.0767039200291,291.0767039200291,98.30896542273258,100.0,809.8,138.66
2794,0,3,0,3,288.44340830203146,0.0,288.44340830110013,288.44340830110013,99.99999999933743,100.0,683.21,181.17
2628,0,3,0,3,288.4324994944036,0.0,262.15596332447603,262.15596332447603,93.60505049236025,100.0,325.19,104.12
14236,0,3,0,3,261.32260010030586,0.0,261.3226000990835,261.3226000990835,99.99999999946435,99.99999999955719,1259.45,235.42
13267,0,3,0,3,255.58607069402933,0.0,255.58607069402933,255.58607069402933,99.9999999997297,100.0,1110.27,277.4
15488,0,3,0,3,234.11543350224383,0.0,202.37115878472105,202.37115878472105,90.85438630189473,99.99999999909487,1145.22,200.66
13015,0,3,0,3,276.5874186065048,0.0,197.48141233425122,197.48141233425122,67.32788256050223,99.9999999982427,713.05,198.2
13079,0,3,0,3,247.04442075896077,0.0,191.78762091498356,191.78762091498356,67.97969138436584,100.0,1013.52,224.21
6158,0,3,0,3,296.53709125332534,0.0,184.99324125010753,184.99324125010753,61.35080405319388,95.48609177382255,467.13,143.42
6202,0,3,0,3,296.53709125332534,0.0,184.99324125010753,184.99324125010753,61.35080405319388,95.48609177382255,516.56,142.85
3137,0,3,0,3,252.21883097779937,0.0,158.23230167641304,158.23230167641304,79.95358809348933,100.0,1023.76,158.39
88,0,3,0,3,156.32463116804138,0.0,156.32463116932195,156.32463116932195,99.99999999826862,100.0,1317.0,367.0
11428,0,3,0,3,152.4218139918521,0.0,145.91203821077943,145.91203821077943,96.40611953381057,100.0,1199.78,288.64
8734,0,3,0,3,140.37504872842692,0.0,140.3750487291254,140.3750487291254,99.99999999970574,100.0,491.84,125.85
8742,0,3,0,3,140.37504872842692,0.0,140.3750487291254,140.3750487291254,99.99999999970574,100.0,1199.78,367.0
4709,0,3,0,3,144.97062839660794,0.0,129.44162390683778,129.44162390683778,88.9349625415955,99.99999999893693,571.11,184.41
21466,0,3,0,3,2805.6710052613635,0.0,120.55816792789847,120.55816792789847,17.371759298812734,48.21492564081956,2093.96,388.21
8185,0,3,0,3,117.2871453142725,0.0,117.28714531380683,117.28714531380683,99.99999999966012,100.0,454.77,127.15
13216,0,3,0,3,156.49712397903204,0.0,86.76543906272855,86.76543906272855,78.53602946110756,100.0,740.77,184.19
6642,0,3,0,3,4338.300209692214,0.0,79.63585942192003,79.63585942192003,66.70926804512932,100.0,491.84,198.65
12920,0,3,0,3,72.13856001617387,0.0,72.13856001524255,72.13856001524255,99.99999999882448,100.0,797.44,230.37
14429,0,3,0,3,69.40368201816455,0.0,69.40368201979436,69.40368201979436,100.0,100.0,1110.27,298.72
22058,0,3,0,3,170.49067985080183,0.0,67.70555343991145,67.70555343991145,64.83309073720525,99.9999999990043,2053.89,356.88
5468,0,3,0,3,60.906063452363014,0.0,60.906063452363014,60.906063452363014,99.99999999948157,100.0,511.44,163.0
3304,0,3,0,3,52.99902893230319,0.0,52.99902893148828,52.99902893148828,99.99999999860275,100.0,883.95,250.97
3391,0,3,0,3,52.99902893230319,0.0,52.99902893148828,52.99902893148828,99.99999999860275,100.0,817.03,258.95
3492,0,3,0,3,52.99902893230319,0.0,52.99902893148828,52.99902893148828,99.99999999860275,100.0,727.53,211.13
7688,0,3,0,3,801.1537652211264,0.0,52.222274179104716,52.222274179104716,24.41339757684101,37.17769671157497,1960.14,322.0
13398,0,3,0,3,126.302154277917,0.0,51.971985948155634,51.971985948155634,52.01409422597171,99.99999999739849,862.23,180.79
5998,0,3,0,3,260.8867165907286,0.0,49.74550484897918,49.74550484897918,43.993105890617784,100.0,556.63,209.79
6754,0,2,0,2,4551.135386543348,0.0,2257.1926388298743,2257.1926388298743,45.660464457389,54.364121004713915,588.59,195.98
3774,0,2,0,2,1670.1587327308953,0.0,1424.954660590738,1424.954660590738,82.91563809380176,85.4781301601289,586.47,168.25
9970,0,2,0,2,851.32910467498,0.0,769.7271202681586,769.7271202681586,91.53291086604594,93.9047634060804,822.15,140.93
6929,1,0,1,2,629.8416685722768,556.2080830303021,73.63358554249862,629.8416685728007,99.99999999982995,100.0,1615.35,399.44
5301,0,2,0,2,361.5285196788609,0.0,361.52851968305185,361.52851968305185,100.0,100.0,1942.66,653.33
8034,0,2,0,2,471.224318921566,0.0,335.4326843949966,335.4326843949966,73.36734849612475,100.0,1942.66,532.65
8035,0,2,0,2,471.224318921566,0.0,335.4326843949966,335.4326843949966,73.36734849612475,100.0,1023.76,234.31
8240,0,2,0,2,1115.01740510948,0.0,329.98802381870337,329.98802381870337,51.98092373394837,100.0,382.74,134.75
8238,0,2,0,2,512.3322131847963,0.0,325.04794274643064,325.04794274643064,56.39052764971222,100.0,462.01,159.8
15854,0,2,0,2,317.715176708065,0.0,315.7087103856029,315.7087103856029,99.6651914863453,100.0,946.61,150.4
9805,0,2,0,2,440.92651137150824,0.0,304.93018241785467,304.93018241785467,78.08394646237252,100.0,600.95,119.92
8828,0,2,0,2,288.73337194882333,0.0,288.733371949289,288.733371949289,99.99999999923523,100.0,683.21,183.61
12658,0,2,0,2,1653.5453449618071,0.0,284.4132504821755,284.4132504821755,52.398222710477505,93.7973305665348,693.45,215.26
12598,0,2,0,2,842.5601792447269,0.0,274.5351614835672,274.5351614835672,24.200518337194804,44.93236349878864,829.39,185.54
16410,0,2,0,2,261.5539620872587,0.0,261.55396208399907,261.55396208399907,99.99999999901176,100.0,606.07,174.29
10624,0,2,0,2,243.1438388954848,0.0,238.1086081508547,238.1086081508547,97.92115606362788,100.0,665.74,149.91
10772,0,2,0,2,243.1438388954848,0.0,238.1086081508547,238.1086081508547,97.92115606362788,100.0,1468.29,354.26
10778,0,2,0,2,243.1438388954848,0.0,238.1086081508547,238.1086081508547,97.92115606362788,100.0,1498.13,371.63
10820,0,2,0,2,243.1438388954848,0.0,238.1086081508547,238.1086081508547,97.92115606362788,100.0,1533.08,399.58
10826,0,2,0,2,243.1438388954848,0.0,238.1086081508547,238.1086081508547,97.92115606362788,100.0,1543.32,398.11
7668,0,2,0,2,223.21664931531996,0.0,223.21664931438863,223.21664931438863,99.99999999875078,100.0,534.04,87.13
7721,0,2,0,2,223.21664931531996,0.0,223.21664931438863,223.21664931438863,99.99999999875078,100.0,528.92,82.41
6945,0,2,0,2,204.65859432145953,0.0,204.65859432285652,204.65859432285652,100.0,100.0,2160.87,572.88
14146,0,2,0,2,200.77732499688864,0.0,200.777324995026,200.777324995026,99.99999999928241,100.0,323.07,128.25
8768,0,2,0,2,189.9443931709975,0.0,189.94439317227807,189.94439317227807,100.0,100.0,625.66,210.51
8909,0,2,0,2,189.9443931709975,0.0,189.94439317227807,189.94439317227807,100.0,100.0,757.36,213.09
7709,0,1,1,2,336.3898622561246,7.469495945610106,177.71409169118851,185.18358763679862,55.13202207206778,91.75893355177315,1880.87,334.7
8449,0,2,0,2,285.4097624272108,0.0,171.33336286467966,171.33336286467966,61.40912781554785,91.53492190471314,449.65,155.02
8390,0,2,0,2,285.4097624272108,0.0,170.77573427127209,170.77573427127209,61.222298338129356,91.53492190471314,451.77,160.26
12993,0,2,0,2,159.64376606838778,0.0,159.64376607071608,159.64376607071608,100.0,100.0,718.17,196.52
10784,0,2,0,2,155.3360683498904,0.0,155.33606835023966,155.33606835023966,100.0,100.0,1271.8,301.6
28788,0,2,0,2,315.2488017389551,0.0,142.31269567413256,142.31269567413256,57.54416714818927,100.0,665.74,121.15
10897,0,2,0,2,137.09865382034332,0.0,137.09865381848067,137.09865381848067,99.99999999914881,100.0,1110.27,275.29
8948,0,2,0,2,218.02291934378445,0.0,135.25576819246635,135.25576819246635,77.97770796884654,100.0,1357.07,377.92
13576,0,2,0,2,273.8457033447921,0.0,128.25837844307534,128.25837844307534,42.06342706369494,60.5680220121376,1080.43,201.06
13749,0,2,0,2,273.8457033447921,0.0,128.25837844307534,128.25837844307534,42.06342706369494,60.5680220121376,1795.61,389.26
29337,0,2,0,2,657.7082537971437,0.0,126.97736545512453,126.97736545512453,19.238512822246292,20.54658455871125,1207.02,232.2
12177,0,2,0,2,172.65422507515177,0.0,125.54813013155945,125.54813013155945,79.58455498755922,99.99999999878068,603.95,173.66
16378,0,2,0,2,333.12766110454686,0.0,120.29273803252727,120.29273803252727,62.017795790945755,99.99999999912058,635.9,168.92
10365,0,2,0,2,132.4540774608031,0.0,115.97939158428926,115.97939158428926,89.65408682800287,99.99999999911864,382.74,89.29
27169,0,2,0,2,256.4039363665506,0.0,114.45782619621605,114.45782619621605,58.32646595163534,100.0,1915.82,217.25
13042,0,2,0,2,147.34772021789104,0.0,113.75175981665961,113.75175981665961,58.78523550264357,100.0,1303.76,247.87
8760,0,2,0,2,201.0434434497729,0.0,106.49114909209311,106.49114909209311,49.42907941428041,56.387627932141456,479.49,108.94
12630,0,2,0,2,103.97477090510074,0.0,103.97477090638131,103.97477090638131,100.0,100.0,680.22,183.42
12121,1,1,0,2,131.16375023778528,60.13777532801032,42.001825833227485,102.1396011612378,79.56793334169848,100.0,916.78,199.82
4308,0,2,0,2,98.18963150121272,0.0,98.18963149981573,98.18963149981573,99.99999999861225,99.99999999893693,528.92,148.33
12388,0,2,0,2,158.13496934459545,0.0,96.19463395839557,96.19463395839557,55.66400024456425,78.20797654572132,1351.07,353.84
13054,0,2,0,2,147.9116396808531,0.0,92.65483983641025,92.65483983641025,51.96953707654877,99.99999999948483,941.5,186.16
12789,0,2,0,2,79.20711495098658,0.0,79.20711495052092,79.20711495052092,99.99999999893302,100.0,1712.1,373.49
13720,0,2,0,2,78.11897320416756,0.0,78.11897320533171,78.11897320533171,100.0,100.0,1025.88,328.3
6810,0,2,0,2,87.73700906895101,0.0,76.37065212940797,76.37065212940797,88.46849151889683,100.0,417.7,125.4
8910,0,2,0,2,177.32657664176077,0.0,76.3205775480892,76.3205775480892,38.674623828228874,47.8985602893458,785.08,194.09
14686,1,1,0,2,75.42209617700428,37.652969147544354,37.769127030042,75.42209617758635,100.0,100.0,593.71,133.84
10864,0,2,0,2,71.08926317282021,0.0,71.08926317188889,71.08926317188889,99.99999999915909,100.0,946.61,177.63
8159,0,2,0,2,257.982106346637,0.0,70.5471614645212,70.5471614645212,25.941018885709024,35.96498197582243,765.48,235.73
13608,0,2,0,2,69.69130697939545,0.0,66.64916202693712,66.64916202693712,88.45132804564781,99.84972431959838,889.06,233.43
13211,0,2,0,2,275.11367972008884,0.0,66.34864866232965,66.34864866232965,60.18379193948683,100.0,1658.79,418.79
8262,0,2,0,2,853.0118734249845,0.0,66.2992889090674,66.2992889090674,49.61672770204423,95.27160793619171,551.52,171.47
29003,0,2,0,2,234.87722003273666,0.0,61.94111396605149,61.94111396605149,57.544167146697305,99.99999999701608,1229.61,199.07
29103,0,2,0,2,234.87722003273666,0.0,61.94111396605149,61.94111396605149,57.544167146697305,99.99999999701608,1570.16,289.85
13793,0,2,0,2,61.200465172179975,0.0,57.90838756627636,57.90838756627636,96.66149942485458,99.99999999902137,889.06,232.49
9205,0,2,0,2,57.642954369075596,0.0,57.642954369075596,57.642954369075596,100.0,100.0,695.57,175.03
13112,0,2,0,2,275.11367972008884,0.0,56.44981755371555,56.44981755371555,21.972671609350876,23.577759339728086,1371.55,407.68
10849,2,0,0,2,259.8317811390152,55.487512947642244,0.0,55.487512947642244,54.58465770910504,90.14281770498516,1661.79,575.78
18057,0,2,0,2,62.71170255308971,0.0,49.82852745940909,49.82852745940909,84.18497248470945,99.99999999788152,1199.78,215.79
4777,0,2,0,2,79.22503799665719,0.0,48.83518819627352,48.83518819627352,70.06304785219858,99.9999999983643,797.44,261.66
5087,0,2,0,2,46.6962462272495,0.0,46.696246227947995,46.696246227947995,100.0,100.0,769.72,235.02
9115,0,2,0,2,40.878376761917025,0.0,40.878376761917025,40.878376761917025,100.0,100.0,384.86,98.58
13046,0,2,0,2,147.9116396808531,0.0,37.40873823722359,37.40873823722359,21.409339449067055,38.87960474452141,966.21,255.93
10496,0,2,0,2,32.896992846392095,0.0,32.896992846392095,32.896992846392095,100.0,100.0,323.07,71.22
7978,0,2,0,2,26.665117332711816,0.0,26.665117332711816,26.665117332711816,100.0,100.0,1212.13,330.53
8052,0,2,0,2,26.665117332711816,0.0,26.665117332711816,26.665117332711816,100.0,100.0,1279.04,379.89
18650,0,2,0,2,44.504493329674006,0.0,26.291168908355758,26.291168908355758,54.497136275082326,100.0,837.51,165.58
14526,0,2,0,2,40.83826762158424,0.0,21.09944713517325,21.09944713517325,62.42396287201956,98.19073018889253,1060.84,205.93
13595,0,2,0,2,18.974097044439986,0.0,18.974097044672817,18.974097044672817,100.0,100.0,745.01,180.01
14803,0,2,0,2,75.98181489459239,0.0,14.744281383696944,14.744281383696944,52.851713062088194,100.0,663.62,217.12
11385,0,2,0,2,153.6756313936785,0.0,10.121377487841528,10.121377487841528,6.7885439751013,8.884148295339136,479.49,93.09
6920,0,1,0,1,1124.0043345540762,0.0,480.4466046432499,480.4466046432499,42.74419500649492,42.74419500649492,467.13,125.53
10806,0,1,0,1,440.2152613773942,0.0,325.5992175079882,325.5992175079882,73.96363690100551,73.96363690100551,1294.4,321.73
10829,0,1,0,1,440.2152613773942,0.0,325.5992175079882,325.5992175079882,73.96363690100551,73.96363690100551,534.04,163.68
16037,0,1,0,1,299.6438621999696,0.0,299.64386219903827,299.64386219903827,99.9999999996892,99.9999999996892,516.56,143.19
7445,0,0,1,1,291.6088272854686,5.785970601951703,259.98530290136114,265.77127350331284,91.13965306788802,91.13965306788802,1346.83,427.14
16757,0,1,0,1,213.7475406397134,0.0,213.74754063785076,213.74754063785076,99.99999999912858,99.99999999912858,1466.17,283.36
9454,0,1,0,1,554.7994691543281,0.0,209.9568137153983,209.9568137153983,37.843730102235334,37.843730102235334,521.68,93.75
12595,0,1,0,1,290.14607415301725,0.0,208.7083810456097,208.7083810456097,71.93217473469625,71.93217473469625,1649.43,384.59
9127,0,1,0,1,206.9384152928833,0.0,206.93841529276688,206.93841529276688,99.99999999994374,99.99999999994374,598.83,128.55
9254,0,1,0,1,206.9384152928833,0.0,206.93841529276688,206.93841529276688,99.99999999994374,99.99999999994374,695.57,180.1
9255,0,1,0,1,206.9384152928833,0.0,206.93841529276688,206.93841529276688,99.99999999994374,99.99999999994374,713.05,141.42
8330,0,1,0,1,189.7440625987947,0.0,189.7440625987947,189.7440625987947,100.0,100.0,1276.92,363.41
14183,0,1,0,1,180.8275647405535,0.0,180.8275647421833,180.8275647421833,100.0,100.0,275.76,124.42
30816,0,1,0,1,175.20571949891746,0.0,175.2057194984518,175.2057194984518,99.99999999973421,99.99999999973421,807.68,166.76
13502,0,1,0,1,169.28191361296922,0.0,169.2819136135513,169.2819136135513,100.0,100.0,395.1,92.72
8522,0,1,0,1,258.28853987157345,0.0,166.10314727202058,166.10314727202058,64.3091433149185,64.3091433149185,864.35,321.66
8531,0,1,0,1,258.28853987157345,0.0,166.10314727202058,166.10314727202058,64.3091433149185,64.3091433149185,851.99,317.02
11589,0,1,0,1,151.44409914826974,0.0,151.44409914687276,151.44409914687276,99.99999999907756,99.99999999907756,402.34,129.26
11396,0,1,0,1,150.68840405344963,0.0,150.6884040525183,150.6884040525183,99.99999999938196,99.99999999938196,1612.35,457.63
16176,0,1,0,1,149.5336844427511,0.0,149.5336844418198,149.5336844418198,99.99999999937718,99.99999999937718,1291.4,371.89
25961,0,1,0,1,148.20318645983934,0.0,148.20318645983934,148.20318645983934,100.0,100.0,767.6,204.17
13019,0,1,0,1,140.11270917207003,0.0,140.1127091711387,140.1127091711387,99.9999999993353,99.9999999993353,901.42,256.76
24637,0,1,0,1,343.3186853416264,0.0,135.45060518337414,135.45060518337414,39.453315816059124,39.453315816059124,1619.59,332.75
16363,0,1,0,1,139.99931013491005,0.0,133.842364968732,133.842364968732,95.60216035332965,95.60216035332965,389.98,144.27
7532,0,1,0,1,117.66277170926332,0.0,117.66277170926332,117.66277170926332,100.0,100.0,1433.34,414.75
13205,0,1,0,1,106.15191816305742,0.0,98.37727467343211,98.37727467343211,92.67592745928259,92.67592745928259,1364.31,405.3
13312,0,1,0,1,106.15191816305742,0.0,98.37727467343211,98.37727467343211,92.67592745928259,92.67592745928259,1299.52,355.21
9629,0,1,0,1,94.89072886435315,0.0,94.88882680051029,94.88882680051029,99.9979955219381,99.9979955219381,693.45,100.47
5247,0,1,0,1,91.43939857371151,0.0,91.30899064429104,91.30899064429104,99.85738321614687,99.85738321614687,521.68,113.95
26817,0,1,0,1,86.09667372051626,0.0,86.09667372144759,86.09667372144759,100.0,100.0,1573.16,205.5
2401,0,1,0,1,81.5753979627043,0.0,81.57539796316996,81.57539796316996,100.0,100.0,790.2,165.7
14040,0,1,0,1,76.47275952994823,0.0,76.47275952994823,76.47275952994823,100.0,100.0,983.69,200.92
14195,0,1,0,1,76.47275952994823,0.0,76.47275952994823,76.47275952994823,100.0,100.0,1545.44,450.86
13324,0,1,0,1,75.91485152766109,0.0,75.91485152766109,75.91485152766109,100.0,100.0,1020.76,252.24
11569,0,1,0,1,188.86468470655382,0.0,74.74597536120564,74.74597536120564,39.5764700411521,39.5764700411521,1463.18,479.05
4762,0,1,0,1,212.55912928283215,0.0,71.47402570024133,71.47402570024133,33.625479150856734,33.625479150856734,730.53,218.06
18507,0,1,0,1,71.34355656523257,0.0,71.3435565661639,71.3435565661639,100.0,100.0,3015.86,605.63
18573,0,1,0,1,71.34355656523257,0.0,71.3435565661639,71.3435565661639,100.0,100.0,3033.33,655.61
18712,0,1,0,1,71.34355656523257,0.0,71.3435565661639,71.3435565661639,100.0,100.0,1100.91,216.09
18803,0,1,0,1,71.34355656523257,0.0,71.3435565661639,71.3435565661639,100.0,100.0,3038.45,604.11
13969,0,1,0,1,78.68515679170378,0.0,65.88446234725416,65.88446234725416,83.73175454382616,83.73175454382616,1510.49,431.6
7065,0,1,0,1,2489.3129517175257,0.0,65.06895458046347,65.06895458046347,2.61393227137506,2.61393227137506,1607.23,412.81
10859,0,1,0,1,109.41438443027437,0.0,64.04861762747169,64.04861762747169,58.53765751274453,58.53765751274453,1562.04,393.9
10883,0,1,0,1,109.41438443027437,0.0,64.04861762747169,64.04861762747169,58.53765751274453,58.53765751274453,1142.23,297.43
6180,0,1,0,1,63.72936712438241,0.0,63.72936712298542,63.72936712298542,99.99999999780795,99.99999999780795,539.16,142.31
17217,0,1,0,1,85.0735217393376,0.0,60.4180815617874,60.4180815617874,71.01866753195709,71.01866753195709,534.04,97.87
13035,0,1,0,1,60.080471709603444,0.0,60.08047171123326,60.08047171123326,100.0,100.0,730.53,182.68
13520,0,1,0,1,58.616274112369865,0.0,58.61627411283553,58.61627411283553,100.0,100.0,834.51,246.8
15967,0,1,0,1,57.37769134156406,0.0,57.37769134133123,57.37769134133123,99.99999999959421,99.99999999959421,541.28,131.27
16066,0,1,0,1,57.37769134156406,0.0,57.37769134133123,57.37769134133123,99.99999999959421,99.99999999959421,546.4,164.33
6156,0,1,0,1,55.96657528169453,0.0,55.96657528204378,55.96657528204378,100.0,100.0,621.42,240.74
10917,0,1,0,1,129.59422373957932,0.0,53.82570185932855,53.82570185932855,41.534028528533604,41.534028528533604,1264.57,260.89
9105,0,1,0,1,52.899961207062006,0.0,52.899961207062006,52.899961207062006,100.0,100.0,1217.25,320.17
30107,0,1,0,1,71.23488523392007,0.0,52.651642218232155,52.651642218232155,73.91272133777638,73.91272133777638,444.53,66.14
3232,0,1,0,1,51.66816771030426,0.0,51.02147823269479,51.02147823269479,98.74837930921925,98.74837930921925,951.73,262.85
10699,0,1,0,1,47.535313456784934,0.0,47.535313457250595,47.535313457250595,100.0,100.0,568.99,166.8
9142,0,1,0,1,46.87900362047367,0.0,46.8790036207065,46.8790036207065,100.0,100.0,814.91,169.75
8328,0,1,0,1,45.92637726524845,0.0,45.926377263851464,45.926377263851464,99.99999999695821,99.99999999695821,342.67,86.5
11246,0,1,0,1,45.05760591221042,0.0,45.05760591197759,45.05760591197759,99.99999999948326,99.99999999948326,871.59,256.57
11281,0,1,0,1,45.05760591221042,0.0,45.05760591197759,45.05760591197759,99.99999999948326,99.99999999948326,916.78,256.13
8549,0,1,0,1,43.96640568692237,0.0,43.96640568692237,43.96640568692237,100.0,100.0,504.2,133.03
2689,0,1,0,1,42.77835204452276,0.0,42.77835204359144,42.77835204359144,99.99999999782291,99.99999999782291,546.4,111.89
9447,0,1,0,1,106.98814762942493,0.0,42.30939646693878,42.30939646693878,39.545872514295624,39.545872514295624,528.92,102.98
9672,0,1,0,1,106.98814762942493,0.0,42.30939646693878,42.30939646693878,39.545872514295624,39.545872514295624,665.74,121.14
4922,0,1,0,1,42.11493503022939,0.0,42.11493503116071,42.11493503116071,100.0,100.0,496.96,189.78
4919,0,1,0,1,40.36221193661913,0.0,40.362211937084794,40.362211937084794,100.0,100.0,722.41,226.83
18724,1,0,0,1,38.67571492353454,38.67571492306888,0.0,38.67571492306888,99.99999999879599,99.99999999879599,1584.64,418.18
21366,0,1,0,1,38.26107016578317,0.0,38.26107016572496,38.26107016572496,99.99999999984787,99.99999999984787,658.5,290.99
8912,0,1,0,1,57.023555079707876,0.0,34.793980992166325,34.793980992166325,61.01685688226748,61.01685688226748,432.17,121.51
8995,0,1,0,1,57.023555079707876,0.0,34.793980992166325,34.793980992166325,61.01685688226748,61.01685688226748,561.75,147.9
9001,0,1,0,1,57.023555079707876,0.0,34.793980992166325,34.793980992166325,61.01685688226748,61.01685688226748,496.96,125.24
8226,0,1,0,1,35.597793088294566,0.0,33.91458986501675,33.91458986501675,95.27160793619171,95.27160793619171,424.93,125.69
7215,0,1,0,1,270.80731825158,0.0,32.62726493331138,32.62726493331138,12.04814742229405,12.04814742229405,700.69,209.02
15287,0,1,0,1,78.84377434011549,0.0,32.46576352068223,32.46576352068223,41.177333013804926,41.177333013804926,641.02,133.74
8253,0,1,0,1,817.41408033669,0.0,32.38469904405065,32.38469904405065,3.961847467896749,3.961847467896749,317.95,81.57
11138,0,1,0,1,32.25449828081764,0.0,32.25449828058481,32.25449828058481,99.99999999927815,99.99999999927815,1110.27,219.58
9934,0,1,0,1,123.89078885270283,0.0,31.545765057206154,31.545765057206154,25.462558878942794,25.462558878942794,1786.25,614.23
18111,0,1,0,1,71.2290431689471,0.0,31.125384635524824,31.125384635524824,43.69760318371677,43.69760318371677,576.23,128.34
12961,0,1,0,1,30.871267518494278,0.0,30.87126751895994,30.87126751895994,100.0,100.0,998.17,321.29
28861,0,1,0,1,203.66589753329754,0.0,30.72979146754369,30.72979146754369,15.088334296378532,15.088334296378532,737.77,122.61
6118,0,1,0,1,79.19261722359806,0.0,30.61467979475856,30.61467979475856,38.658502355489645,38.658502355489645,528.92,137.61
12652,0,1,0,1,29.90715899132192,0.0,29.90715899132192,29.90715899132192,100.0,100.0,722.41,184.81
12532,0,1,0,1,42.343794151209295,0.0,28.950214655371383,28.950214655371383,68.3694393374161,68.3694393374161,1140.11,212.51
11415,0,1,0,1,30.662378852255642,0.0,28.79704111069441,28.79704111069441,93.91652633819045,93.91652633819045,1264.57,338.03
11429,0,1,0,1,30.662378852255642,0.0,28.79704111069441,28.79704111069441,93.91652633819045,93.91652633819045,1276.92,371.49
11446,0,1,0,1,30.662378852255642,0.0,28.79704111069441,28.79704111069441,93.91652633819045,93.91652633819045,1269.68,365.25
11475,0,1,0,1,30.662378852255642,0.0,28.79704111069441,28.79704111069441,93.91652633819045,93.91652633819045,1274.8,364.96
11597,0,1,0,1,30.662378852255642,0.0,28.79704111069441,28.79704111069441,93.91652633819045,93.91652633819045,1262.45,372.85
3528,0,1,0,1,28.22698104940355,0.0,28.226981048472226,28.226981048472226,99.9999999967006,99.9999999967006,496.96,186.79
8062,0,1,0,1,27.23851798567921,0.0,27.23851798614487,27.23851798614487,100.0,100.0,971.33,217.2
8129,0,1,0,1,27.23851798567921,0.0,27.23851798614487,27.23851798614487,100.0,100.0,1031.0,225.51
14672,0,1,0,1,26.607060284353793,0.0,26.607060284528416,26.607060284528416,100.0,100.0,611.19,215.93
2673,0,1,0,1,25.609240381978452,0.0,25.609240381978452,25.609240381978452,100.0,100.0,571.11,196.31
15850,0,1,0,1,25.605485253967345,0.0,25.605485253967345,25.605485253967345,100.0,100.0,889.06,320.19
218,0,1,0,1,25.543708745390177,0.0,25.543708745157346,25.543708745157346,99.9999999990885,99.9999999990885,1735.93,582.07
10991,0,1,0,1,25.423503988422453,0.0,25.4235039887717,25.4235039887717,100.0,100.0,417.7,92.71
12868,0,1,0,1,326.7861930746585,0.0,24.781970241572708,24.781970241572708,7.5835426241251715,7.5835426241251715,1031.0,242.89
8830,0,1,0,1,611.2563605830073,0.0,24.56935255602002,24.56935255602002,4.019484154338473,4.019484154338473,462.01,163.08
7759,1,0,0,1,23.976378090679646,23.976378090912476,0.0,23.976378090912476,100.0,100.0,1703.98,332.26
13119,0,1,0,1,23.969292887486517,0.0,23.969292886555195,23.969292886555195,99.99999999611452,99.99999999611452,1914.95,466.92
11675,0,1,0,1,23.380688681267202,0.0,23.380688681732863,23.380688681732863,100.0,100.0,1266.69,312.33
11746,0,1,0,1,23.380688681267202,0.0,23.380688681732863,23.380688681732863,100.0,100.0,1452.94,420.87
4578,0,1,0,1,84.43681399989873,0.0,21.651913717389107,21.651913717389107,25.64274123063795,25.64274123063795,906.54,227.99
4591,0,1,0,1,84.43681399989873,0.0,21.651913717389107,21.651913717389107,25.64274123063795,25.64274123063795,864.35,207.85
4694,0,1,0,1,84.43681399989873,0.0,21.651913717389107,21.651913717389107,25.64274123063795,25.64274123063795,894.18,217.68
4700,0,1,0,1,84.43681399989873,0.0,21.651913717389107,21.651913717389107,25.64274123063795,25.64274123063795,822.15,225.73
18419,0,1,0,1,21.376242675818503,0.0,21.37624267535284,21.37624267535284,99.99999999782159,99.99999999782159,2989.02,613.4
10836,0,1,0,1,20.711351183708757,0.0,20.711351183592342,20.711351183592342,99.99999999943792,99.99999999943792,1522.85,330.1
10904,0,1,0,1,20.711351183708757,0.0,20.711351183592342,20.711351183592342,99.99999999943792,99.99999999943792,1562.92,258.46
10931,0,1,0,1,20.711351183708757,0.0,20.711351183592342,20.711351183592342,99.99999999943792,99.99999999943792,1276.92,240.85
8809,0,1,0,1,20.66504182573408,0.0,20.665041825617664,20.665041825617664,99.99999999943665,99.99999999943665,867.35,132.33
12394,0,1,0,1,124.48566963383928,0.0,20.250271511962637,20.250271511962637,16.267150726285646,16.267150726285646,713.05,195.93
13099,0,1,0,1,20.22515886835754,0.0,20.22515886835754,20.22515886835754,100.0,100.0,1122.63,255.68
13123,0,1,0,1,20.22515886835754,0.0,20.22515886835754,20.22515886835754,100.0,100.0,1182.3,275.3
12035,0,1,0,1,60.13777532801032,0.0,20.14604506921023,20.14604506921023,33.499817642617096,33.499817642617096,335.43,134.43
13725,0,1,0,1,19.502699091797695,0.0,19.502699092496186,19.502699092496186,100.0,100.0,606.07,211.61
13645,1,0,0,1,19.1795013230294,19.17950132349506,0.0,19.17950132349506,100.0,100.0,1458.06,318.91
20018,0,1,0,1,48.52244231291115,0.0,19.05499285645783,19.05499285645783,39.27047351321712,39.27047351321712,474.37,263.11
15853,0,1,0,1,18.071314508095384,0.0,18.0713145082118,18.0713145082118,100.0,100.0,978.57,145.6
31002,0,1,0,1,17.741011121310294,0.0,17.741011121310294,17.741011121310294,100.0,100.0,988.81,111.94
10485,0,1,0,1,17.112340047955513,0.0,17.112340047955513,17.112340047955513,100.0,100.0,365.26,90.25
10495,0,1,0,1,17.112340047955513,0.0,17.112340047955513,17.112340047955513,100.0,100.0,280.88,75.28
10729,0,1,0,1,16.257851868402213,0.0,16.257851868402213,16.257851868402213,100.0,100.0,563.87,123.24
8547,0,1,0,1,23.393144875764847,0.0,14.683505023829639,14.683505023829639,62.76840972776456,62.76840972776456,395.1,129.53
6418,0,1,0,1,99.60104759223759,0.0,14.545096761081368,14.545096761081368,14.603357206269926,14.603357206269926,730.53,163.37
10890,0,1,0,1,58.84443553350866,0.0,12.642027155030519,12.642027155030519,21.483810729786985,21.483810729786985,1440.58,332.76
14072,0,1,0,1,18.57771636650432,0.0,11.795193864265457,11.795193864265457,63.49108594171579,63.49108594171579,2477.58,616.21
5589,1,0,0,1,11.374394766055048,11.374394765589386,0.0,11.374394765589386,99.99999999590605,99.99999999590605,521.68,116.79
16144,0,1,0,1,155.67079679388553,0.0,10.52143852529116,10.52143852529116,6.75877476185978,6.75877476185978,710.93,223.38
8752,0,1,0,1,131.4917046399787,0.0,10.358733739703894,10.358733739703894,7.877861016454133,7.877861016454133,1423.1,352.83
8794,0,1,0,1,131.4917046399787,0.0,10.358733739703894,10.358733739703894,7.877861016454133,7.877861016454133,1247.09,335.1
8795,0,1,0,1,131.4917046399787,0.0,10.358733739703894,10.358733739703894,7.877861016454133,7.877861016454133,1289.28,324.73
7600,1,0,0,1,10.339838066603988,10.321550308639416,0.0,10.321550308639416,99.82313303315998,99.82313303315998,553.64,238.6
9100,0,1,0,1,17.64323146175593,0.0,10.018789173103869,10.018789173103869,56.7854544946652,56.7854544946652,372.5,55.59
11651,0,1,0,1,60.2057994697243,0.0,8.954536735313013,8.954536735313013,14.873212903378159,14.873212903378159,430.05,120.56
17860,0,1,0,1,416.91145248524845,0.0,7.957770723849535,7.957770723849535,1.9087436136408615,1.9087436136408615,2008.69,391.64
14462,0,1,0,1,26.560893623158336,0.0,7.080389354319777,7.080389354319777,26.657195555146586,26.657195555146586,1070.2,196.57
18014,0,1,0,1,36.407993271481246,0.0,7.024252417031676,7.024252417031676,19.293160061457836,19.293160061457836,777.84,200.65
13627,0,1,0,1,101.60867488011718,0.0,6.814457378932275,6.814457378932275,6.706570464551675,6.706570464551675,330.31,87.93
13122,0,1,0,1,148.27955497987568,0.0,6.721781914122403,6.721781914122403,4.533181877322652,4.533181877322652,648.26,183.66
13186,0,1,0,1,148.27955497987568,0.0,6.721781914122403,6.721781914122403,4.533181877322652,4.533181877322652,591.59,144.3
3658,0,1,0,1,28.709995575249195,0.0,5.339302374050021,5.339302374050021,18.597363974005688,18.597363974005688,700.69,194.24
7410,0,1,0,1,363.98541410267353,0.0,3.066878304583952,3.066878304583952,0.8425827480325468,0.8425827480325468,1055.72,334.45
14017,0,1,0,1,37.149589240318164,0.0,2.79380975314416,2.79380975314416,7.52043242004964,7.52043242004964,1034.0,346.88
4457,0,1,0,1,69.7722433898598,0.0,2.0859825917868875,2.0859825917868875,2.989702624482402,2.989702624482402,472.25,113.71
4627,0,1,0,1,69.7722433898598,0.0,2.0859825917868875,2.0859825917868875,2.989702624482402,2.989702624482402,941.5,265.96
4652,0,1,0,1,69.7722433898598,0.0,2.0859825917868875,2.0859825917868875,2.989702624482402,2.989702624482402,924.02,271.46
14796,0,1,0,1,16.429688235279173,0.0,2.0641167641151696,2.0641167641151696,12.563334949247114,12.563334949247114,718.17,187.44
13584,0,1,0,1,9.011814188212156,0.0,1.8429805058985949,1.8429805058985949,20.450715776067522,20.450715776067522,750.12,250.35
6036,0,1,0,1,124.60555689036846,0.0,1.5151778396684676,1.5151778396684676,1.215979349140556,1.215979349140556,591.59,215.57
2,0,0,0,0,0.0,0.0,0.0,0.0,0.0,0.0,1217.25,258.58
4,0,0,0,0,0.0,0.0,0.0,0.0,0.0,0.0,556.63,146.14
6,0,0,0,0,0.0,0.0,0.0,0.0,0.0,0.0,412.58,161.52
9,0,0,0,0,0.0,0.0,0.0,0.0,0.0,0.0,628.66,184.87
10,0,0,0,0,0.0,0.0,0.0,0.0,0.0,0.0,389.98,154.61
13,0,0,0,0,0.0,0.0,0.0,0.0,0.0,0.0,817.03,208.21
14,0,0,0,0,0.0,0.0,0.0,0.0,0.0,0.0,424.93,72.49
20,0,0,0,0,0.0,0.0,0.0,0.0,0.0,0.0,732.65,184.38
25,0,0,0,0,0.0,0.0,0.0,0.0,0.0,0.0,643.14,187.0
26,0,0,0,0,0.0,0.0,0.0,0.0,0.0,0.0,790.2,413.36
31,0,0,0,0,0.0,0.0,0.0,0.0,0.0,0.0,958.97,315.18
33,0,0,0,0,0.0,0.0,0.0,0.0,0.0,0.0,665.74,179.07
36,0,0,0,0,0.0,0.0,0.0,0.0,0.0,0.0,1853.16,461.19
37,0,0,0,0,0.0,0.0,0.0,0.0,0.0,0.0,737.77,223.22
39,0,0,0,0,0.0,0.0,0.0,0.0,0.0,0.0,496.96,200.02
43,0,0,0,0,0.0,0.0,0.0,0.0,0.0,0.0,1882.99,436.59
44,0,0,0,0,0.0,0.0,0.0,0.0,0.0,0.0,1716.34,353.97
45,0,0,0,0,0.0,0.0,0.0,0.0,0.0,0.0,1815.2,522.19
51,0,0,0,0,0.0,0.0,0.0,0.0,0.0,0.0,1060.84,453.07
55,0,0,0,0,0.0,0.0,0.0,0.0,0.0,0.0,1115.39,332.63
56,0,0,0,0,0.0,0.0,0.0,0.0,0.0,0.0,1031.0,262.57
58,0,0,0,0,0.0,0.0,0.0,0.0,0.0,0.0,1060.84,297.98
61,0,0,0,0,0.0,0.0,0.0,0.0,0.0,0.0,1169.94,261.96
63,0,0,0,0,0.0,0.0,0.0,0.0,0.0,0.0,1150.34,490.69
81,0,0,0,0,0.0,0.0,0.0,0.0,0.0,0.0,574.11,193.44
82,0,0,0,0,0.0,0.0,0.0,0.0,0.0,0.0,2233.78,796.54
87,0,0,0,0,0.0,0.0,0.0,0.0,0.0,0.0,1640.07,543.09
90,0,0,0,0,0.0,0.0,0.0,0.0,0.0,0.0,876.71,209.61
92,0,0,0,0,0.0,0.0,0.0,0.0,0.0,0.0,665.74,214.57
97,0,0,0,0,0.0,0.0,0.0,0.0,0.0,0.0,2608.4,840.71
98,0,0,0,0,0.0,0.0,0.0,0.0,0.0,0.0,377.62,123.95
99,0,0,0,0,0.0,0.0,0.0,0.0,0.0,0.0,1547.56,590.52
101,0,0,0,0,0.0,0.0,0.0,0.0,0.0,0.0,1520.73,583.99
103,0,0,0,0,0.0,0.0,0.0,0.0,0.0,0.0,881.82,267.03
112,0,0,0,0,0.0,0.0,0.0,0.0,0.0,0.0,1527.96,573.7
115,0,0,0,0,0.0,0.0,0.0,0.0,0.0,0.0,330.31,114.51
116,0,0,0,0,0.0,0.0,0.0,0.0,0.0,0.0,2625.88,849.88
117,0,0,0,0,0.0,0.0,0.0,0.0,0.0,0.0,869.47,187.17
121,0,0,0,0,0.0,0.0,0.0,0.0,0.0,0.0,857.11,167.83
124,0,0,0,0,0.0,0.0,0.0,0.0,0.0,0.0,1015.64,210.77
134,0,0,0,0,0.0,0.0,0.0,0.0,0.0,0.0,419.82,151.73
138,0,0,0,0,0.0,0.0,0.0,0.0,0.0,0.0,2641.23,872.89
140,0,0,0,0,0.0,0.0,0.0,0.0,0.0,0.0,623.54,166.74
145,0,0,0,0,0.0,0.0,0.0,0.0,0.0,0.0,623.54,152.38
149,0,0,0,0,0.0,0.0,0.0,0.0,0.0,0.0,953.85,219.63
152,0,0,0,0,0.0,0.0,0.0,0.0,0.0,0.0,1023.76,283.01
153,0,0,0,0,0.0,0.0,0.0,0.0,0.0,0.0,449.65,164.23
155,0,0,0,0,0.0,0.0,0.0,0.0,0.0,0.0,1276.92,480.91
156,0,0,0,0,0.0,0.0,0.0,0.0,0.0,0.0,658.5,211.06
157,0,0,0,0,0.0,0.0,0.0,0.0,0.0,0.0,2671.07,862.76
166,0,0,0,0,0.0,0.0,0.0,0.0,0.0,0.0,1299.52,399.47
170,0,0,0,0,0.0,0.0,0.0,0.0,0.0,0.0,725.41,194.04
171,0,0,0,0,0.0,0.0,0.0,0.0,0.0,0.0,713.05,176.08
172,0,0,0,0,0.0,0.0,0.0,0.0,0.0,0.0,866.47,217.85
175,0,0,0,0,0.0,0.0,0.0,0.0,0.0,0.0,675.98,214.99
181,0,0,0,0,0.0,0.0,0.0,0.0,0.0,0.0,742.89,179.65
182,0,0,0,0,0.0,0.0,0.0,0.0,0.0,0.0,713.05,213.7
183,0,0,0,0,0.0,0.0,0.0,0.0,0.0,0.0,1958.02,599.01
186,0,0,0,0,0.0,0.0,0.0,0.0,0.0,0.0,735.65,226.31
188,0,0,0,0,0.0,0.0,0.0,0.0,0.0,0.0,444.53,133.78
189,0,0,0,0,0.0,0.0,0.0,0.0,0.0,0.0,2527.01,782.71
190,0,0,0,0,0.0,0.0,0.0,0.0,0.0,0.0,1366.43,453.32
192,0,0,0,0,0.0,0.0,0.0,0.0,0.0,0.0,663.62,141.42
196,0,0,0,0,0.0,0.0,0.0,0.0,0.0,0.0,750.12,177.1
206,0,0,0,0,0.0,0.0,0.0,0.0,0.0,0.0,804.68,215.85
207,0,0,0,0,0.0,0.0,0.0,0.0,0.0,0.0,449.65,183.63
210,0,0,0,0,0.0,0.0,0.0,0.0,0.0,0.0,1103.03,241.18
219,0,0,0,0,0.0,0.0,0.0,0.0,0.0,0.0,1150.34,370.86
220,0,0,0,0,0.0,0.0,0.0,0.0,0.0,0.0,2000.21,609.46
224,0,0,0,0,0.0,0.0,0.0,0.0,0.0,0.0,1354.07,423.91
225,0,0,0,0,0.0,0.0,0.0,0.0,0.0,0.0,827.27,223.15
230,0,0,0,0,0.0,0.0,0.0,0.0,0.0,0.0,2425.15,746.23
231,0,0,0,0,0.0,0.0,0.0,0.0,0.0,0.0,1122.63,231.48
236,0,0,0,0,0.0,0.0,0.0,0.0,0.0,0.0,561.75,193.57
239,0,0,0,0,0.0,0.0,0.0,0.0,0.0,0.0,1706.1,556.95
244,0,0,0,0,0.0,0.0,0.0,0.0,0.0,0.0,2700.9,884.88
245,0,0,0,0,0.0,0.0,0.0,0.0,0.0,0.0,1403.5,491.57
247,0,0,0,0,0.0,0.0,0.0,0.0,0.0,0.0,1706.1,586.73
248,0,0,0,0,0.0,0.0,0.0,0.0,0.0,0.0,1748.29,576.75
249,0,0,0,0,0.0,0.0,0.0,0.0,0.0,0.0,1016.52,279.78
250,0,0,0,0,0.0,0.0,0.0,0.0,0.0,0.0,531.92,177.97
252,0,0,0,0,0.0,0.0,0.0,0.0,0.0,0.0,1982.73,626.45
256,0,0,0,0,0.0,0.0,0.0,0.0,0.0,0.0,1274.8,487.38
257,0,0,0,0,0.0,0.0,0.0,0.0,0.0,0.0,1276.92,387.45
259,0,0,0,0,0.0,0.0,0.0,0.0,0.0,0.0,1915.82,593.55
262,0,0,0,0,0.0,0.0,0.0,0.0,0.0,0.0,496.96,129.37
264,0,0,0,0,0.0,0.0,0.0,0.0,0.0,0.0,521.68,170.77
268,0,0,0,0,0.0,0.0,0.0,0.0,0.0,0.0,628.66,178.91
275,0,0,0,0,0.0,0.0,0.0,0.0,0.0,0.0,1465.3,478.42
277,0,0,0,0,0.0,0.0,0.0,0.0,0.0,0.0,534.04,153.27
278,0,0,0,0,0.0,0.0,0.0,0.0,0.0,0.0,449.65,150.21
280,0,0,0,0,0.0,0.0,0.0,0.0,0.0,0.0,1346.83,497.04
286,0,0,0,0,0.0,0.0,0.0,0.0,0.0,0.0,1463.18,255.56
287,0,0,0,0,0.0,0.0,0.0,0.0,0.0,0.0,484.61,97.29
288,0,0,0,0,0.0,0.0,0.0,0.0,0.0,0.0,588.59,227.39
292,0,0,0,0,0.0,0.0,0.0,0.0,0.0,0.0,1348.95,392.28
293,0,0,0,0,0.0,0.0,0.0,0.0,0.0,0.0,1562.92,484.48
294,0,0,0,0,0.0,0.0,0.0,0.0,0.0,0.0,1557.8,494.85
296,0,0,0,0,0.0,0.0,0.0,0.0,0.0,0.0,1748.29,608.8
302,0,0,0,0,0.0,0.0,0.0,0.0,0.0,0.0,1589.76,477.43
303,0,0,0,0,0.0,0.0,0.0,0.0,0.0,0.0,1319.12,239.41
310,0,0,0,0,0.0,0.0,0.0,0.0,0.0,0.0,1296.52,242.52
316,0,0,0,0,0.0,0.0,0.0,0.0,0.0,0.0,1542.44,472.04
317,0,0,0,0,0.0,0.0,0.0,0.0,0.0,0.0,1500.25,334.38
318,0,0,0,0,0.0,0.0,0.0,0.0,0.0,0.0,1698.86,449.19
320,0,0,0,0,0.0,0.0,0.0,0.0,0.0,0.0,695.57,210.78
325,0,0,0,0,0.0,0.0,0.0,0.0,0.0,0.0,1800.72,566.8
326,0,0,0,0,0.0,0.0,0.0,0.0,0.0,0.0,725.41,209.36
328,0,0,0,0,0.0,0.0,0.0,0.0,0.0,0.0,444.53,83.32
329,0,0,0,0,0.0,0.0,0.0,0.0,0.0,0.0,1691.62,451.36
333,0,0,0,0,0.0,0.0,0.0,0.0,0.0,0.0,1450.82,267.44
340,0,0,0,0,0.0,0.0,0.0,0.0,0.0,0.0,1341.71,440.89
353,0,0,0,0,0.0,0.0,0.0,0.0,0.0,0.0,1714.22,315.87
355,0,0,0,0,0.0,0.0,0.0,0.0,0.0,0.0,2073.48,590.54
363,0,0,0,0,0.0,0.0,0.0,0.0,0.0,0.0,2133.15,563.03
364,0,0,0,0,0.0,0.0,0.0,0.0,0.0,0.0,1892.35,592.65
367,0,0,0,0,0.0,0.0,0.0,0.0,0.0,0.0,1753.41,602.26
372,0,0,0,0,0.0,0.0,0.0,0.0,0.0,0.0,2069.24,587.73
373,0,0,0,0,0.0,0.0,0.0,0.0,0.0,0.0,1832.68,562.01
376,0,0,0,0,0.0,0.0,0.0,0.0,0.0,0.0,2081.6,574.56
378,0,0,0,0,0.0,0.0,0.0,0.0,0.0,0.0,2150.63,575.86
379,0,0,0,0,0.0,0.0,0.0,0.0,0.0,0.0,1659.66,556.83
382,0,0,0,0,0.0,0.0,0.0,0.0,0.0,0.0,1890.23,538.18
384,0,0,0,0,0.0,0.0,0.0,0.0,0.0,0.0,752.25,229.72
389,0,0,0,0,0.0,0.0,0.0,0.0,0.0,0.0,1584.64,555.31
391,0,0,0,0,0.0,0.0,0.0,0.0,0.0,0.0,1568.04,503.39
392,0,0,0,0,0.0,0.0,0.0,0.0,0.0,0.0,1682.26,550.93
393,0,0,0,0,0.0,0.0,0.0,0.0,0.0,0.0,1346.83,504.83
399,0,0,0,0,0.0,0.0,0.0,0.0,0.0,0.0,672.98,229.68
400,0,0,0,0,0.0,0.0,0.0,0.0,0.0,0.0,881.82,256.89
402,0,0,0,0,0.0,0.0,0.0,0.0,0.0,0.0,648.26,199.29
412,0,0,0,0,0.0,0.0,0.0,0.0,0.0,0.0,737.77,213.73
414,0,0,0,0,0.0,0.0,0.0,0.0,0.0,0.0,571.11,206.4
428,0,0,0,0,0.0,0.0,0.0,0.0,0.0,0.0,894.18,265.45
439,0,0,0,0,0.0,0.0,0.0,0.0,0.0,0.0,635.9,170.81
453,0,0,0,0,0.0,0.0,0.0,0.0,0.0,0.0,695.57,266.86
456,0,0,0,0,0.0,0.0,0.0,0.0,0.0,0.0,1654.55,312.82
459,0,0,0,0,0.0,0.0,0.0,0.0,0.0,0.0,1080.43,178.33
465,0,0,0,0,0.0,0.0,0.0,0.0,0.0,0.0,1482.77,500.26
474,0,0,0,0,0.0,0.0,0.0,0.0,0.0,0.0,1319.12,297.55
480,0,0,0,0,0.0,0.0,0.0,0.0,0.0,0.0,1016.52,230.75
487,0,0,0,0,0.0,0.0,0.0,0.0,0.0,0.0,946.61,282.62
488,0,0,0,0,0.0,0.0,0.0,0.0,0.0,0.0,685.34,236.76
489,0,0,0,0,0.0,0.0,0.0,0.0,0.0,0.0,1306.76,295.71
491,0,0,0,0,0.0,0.0,0.0,0.0,0.0,0.0,1264.57,354.82
497,0,0,0,0,0.0,0.0,0.0,0.0,0.0,0.0,725.41,283.91
507,0,0,0,0,0.0,0.0,0.0,0.0,0.0,0.0,822.15,209.53
514,0,0,0,0,0.0,0.0,0.0,0.0,0.0,0.0,1020.76,179.33
526,0,0,0,0,0.0,0.0,0.0,0.0,0.0,0.0,720.29,202.7
530,0,0,0,0,0.0,0.0,0.0,0.0,0.0,0.0,1303.76,257.78
554,0,0,0,0,0.0,0.0,0.0,0.0,0.0,0.0,1351.07,302.65
570,0,0,0,0,0.0,0.0,0.0,0.0,0.0,0.0,851.99,193.75
577,0,0,0,0,0.0,0.0,0.0,0.0,0.0,0.0,598.83,207.64
582,0,0,0,0,0.0,0.0,0.0,0.0,0.0,0.0,983.69,259.61
583,0,0,0,0,0.0,0.0,0.0,0.0,0.0,0.0,1565.04,573.55
584,0,0,0,0,0.0,0.0,0.0,0.0,0.0,0.0,675.98,233.46
590,0,0,0,0,0.0,0.0,0.0,0.0,0.0,0.0,713.05,277.12
605,0,0,0,0,0.0,0.0,0.0,0.0,0.0,0.0,1199.78,401.09
610,0,0,0,0,0.0,0.0,0.0,0.0,0.0,0.0,1574.4,515.82
620,0,0,0,0,0.0,0.0,0.0,0.0,0.0,0.0,809.8,198.02
640,0,0,0,0,0.0,0.0,0.0,0.0,0.0,0.0,1549.68,453.48
651,0,0,0,0,0.0,0.0,0.0,0.0,0.0,0.0,474.37,146.31
653,0,0,0,0,0.0,0.0,0.0,0.0,0.0,0.0,822.15,229.36
654,0,0,0,0,0.0,0.0,0.0,0.0,0.0,0.0,1842.92,600.83
686,0,0,0,0,0.0,0.0,0.0,0.0,0.0,0.0,1286.28,272.63
693,0,0,0,0,0.0,0.0,0.0,0.0,0.0,0.0,660.62,144.71
699,0,0,0,0,0.0,0.0,0.0,0.0,0.0,0.0,521.68,95.12
704,0,0,0,0,0.0,0.0,0.0,0.0,0.0,0.0,1567.16,280.36
706,0,0,0,0,0.0,0.0,0.0,0.0,0.0,0.0,1108.15,425.73
707,0,0,0,0,0.0,0.0,0.0,0.0,0.0,0.0,509.32,178.6
708,0,0,0,0,0.0,0.0,0.0,0.0,0.0,0.0,432.17,166.17
709,0,0,0,0,0.0,0.0,0.0,0.0,0.0,0.0,1073.2,404.66
711,0,0,0,0,0.0,0.0,0.0,0.0,0.0,0.0,1800.72,608.06
712,0,0,0,0,0.0,0.0,0.0,0.0,0.0,0.0,774.84,179.71
741,0,0,0,0,0.0,0.0,0.0,0.0,0.0,0.0,672.98,155.54
744,0,0,0,0,0.0,0.0,0.0,0.0,0.0,0.0,643.14,181.45
748,0,0,0,0,0.0,0.0,0.0,0.0,0.0,0.0,924.02,305.83
749,0,0,0,0,0.0,0.0,0.0,0.0,0.0,0.0,1738.93,617.15
767,0,0,0,0,0.0,0.0,0.0,0.0,0.0,0.0,526.8,159.39
775,0,0,0,0,0.0,0.0,0.0,0.0,0.0,0.0,479.49,177.94
776,0,0,0,0,0.0,0.0,0.0,0.0,0.0,0.0,474.37,178.67
777,0,0,0,0,0.0,0.0,0.0,0.0,0.0,0.0,1343.83,471.04
778,0,0,0,0,0.0,0.0,0.0,0.0,0.0,0.0,1656.67,566.32
779,0,0,0,0,0.0,0.0,0.0,0.0,0.0,0.0,1813.08,616.9
781,0,0,0,0,0.0,0.0,0.0,0.0,0.0,0.0,479.49,139.92
782,0,0,0,0,0.0,0.0,0.0,0.0,0.0,0.0,437.29,117.15
796,0,0,0,0,0.0,0.0,0.0,0.0,0.0,0.0,715.17,149.19
802,0,0,0,0,0.0,0.0,0.0,0.0,0.0,0.0,454.77,99.37
805,0,0,0,0,0.0,0.0,0.0,0.0,0.0,0.0,643.14,162.4
812,0,0,0,0,0.0,0.0,0.0,0.0,0.0,0.0,968.33,309.76
824,0,0,0,0,0.0,0.0,0.0,0.0,0.0,0.0,1540.32,474.89
841,0,0,0,0,0.0,0.0,0.0,0.0,0.0,0.0,1015.64,295.61
844,0,0,0,0,0.0,0.0,0.0,0.0,0.0,0.0,449.65,95.2
850,0,0,0,0,0.0,0.0,0.0,0.0,0.0,0.0,955.97,268.24
855,0,0,0,0,0.0,0.0,0.0,0.0,0.0,0.0,635.9,121.68
858,0,0,0,0,0.0,0.0,0.0,0.0,0.0,0.0,988.81,296.28
859,0,0,0,0,0.0,0.0,0.0,0.0,0.0,0.0,864.35,193.2
862,0,0,0,0,0.0,0.0,0.0,0.0,0.0,0.0,628.66,178.01
864,0,0,0,0,0.0,0.0,0.0,0.0,0.0,0.0,1779.01,654.92
884,0,0,0,0,0.0,0.0,0.0,0.0,0.0,0.0,616.3,162.81
887,0,0,0,0,0.0,0.0,0.0,0.0,0.0,0.0,407.46,78.28
891,0,0,0,0,0.0,0.0,0.0,0.0,0.0,0.0,996.05,271.44
896,0,0,0,0,0.0,0.0,0.0,0.0,0.0,0.0,496.96,134.67
897,0,0,0,0,0.0,0.0,0.0,0.0,0.0,0.0,931.26,192.74
913,0,0,0,0,0.0,0.0,0.0,0.0,0.0,0.0,1287.16,481.37
921,0,0,0,0,0.0,0.0,0.0,0.0,0.0,0.0,1496.01,609.67
927,0,0,0,0,0.0,0.0,0.0,0.0,0.0,0.0,964.09,223.61
933,0,0,0,0,0.0,0.0,0.0,0.0,0.0,0.0,546.4,149.96
936,0,0,0,0,0.0,0.0,0.0,0.0,0.0,0.0,802.56,267.41
960,0,0,0,0,0.0,0.0,0.0,0.0,0.0,0.0,598.83,162.55
963,0,0,0,0,0.0,0.0,0.0,0.0,0.0,0.0,556.63,189.81
970,0,0,0,0,0.0,0.0,0.0,0.0,0.0,0.0,713.05,230.36
982,0,0,0,0,0.0,0.0,0.0,0.0,0.0,0.0,909.54,271.75
983,0,0,0,0,0.0,0.0,0.0,0.0,0.0,0.0,772.72,251.0
994,0,0,0,0,0.0,0.0,0.0,0.0,0.0,0.0,606.07,201.64
995,0,0,0,0,0.0,0.0,0.0,0.0,0.0,0.0,613.31,121.01
1007,0,0,0,0,0.0,0.0,0.0,0.0,0.0,0.0,496.96,127.66
1029,0,0,0,0,0.0,0.0,0.0,0.0,0.0,0.0,966.21,289.66
1035,0,0,0,0,0.0,0.0,0.0,0.0,0.0,0.0,742.89,173.92
1060,0,0,0,0,0.0,0.0,0.0,0.0,0.0,0.0,504.2,134.77
1089,0,0,0,0,0.0,0.0,0.0,0.0,0.0,0.0,906.54,287.95
1096,0,0,0,0,0.0,0.0,0.0,0.0,0.0,0.0,670.86,167.88
1098,0,0,0,0,0.0,0.0,0.0,0.0,0.0,0.0,715.17,189.97
1099,0,0,0,0,0.0,0.0,0.0,0.0,0.0,0.0,938.5,223.17
1100,0,0,0,0,0.0,0.0,0.0,0.0,0.0,0.0,600.95,154.91
1114,0,0,0,0,0.0,0.0,0.0,0.0,0.0,0.0,1035.24,292.76
1119,0,0,0,0,0.0,0.0,0.0,0.0,0.0,0.0,891.18,189.51
1128,0,0,0,0,0.0,0.0,0.0,0.0,0.0,0.0,1614.47,563.03
1146,0,0,0,0,0.0,0.0,0.0,0.0,0.0,0.0,1231.73,264.96
1173,0,0,0,0,0.0,0.0,0.0,0.0,0.0,0.0,685.34,188.73
1198,0,0,0,0,0.0,0.0,0.0,0.0,0.0,0.0,1015.64,262.72
1212,0,0,0,0,0.0,0.0,0.0,0.0,0.0,0.0,683.21,200.04
1229,0,0,0,0,0.0,0.0,0.0,0.0,0.0,0.0,787.2,262.44
1230,0,0,0,0,0.0,0.0,0.0,0.0,0.0,0.0,883.95,299.05
1246,0,0,0,0,0.0,0.0,0.0,0.0,0.0,0.0,1334.47,272.81
1269,0,0,0,0,0.0,0.0,0.0,0.0,0.0,0.0,635.9,179.93
1270,0,0,0,0,0.0,0.0,0.0,0.0,0.0,0.0,1276.92,452.09
1271,0,0,0,0,0.0,0.0,0.0,0.0,0.0,0.0,854.99,243.8
1278,0,0,0,0,0.0,0.0,0.0,0.0,0.0,0.0,611.19,159.46
1295,0,0,0,0,0.0,0.0,0.0,0.0,0.0,0.0,1164.82,355.37
1296,0,0,0,0,0.0,0.0,0.0,0.0,0.0,0.0,1222.37,247.7
1308,0,0,0,0,0.0,0.0,0.0,0.0,0.0,0.0,1767.89,549.26
1326,0,0,0,0,0.0,0.0,0.0,0.0,0.0,0.0,1075.32,292.53
1338,0,0,0,0,0.0,0.0,0.0,0.0,0.0,0.0,777.84,260.02
1340,0,0,0,0,0.0,0.0,0.0,0.0,0.0,0.0,693.45,227.45
1368,0,0,0,0,0.0,0.0,0.0,0.0,0.0,0.0,1145.22,453.94
1376,0,0,0,0,0.0,0.0,0.0,0.0,0.0,0.0,1449.94,530.78
1384,0,0,0,0,0.0,0.0,0.0,0.0,0.0,0.0,710.93,160.29
1408,0,0,0,0,0.0,0.0,0.0,0.0,0.0,0.0,1329.36,457.35
1410,0,0,0,0,0.0,0.0,0.0,0.0,0.0,0.0,474.37,131.67
1411,0,0,0,0,0.0,0.0,0.0,0.0,0.0,0.0,1574.4,544.65
1412,0,0,0,0,0.0,0.0,0.0,0.0,0.0,0.0,1470.41,441.86
1435,0,0,0,0,0.0,0.0,0.0,0.0,0.0,0.0,653.38,235.45
1446,0,0,0,0,0.0,0.0,0.0,0.0,0.0,0.0,1579.52,526.29
1459,0,0,0,0,0.0,0.0,0.0,0.0,0.0,0.0,934.26,255.37
1467,0,0,0,0,0.0,0.0,0.0,0.0,0.0,0.0,909.54,178.91
1495,0,0,0,0,0.0,0.0,0.0,0.0,0.0,0.0,765.48,158.77
1496,0,0,0,0,0.0,0.0,0.0,0.0,0.0,0.0,936.38,279.34
1497,0,0,0,0,0.0,0.0,0.0,0.0,0.0,0.0,1602.11,537.3
1517,0,0,0,0,0.0,0.0,0.0,0.0,0.0,0.0,1463.18,476.92
1519,0,0,0,0,0.0,0.0,0.0,0.0,0.0,0.0,1624.71,529.16
1525,0,0,0,0,0.0,0.0,0.0,0.0,0.0,0.0,1552.68,499.33
1536,0,0,0,0,0.0,0.0,0.0,0.0,0.0,0.0,1570.16,498.49
1537,0,0,0,0,0.0,0.0,0.0,0.0,0.0,0.0,1316.12,460.71
1560,0,0,0,0,0.0,0.0,0.0,0.0,0.0,0.0,892.06,191.48
1561,0,0,0,0,0.0,0.0,0.0,0.0,0.0,0.0,1108.15,285.64
1562,0,0,0,0,0.0,0.0,0.0,0.0,0.0,0.0,1463.18,462.16
1564,0,0,0,0,0.0,0.0,0.0,0.0,0.0,0.0,1463.18,473.69
1576,0,0,0,0,0.0,0.0,0.0,0.0,0.0,0.0,1647.31,508.01
1578,0,0,0,0,0.0,0.0,0.0,0.0,0.0,0.0,1736.81,587.39
1591,0,0,0,0,0.0,0.0,0.0,0.0,0.0,0.0,720.29,191.69
1592,0,0,0,0,0.0,0.0,0.0,0.0,0.0,0.0,1555.68,568.1
1594,0,0,0,0,0.0,0.0,0.0,0.0,0.0,0.0,655.5,208.92
1646,0,0,0,0,0.0,0.0,0.0,0.0,0.0,0.0,797.44,247.13
1669,0,0,0,0,0.0,0.0,0.0,0.0,0.0,0.0,983.69,235.24
1683,0,0,0,0,0.0,0.0,0.0,0.0,0.0,0.0,958.97,277.23
1724,0,0,0,0,0.0,0.0,0.0,0.0,0.0,0.0,748.0,166.79
1758,0,0,0,0,0.0,0.0,0.0,0.0,0.0,0.0,760.36,317.1
1774,0,0,0,0,0.0,0.0,0.0,0.0,0.0,0.0,695.57,158.71
1776,0,0,0,0,0.0,0.0,0.0,0.0,0.0,0.0,899.3,184.19
1800,0,0,0,0,0.0,0.0,0.0,0.0,0.0,0.0,546.4,223.59
1822,0,0,0,0,0.0,0.0,0.0,0.0,0.0,0.0,1679.26,445.93
1837,0,0,0,0,0.0,0.0,0.0,0.0,0.0,0.0,1818.2,548.03
1863,0,0,0,0,0.0,0.0,0.0,0.0,0.0,0.0,839.63,183.43
1887,0,0,0,0,0.0,0.0,0.0,0.0,0.0,0.0,1500.25,382.4
1888,0,0,0,0,0.0,0.0,0.0,0.0,0.0,0.0,1788.37,498.24
1889,0,0,0,0,0.0,0.0,0.0,0.0,0.0,0.0,1686.5,421.65
1904,0,0,0,0,0.0,0.0,0.0,0.0,0.0,0.0,1728.7,459.75
1915,0,0,0,0,0.0,0.0,0.0,0.0,0.0,0.0,834.51,170.81
1931,0,0,0,0,0.0,0.0,0.0,0.0,0.0,0.0,667.86,221.19
1940,0,0,0,0,0.0,0.0,0.0,0.0,0.0,0.0,544.28,178.95
1967,0,0,0,0,0.0,0.0,0.0,0.0,0.0,0.0,874.59,312.78
2003,0,0,0,0,0.0,0.0,0.0,0.0,0.0,0.0,625.66,232.92
2011,0,0,0,0,0.0,0.0,0.0,0.0,0.0,0.0,566.87,220.3
2022,0,0,0,0,0.0,0.0,0.0,0.0,0.0,0.0,593.71,235.23
2043,0,0,0,0,0.0,0.0,0.0,0.0,0.0,0.0,707.93,148.66
2047,0,0,0,0,0.0,0.0,0.0,0.0,0.0,0.0,1319.12,295.28
2048,0,0,0,0,0.0,0.0,0.0,0.0,0.0,0.0,1672.02,480.36
2067,0,0,0,0,0.0,0.0,0.0,0.0,0.0,0.0,1348.95,312.73
2094,0,0,0,0,0.0,0.0,0.0,0.0,0.0,0.0,678.1,135.22
2106,0,0,0,0,0.0,0.0,0.0,0.0,0.0,0.0,1714.22,527.03
2122,0,0,0,0,0.0,0.0,0.0,0.0,0.0,0.0,1287.16,437.0
2123,0,0,0,0,0.0,0.0,0.0,0.0,0.0,0.0,844.75,273.38
2124,0,0,0,0,0.0,0.0,0.0,0.0,0.0,0.0,1125.63,303.56
2125,0,0,0,0,0.0,0.0,0.0,0.0,0.0,0.0,1689.5,495.73
2154,0,0,0,0,0.0,0.0,0.0,0.0,0.0,0.0,1634.95,508.31
2156,0,0,0,0,0.0,0.0,0.0,0.0,0.0,0.0,1346.83,309.09
2168,0,0,0,0,0.0,0.0,0.0,0.0,0.0,0.0,688.33,262.57
2187,0,0,0,0,0.0,0.0,0.0,0.0,0.0,0.0,769.72,174.24
2195,0,0,0,0,0.0,0.0,0.0,0.0,0.0,0.0,1383.91,317.93
2199,0,0,0,0,0.0,0.0,0.0,0.0,0.0,0.0,857.11,188.59
2209,0,0,0,0,0.0,0.0,0.0,0.0,0.0,0.0,1022.88,377.97
2232,0,0,0,0,0.0,0.0,0.0,0.0,0.0,0.0,753.12,266.26
2235,0,0,0,0,0.0,0.0,0.0,0.0,0.0,0.0,953.85,276.79
2250,0,0,0,0,0.0,0.0,0.0,0.0,0.0,0.0,1642.19,515.51
2273,0,0,0,0,0.0,0.0,0.0,0.0,0.0,0.0,710.05,281.66
2274,0,0,0,0,0.0,0.0,0.0,0.0,0.0,0.0,496.96,144.91
2293,0,0,0,0,0.0,0.0,0.0,0.0,0.0,0.0,581.35,135.19
2295,0,0,0,0,0.0,0.0,0.0,0.0,0.0,0.0,802.56,205.54
2325,0,0,0,0,0.0,0.0,0.0,0.0,0.0,0.0,1547.56,435.86
2326,0,0,0,0,0.0,0.0,0.0,0.0,0.0,0.0,690.45,151.62
2327,0,0,0,0,0.0,0.0,0.0,0.0,0.0,0.0,1097.91,280.08
2328,0,0,0,0,0.0,0.0,0.0,0.0,0.0,0.0,1661.79,514.99
2329,0,0,0,0,0.0,0.0,0.0,0.0,0.0,0.0,1503.25,432.96
2341,0,0,0,0,0.0,0.0,0.0,0.0,0.0,0.0,472.25,199.11
2350,0,0,0,0,0.0,0.0,0.0,0.0,0.0,0.0,924.02,277.53
2378,0,0,0,0,0.0,0.0,0.0,0.0,0.0,0.0,961.09,278.81
2381,0,0,0,0,0.0,0.0,0.0,0.0,0.0,0.0,186.25,135.31
2390,0,0,0,0,0.0,0.0,0.0,0.0,0.0,0.0,913.78,249.08
2397,0,0,0,0,0.0,0.0,0.0,0.0,0.0,0.0,678.1,259.86
2399,0,0,0,0,0.0,0.0,0.0,0.0,0.0,0.0,1530.09,513.96
2400,0,0,0,0,0.0,0.0,0.0,0.0,0.0,0.0,317.95,99.54
2415,0,0,0,0,0.0,0.0,0.0,0.0,0.0,0.0,750.12,227.87
2453,0,0,0,0,0.0,0.0,0.0,0.0,0.0,0.0,377.62,121.73
2487,0,0,0,0,0.0,0.0,0.0,0.0,0.0,0.0,964.09,343.52
2519,0,0,0,0,0.0,0.0,0.0,0.0,0.0,0.0,792.32,160.15
2533,0,0,0,0,0.0,0.0,0.0,0.0,0.0,0.0,2136.15,479.09
2546,0,0,0,0,0.0,0.0,0.0,0.0,0.0,0.0,1512.61,445.43
2550,0,0,0,0,0.0,0.0,0.0,0.0,0.0,0.0,576.23,212.91
2574,0,0,0,0,0.0,0.0,0.0,0.0,0.0,0.0,737.77,136.16
2577,0,0,0,0,0.0,0.0,0.0,0.0,0.0,0.0,454.77,184.75
2583,0,0,0,0,0.0,0.0,0.0,0.0,0.0,0.0,1078.31,474.73
2597,0,0,0,0,0.0,0.0,0.0,0.0,0.0,0.0,1055.72,231.04
2610,0,0,0,0,0.0,0.0,0.0,0.0,0.0,0.0,1048.48,301.83
2617,0,0,0,0,0.0,0.0,0.0,0.0,0.0,0.0,1095.79,485.74
2623,0,0,0,0,0.0,0.0,0.0,0.0,0.0,0.0,1386.03,487.65
2638,0,0,0,0,0.0,0.0,0.0,0.0,0.0,0.0,774.84,235.97
2652,0,0,0,0,0.0,0.0,0.0,0.0,0.0,0.0,340.55,126.9
2660,0,0,0,0,0.0,0.0,0.0,0.0,0.0,0.0,678.1,239.86
2663,0,0,0,0,0.0,0.0,0.0,0.0,0.0,0.0,439.41,117.92
2665,0,0,0,0,0.0,0.0,0.0,0.0,0.0,0.0,1020.76,466.11
2681,0,0,0,0,0.0,0.0,0.0,0.0,0.0,0.0,595.83,256.52
2690,0,0,0,0,0.0,0.0,0.0,0.0,0.0,0.0,1356.19,489.47
2692,0,0,0,0,0.0,0.0,0.0,0.0,0.0,0.0,1452.94,381.13
2693,0,0,0,0,0.0,0.0,0.0,0.0,0.0,0.0,2518.89,624.35
2705,0,0,0,0,0.0,0.0,0.0,0.0,0.0,0.0,653.38,200.25
2706,0,0,0,0,0.0,0.0,0.0,0.0,0.0,0.0,347.79,130.67
2716,0,0,0,0,0.0,0.0,0.0,0.0,0.0,0.0,1537.32,498.88
2717,0,0,0,0,0.0,0.0,0.0,0.0,0.0,0.0,377.62,114.18
2721,0,0,0,0,0.0,0.0,0.0,0.0,0.0,0.0,2059.0,583.59
2751,0,0,0,0,0.0,0.0,0.0,0.0,0.0,0.0,2602.4,744.44
2764,0,0,0,0,0.0,0.0,0.0,0.0,0.0,0.0,953.85,433.08
2767,0,0,0,0,0.0,0.0,0.0,0.0,0.0,0.0,683.21,262.39
2792,0,0,0,0,0.0,0.0,0.0,0.0,0.0,0.0,628.66,239.04
2793,0,0,0,0,0.0,0.0,0.0,0.0,0.0,0.0,725.41,263.67
2795,0,0,0,0,0.0,0.0,0.0,0.0,0.0,0.0,1807.96,477.75
2802,0,0,0,0,0.0,0.0,0.0,0.0,0.0,0.0,665.74,272.13
2807,0,0,0,0,0.0,0.0,0.0,0.0,0.0,0.0,936.38,428.43
2815,0,0,0,0,0.0,0.0,0.0,0.0,0.0,0.0,916.78,255.67
2818,0,0,0,0,0.0,0.0,0.0,0.0,0.0,0.0,514.44,139.17
2819,0,0,0,0,0.0,0.0,0.0,0.0,0.0,0.0,809.8,184.89
2820,0,0,0,0,0.0,0.0,0.0,0.0,0.0,0.0,996.05,253.16
2823,0,0,0,0,0.0,0.0,0.0,0.0,0.0,0.0,1800.72,473.6
2824,0,0,0,0,0.0,0.0,0.0,0.0,0.0,0.0,1939.66,467.41
2832,0,0,0,0,0.0,0.0,0.0,0.0,0.0,0.0,258.28,47.61
2833,0,0,0,0,0.0,0.0,0.0,0.0,0.0,0.0,2165.99,487.87
2847,0,0,0,0,0.0,0.0,0.0,0.0,0.0,0.0,397.22,130.48
2853,0,0,0,0,0.0,0.0,0.0,0.0,0.0,0.0,730.53,210.1
2864,0,0,0,0,0.0,0.0,0.0,0.0,0.0,0.0,1584.64,372.85
2865,0,0,0,0,0.0,0.0,0.0,0.0,0.0,0.0,2421.27,664.18
2867,0,0,0,0,0.0,0.0,0.0,0.0,0.0,0.0,807.68,285.46
2886,0,0,0,0,0.0,0.0,0.0,0.0,0.0,0.0,1036.12,263.29
2910,0,0,0,0,0.0,0.0,0.0,0.0,0.0,0.0,2612.64,771.12
2911,0,0,0,0,0.0,0.0,0.0,0.0,0.0,0.0,1498.13,475.6
2937,0,0,0,0,0.0,0.0,0.0,0.0,0.0,0.0,2734.1,772.26
2942,0,0,0,0,0.0,0.0,0.0,0.0,0.0,0.0,2709.39,735.84
2946,0,0,0,0,0.0,0.0,0.0,0.0,0.0,0.0,2480.94,664.52
2949,0,0,0,0,0.0,0.0,0.0,0.0,0.0,0.0,1607.23,484.05
2989,0,0,0,0,0.0,0.0,0.0,0.0,0.0,0.0,581.35,261.42
2998,0,0,0,0,0.0,0.0,0.0,0.0,0.0,0.0,2040.29,622.39
3014,0,0,0,0,0.0,0.0,0.0,0.0,0.0,0.0,2612.64,752.08
3016,0,0,0,0,0.0,0.0,0.0,0.0,0.0,0.0,2652.71,661.44
3045,0,0,0,0,0.0,0.0,0.0,0.0,0.0,0.0,2630.12,766.24
3046,0,0,0,0,0.0,0.0,0.0,0.0,0.0,0.0,2746.46,766.54
3061,0,0,0,0,0.0,0.0,0.0,0.0,0.0,0.0,2744.34,741.7
3062,0,0,0,0,0.0,0.0,0.0,0.0,0.0,0.0,2598.16,638.8
3063,0,0,0,0,0.0,0.0,0.0,0.0,0.0,0.0,1570.16,390.15
3064,0,0,0,0,0.0,0.0,0.0,0.0,0.0,0.0,1726.57,597.17
3067,0,0,0,0,0.0,0.0,0.0,0.0,0.0,0.0,2348.0,592.81
3074,0,0,0,0,0.0,0.0,0.0,0.0,0.0,0.0,790.2,288.21
3083,0,0,0,0,0.0,0.0,0.0,0.0,0.0,0.0,479.49,126.5
3087,0,0,0,0,0.0,0.0,0.0,0.0,0.0,0.0,2377.83,602.3
3089,0,0,0,0,0.0,0.0,0.0,0.0,0.0,0.0,576.23,194.78
3091,0,0,0,0,0.0,0.0,0.0,0.0,0.0,0.0,1896.23,486.82
3097,0,0,0,0,0.0,0.0,0.0,0.0,0.0,0.0,1644.31,446.38
3107,0,0,0,0,0.0,0.0,0.0,0.0,0.0,0.0,2779.29,759.94
3123,0,0,0,0,0.0,0.0,0.0,0.0,0.0,0.0,2668.07,658.77
3125,0,0,0,0,0.0,0.0,0.0,0.0,0.0,0.0,1970.38,455.97
3129,0,0,0,0,0.0,0.0,0.0,0.0,0.0,0.0,1786.25,332.75
3138,0,0,0,0,0.0,0.0,0.0,0.0,0.0,0.0,2814.25,738.63
3141,0,0,0,0,0.0,0.0,0.0,0.0,0.0,0.0,616.3,192.62
3164,0,0,0,0,0.0,0.0,0.0,0.0,0.0,0.0,2836.84,741.01
3202,0,0,0,0,0.0,0.0,0.0,0.0,0.0,0.0,1664.78,317.29
3225,0,0,0,0,0.0,0.0,0.0,0.0,0.0,0.0,1257.33,466.48
3226,0,0,0,0,0.0,0.0,0.0,0.0,0.0,0.0,2086.72,634.25
3227,0,0,0,0,0.0,0.0,0.0,0.0,0.0,0.0,1751.29,496.95
3233,0,0,0,0,0.0,0.0,0.0,0.0,0.0,0.0,2588.8,723.71
3242,0,0,0,0,0.0,0.0,0.0,0.0,0.0,0.0,1175.06,181.75
3248,0,0,0,0,0.0,0.0,0.0,0.0,0.0,0.0,1527.96,287.7
3254,0,0,0,0,0.0,0.0,0.0,0.0,0.0,0.0,688.33,149.48
3261,0,0,0,0,0.0,0.0,0.0,0.0,0.0,0.0,2599.04,648.12
3277,0,0,0,0,0.0,0.0,0.0,0.0,0.0,0.0,571.11,198.53
3282,0,0,0,0,0.0,0.0,0.0,0.0,0.0,0.0,2367.6,674.79
3301,0,0,0,0,0.0,0.0,0.0,0.0,0.0,0.0,2499.3,700.61
3310,0,0,0,0,0.0,0.0,0.0,0.0,0.0,0.0,611.19,250.29
3318,0,0,0,0,0.0,0.0,0.0,0.0,0.0,0.0,2671.07,636.2
3320,0,0,0,0,0.0,0.0,0.0,0.0,0.0,0.0,1639.19,561.0
3330,0,0,0,0,0.0,0.0,0.0,0.0,0.0,0.0,2131.91,647.55
3336,0,0,0,0,0.0,0.0,0.0,0.0,0.0,0.0,641.02,240.57
3340,0,0,0,0,0.0,0.0,0.0,0.0,0.0,0.0,2158.75,689.71
3341,0,0,0,0,0.0,0.0,0.0,0.0,0.0,0.0,1867.63,775.94
3342,0,0,0,0,0.0,0.0,0.0,0.0,0.0,0.0,1788.37,662.19
3360,0,0,0,0,0.0,0.0,0.0,0.0,0.0,0.0,1192.54,255.76
3370,0,0,0,0,0.0,0.0,0.0,0.0,0.0,0.0,630.78,227.89
3374,0,0,0,0,0.0,0.0,0.0,0.0,0.0,0.0,681.09,249.1
3379,0,0,0,0,0.0,0.0,0.0,0.0,0.0,0.0,2643.35,673.41
3390,0,0,0,0,0.0,0.0,0.0,0.0,0.0,0.0,2283.21,456.27
3407,0,0,0,0,0.0,0.0,0.0,0.0,0.0,0.0,1083.43,267.79
3438,0,0,0,0,0.0,0.0,0.0,0.0,0.0,0.0,2516.77,616.91
3458,0,0,0,0,0.0,0.0,0.0,0.0,0.0,0.0,2692.79,644.64
3468,0,0,0,0,0.0,0.0,0.0,0.0,0.0,0.0,1125.63,269.97
3509,0,0,0,0,0.0,0.0,0.0,0.0,0.0,0.0,1338.71,416.06
3520,0,0,0,0,0.0,0.0,0.0,0.0,0.0,0.0,897.18,232.13
3523,0,0,0,0,0.0,0.0,0.0,0.0,0.0,0.0,1112.39,397.77
3530,0,0,0,0,0.0,0.0,0.0,0.0,0.0,0.0,867.35,217.06
3535,0,0,0,0,0.0,0.0,0.0,0.0,0.0,0.0,953.85,253.05
3555,0,0,0,0,0.0,0.0,0.0,0.0,0.0,0.0,628.66,160.16
3556,0,0,0,0,0.0,0.0,0.0,0.0,0.0,0.0,1207.02,407.76
3565,0,0,0,0,0.0,0.0,0.0,0.0,0.0,0.0,479.49,185.17
3575,0,0,0,0,0.0,0.0,0.0,0.0,0.0,0.0,802.56,193.48
3583,0,0,0,0,0.0,0.0,0.0,0.0,0.0,0.0,1210.01,254.36
3584,0,0,0,0,0.0,0.0,0.0,0.0,0.0,0.0,894.18,241.45
3588,0,0,0,0,0.0,0.0,0.0,0.0,0.0,0.0,2956.19,699.42
3597,0,0,0,0,0.0,0.0,0.0,0.0,0.0,0.0,1062.96,380.86
3601,0,0,0,0,0.0,0.0,0.0,0.0,0.0,0.0,1065.96,264.04
3602,0,0,0,0,0.0,0.0,0.0,0.0,0.0,0.0,755.24,208.46
3614,0,0,0,0,0.0,0.0,0.0,0.0,0.0,0.0,859.23,218.98
3617,0,0,0,0,0.0,0.0,0.0,0.0,0.0,0.0,504.2,182.08
3620,0,0,0,0,0.0,0.0,0.0,0.0,0.0,0.0,817.03,230.01
3621,0,0,0,0,0.0,0.0,0.0,0.0,0.0,0.0,757.36,222.32
3623,0,0,0,0,0.0,0.0,0.0,0.0,0.0,0.0,558.75,208.09
3625,0,0,0,0,0.0,0.0,0.0,0.0,0.0,0.0,881.82,246.99
3626,0,0,0,0,0.0,0.0,0.0,0.0,0.0,0.0,576.23,135.78
3647,0,0,0,0,0.0,0.0,0.0,0.0,0.0,0.0,1135.86,270.02
3648,0,0,0,0,0.0,0.0,0.0,0.0,0.0,0.0,2322.4,662.33
3649,0,0,0,0,0.0,0.0,0.0,0.0,0.0,0.0,718.17,244.12
3657,0,0,0,0,0.0,0.0,0.0,0.0,0.0,0.0,672.98,222.01
3667,0,0,0,0,0.0,0.0,0.0,0.0,0.0,0.0,1041.24,271.42
3668,0,0,0,0,0.0,0.0,0.0,0.0,0.0,0.0,715.17,250.89
3679,0,0,0,0,0.0,0.0,0.0,0.0,0.0,0.0,1122.63,385.77
3683,0,0,0,0,0.0,0.0,0.0,0.0,0.0,0.0,2146.39,773.01
3684,0,0,0,0,0.0,0.0,0.0,0.0,0.0,0.0,1405.62,448.39
3685,0,0,0,0,0.0,0.0,0.0,0.0,0.0,0.0,2139.15,668.04
3687,0,0,0,0,0.0,0.0,0.0,0.0,0.0,0.0,539.16,149.11
3688,0,0,0,0,0.0,0.0,0.0,0.0,0.0,0.0,660.62,189.93
3694,0,0,0,0,0.0,0.0,0.0,0.0,0.0,0.0,611.19,195.61
3703,0,0,0,0,0.0,0.0,0.0,0.0,0.0,0.0,514.44,119.84
3709,0,0,0,0,0.0,0.0,0.0,0.0,0.0,0.0,370.38,124.5
3720,0,0,0,0,0.0,0.0,0.0,0.0,0.0,0.0,407.46,102.14
3721,0,0,0,0,0.0,0.0,0.0,0.0,0.0,0.0,1147.34,254.72
3722,0,0,0,0,0.0,0.0,0.0,0.0,0.0,0.0,1045.48,269.34
3734,0,0,0,0,0.0,0.0,0.0,0.0,0.0,0.0,546.4,140.26
3739,0,0,0,0,0.0,0.0,0.0,0.0,0.0,0.0,528.92,125.64
3747,0,0,0,0,0.0,0.0,0.0,0.0,0.0,0.0,504.2,118.36
3759,0,0,0,0,0.0,0.0,0.0,0.0,0.0,0.0,707.93,248.23
3771,0,0,0,0,0.0,0.0,0.0,0.0,0.0,0.0,593.71,135.95
3772,0,0,0,0,0.0,0.0,0.0,0.0,0.0,0.0,774.84,232.8
3777,0,0,0,0,0.0,0.0,0.0,0.0,0.0,0.0,583.47,199.73
3779,0,0,0,0,0.0,0.0,0.0,0.0,0.0,0.0,648.26,236.74
3787,0,0,0,0,0.0,0.0,0.0,0.0,0.0,0.0,288.12,73.57
3788,0,0,0,0,0.0,0.0,0.0,0.0,0.0,0.0,412.58,162.33
3791,0,0,0,0,0.0,0.0,0.0,0.0,0.0,0.0,412.58,160.07
3792,0,0,0,0,0.0,0.0,0.0,0.0,0.0,0.0,442.41,168.59
3794,0,0,0,0,0.0,0.0,0.0,0.0,0.0,0.0,472.25,175.44
3805,0,0,0,0,0.0,0.0,0.0,0.0,0.0,0.0,772.72,218.37
3806,0,0,0,0,0.0,0.0,0.0,0.0,0.0,0.0,586.47,236.48
3812,0,0,0,0,0.0,0.0,0.0,0.0,0.0,0.0,432.17,155.31
3816,0,0,0,0,0.0,0.0,0.0,0.0,0.0,0.0,581.35,147.09
3829,0,0,0,0,0.0,0.0,0.0,0.0,0.0,0.0,1475.53,387.66
3832,0,0,0,0,0.0,0.0,0.0,0.0,0.0,0.0,641.02,138.94
3834,0,0,0,0,0.0,0.0,0.0,0.0,0.0,0.0,1105.15,396.61
3835,0,0,0,0,0.0,0.0,0.0,0.0,0.0,0.0,372.5,133.39
3836,0,0,0,0,0.0,0.0,0.0,0.0,0.0,0.0,911.66,231.21
3850,0,0,0,0,0.0,0.0,0.0,0.0,0.0,0.0,948.73,262.57
3854,0,0,0,0,0.0,0.0,0.0,0.0,0.0,0.0,459.89,134.89
3855,0,0,0,0,0.0,0.0,0.0,0.0,0.0,0.0,379.74,117.3
3859,0,0,0,0,0.0,0.0,0.0,0.0,0.0,0.0,737.77,243.98
3871,0,0,0,0,0.0,0.0,0.0,0.0,0.0,0.0,372.5,91.02
3882,0,0,0,0,0.0,0.0,0.0,0.0,0.0,0.0,707.93,252.63
3885,0,0,0,0,0.0,0.0,0.0,0.0,0.0,0.0,732.65,240.16
3890,0,0,0,0,0.0,0.0,0.0,0.0,0.0,0.0,526.8,120.06
3896,0,0,0,0,0.0,0.0,0.0,0.0,0.0,0.0,779.96,193.76
3897,0,0,0,0,0.0,0.0,0.0,0.0,0.0,0.0,439.41,144.62
3901,0,0,0,0,0.0,0.0,0.0,0.0,0.0,0.0,665.74,237.69
3910,0,0,0,0,0.0,0.0,0.0,0.0,0.0,0.0,558.75,202.86
3913,0,0,0,0,0.0,0.0,0.0,0.0,0.0,0.0,300.47,120.11
3918,0,0,0,0,0.0,0.0,0.0,0.0,0.0,0.0,1565.04,386.56
3919,0,0,0,0,0.0,0.0,0.0,0.0,0.0,0.0,469.25,170.0
3939,0,0,0,0,0.0,0.0,0.0,0.0,0.0,0.0,894.18,243.4
3940,0,0,0,0,0.0,0.0,0.0,0.0,0.0,0.0,546.4,154.62
3943,0,0,0,0,0.0,0.0,0.0,0.0,0.0,0.0,869.47,261.43
3955,0,0,0,0,0.0,0.0,0.0,0.0,0.0,0.0,484.61,130.41
3956,0,0,0,0,0.0,0.0,0.0,0.0,0.0,0.0,382.74,88.92
3957,0,0,0,0,0.0,0.0,0.0,0.0,0.0,0.0,546.4,158.22
3958,0,0,0,0,0.0,0.0,0.0,0.0,0.0,0.0,372.5,108.33
3959,0,0,0,0,0.0,0.0,0.0,0.0,0.0,0.0,670.86,152.7
3966,0,0,0,0,0.0,0.0,0.0,0.0,0.0,0.0,412.58,100.13
3967,0,0,0,0,0.0,0.0,0.0,0.0,0.0,0.0,822.15,248.2
3971,0,0,0,0,0.0,0.0,0.0,0.0,0.0,0.0,591.59,186.87
3979,0,0,0,0,0.0,0.0,0.0,0.0,0.0,0.0,372.5,107.32
3990,0,0,0,0,0.0,0.0,0.0,0.0,0.0,0.0,851.99,254.76
3992,0,0,0,0,0.0,0.0,0.0,0.0,0.0,0.0,2126.79,680.98
3994,0,0,0,0,0.0,0.0,0.0,0.0,0.0,0.0,670.86,200.31
3995,0,0,0,0,0.0,0.0,0.0,0.0,0.0,0.0,742.89,196.31
4002,0,0,0,0,0.0,0.0,0.0,0.0,0.0,0.0,973.45,266.01
4009,0,0,0,0,0.0,0.0,0.0,0.0,0.0,0.0,407.46,144.7
4014,0,0,0,0,0.0,0.0,0.0,0.0,0.0,0.0,779.96,262.94
4016,0,0,0,0,0.0,0.0,0.0,0.0,0.0,0.0,454.77,146.21
4032,0,0,0,0,0.0,0.0,0.0,0.0,0.0,0.0,809.8,245.46
4039,0,0,0,0,0.0,0.0,0.0,0.0,0.0,0.0,655.5,152.83
4047,0,0,0,0,0.0,0.0,0.0,0.0,0.0,0.0,454.77,132.97
4049,0,0,0,0,0.0,0.0,0.0,0.0,0.0,0.0,437.29,114.87
4055,0,0,0,0,0.0,0.0,0.0,0.0,0.0,0.0,424.93,156.8
4056,0,0,0,0,0.0,0.0,0.0,0.0,0.0,0.0,822.15,252.25
4068,0,0,0,0,0.0,0.0,0.0,0.0,0.0,0.0,683.21,198.51
4092,0,0,0,0,0.0,0.0,0.0,0.0,0.0,0.0,1234.73,377.96
4108,0,0,0,0,0.0,0.0,0.0,0.0,0.0,0.0,442.41,163.36
4109,0,0,0,0,0.0,0.0,0.0,0.0,0.0,0.0,203.73,74.68
4124,0,0,0,0,0.0,0.0,0.0,0.0,0.0,0.0,1194.66,389.84
4125,0,0,0,0,0.0,0.0,0.0,0.0,0.0,0.0,633.78,233.05
4126,0,0,0,0,0.0,0.0,0.0,0.0,0.0,0.0,574.11,190.26
4149,0,0,0,0,0.0,0.0,0.0,0.0,0.0,0.0,876.71,235.79
4155,0,0,0,0,0.0,0.0,0.0,0.0,0.0,0.0,1006.29,299.54
4164,0,0,0,0,0.0,0.0,0.0,0.0,0.0,0.0,558.75,200.45
4165,0,0,0,0,0.0,0.0,0.0,0.0,0.0,0.0,467.13,161.67
4169,0,0,0,0,0.0,0.0,0.0,0.0,0.0,0.0,700.69,214.58
4170,0,0,0,0,0.0,0.0,0.0,0.0,0.0,0.0,881.82,262.89
4177,0,0,0,0,0.0,0.0,0.0,0.0,0.0,0.0,467.13,164.92
4194,0,0,0,0,0.0,0.0,0.0,0.0,0.0,0.0,600.95,123.79
4196,0,0,0,0,0.0,0.0,0.0,0.0,0.0,0.0,864.35,325.58
4197,0,0,0,0,0.0,0.0,0.0,0.0,0.0,0.0,305.59,76.85
4200,0,0,0,0,0.0,0.0,0.0,0.0,0.0,0.0,245.92,66.86
4221,0,0,0,0,0.0,0.0,0.0,0.0,0.0,0.0,658.5,157.87
4253,0,0,0,0,0.0,0.0,0.0,0.0,0.0,0.0,576.23,190.47
4267,0,0,0,0,0.0,0.0,0.0,0.0,0.0,0.0,971.33,229.06
4268,0,0,0,0,0.0,0.0,0.0,0.0,0.0,0.0,981.57,284.24
4275,0,0,0,0,0.0,0.0,0.0,0.0,0.0,0.0,293.23,108.36
4276,0,0,0,0,0.0,0.0,0.0,0.0,0.0,0.0,419.82,79.67
4287,0,0,0,0,0.0,0.0,0.0,0.0,0.0,0.0,742.89,209.73
4288,0,0,0,0,0.0,0.0,0.0,0.0,0.0,0.0,713.05,246.5
4290,0,0,0,0,0.0,0.0,0.0,0.0,0.0,0.0,389.98,125.98
4291,0,0,0,0,0.0,0.0,0.0,0.0,0.0,0.0,330.31,138.3
4293,0,0,0,0,0.0,0.0,0.0,0.0,0.0,0.0,280.88,70.57
4300,0,0,0,0,0.0,0.0,0.0,0.0,0.0,0.0,1289.28,495.92
4303,0,0,0,0,0.0,0.0,0.0,0.0,0.0,0.0,1413.74,369.76
4304,0,0,0,0,0.0,0.0,0.0,0.0,0.0,0.0,1140.11,347.05
4307,0,0,0,0,0.0,0.0,0.0,0.0,0.0,0.0,593.71,127.33
4310,0,0,0,0,0.0,0.0,0.0,0.0,0.0,0.0,976.45,374.69
4320,0,0,0,0,0.0,0.0,0.0,0.0,0.0,0.0,817.03,255.14
4330,0,0,0,0,0.0,0.0,0.0,0.0,0.0,0.0,946.61,208.59
4338,0,0,0,0,0.0,0.0,0.0,0.0,0.0,0.0,539.16,159.11
4352,0,0,0,0,0.0,0.0,0.0,0.0,0.0,0.0,352.91,114.07
4355,0,0,0,0,0.0,0.0,0.0,0.0,0.0,0.0,603.95,216.13
4368,0,0,0,0,0.0,0.0,0.0,0.0,0.0,0.0,1627.71,591.88
4383,0,0,0,0,0.0,0.0,0.0,0.0,0.0,0.0,1120.51,294.45
4384,0,0,0,0,0.0,0.0,0.0,0.0,0.0,0.0,1675.02,649.99
4388,0,0,0,0,0.0,0.0,0.0,0.0,0.0,0.0,1704.86,627.09
4396,0,0,0,0,0.0,0.0,0.0,0.0,0.0,0.0,683.21,209.28
4408,0,0,0,0,0.0,0.0,0.0,0.0,0.0,0.0,352.91,55.15
4422,0,0,0,0,0.0,0.0,0.0,0.0,0.0,0.0,553.64,169.26
4430,0,0,0,0,0.0,0.0,0.0,0.0,0.0,0.0,1373.67,363.75
4441,0,0,0,0,0.0,0.0,0.0,0.0,0.0,0.0,1701.86,644.57
4446,0,0,0,0,0.0,0.0,0.0,0.0,0.0,0.0,360.14,90.8
4454,0,0,0,0,0.0,0.0,0.0,0.0,0.0,0.0,377.62,140.29
4471,0,0,0,0,0.0,0.0,0.0,0.0,0.0,0.0,521.68,170.36
4477,0,0,0,0,0.0,0.0,0.0,0.0,0.0,0.0,551.52,208.66
4485,0,0,0,0,0.0,0.0,0.0,0.0,0.0,0.0,618.43,167.76
4504,0,0,0,0,0.0,0.0,0.0,0.0,0.0,0.0,606.07,126.27
4507,0,0,0,0,0.0,0.0,0.0,0.0,0.0,0.0,707.93,101.61
4522,0,0,0,0,0.0,0.0,0.0,0.0,0.0,0.0,504.2,171.34
4536,0,0,0,0,0.0,0.0,0.0,0.0,0.0,0.0,370.38,121.5
4547,0,0,0,0,0.0,0.0,0.0,0.0,0.0,0.0,1473.41,589.57
4552,0,0,0,0,0.0,0.0,0.0,0.0,0.0,0.0,365.26,130.17
4553,0,0,0,0,0.0,0.0,0.0,0.0,0.0,0.0,352.91,122.69
4556,0,0,0,0,0.0,0.0,0.0,0.0,0.0,0.0,581.35,112.93
4561,0,0,0,0,0.0,0.0,0.0,0.0,0.0,0.0,389.98,128.22
4564,0,0,0,0,0.0,0.0,0.0,0.0,0.0,0.0,1210.01,292.49
4565,0,0,0,0,0.0,0.0,0.0,0.0,0.0,0.0,370.38,125.14
4568,0,0,0,0,0.0,0.0,0.0,0.0,0.0,0.0,2017.69,547.25
4573,0,0,0,0,0.0,0.0,0.0,0.0,0.0,0.0,658.5,146.96
4577,0,0,0,0,0.0,0.0,0.0,0.0,0.0,0.0,750.12,268.9
4592,0,0,0,0,0.0,0.0,0.0,0.0,0.0,0.0,179.01,69.34
4603,0,0,0,0,0.0,0.0,0.0,0.0,0.0,0.0,655.5,218.16
4604,0,0,0,0,0.0,0.0,0.0,0.0,0.0,0.0,496.96,169.6
4615,0,0,0,0,0.0,0.0,0.0,0.0,0.0,0.0,1696.74,592.55
4616,0,0,0,0,0.0,0.0,0.0,0.0,0.0,0.0,576.23,192.78
4618,0,0,0,0,0.0,0.0,0.0,0.0,0.0,0.0,462.01,108.53
4638,0,0,0,0,0.0,0.0,0.0,0.0,0.0,0.0,335.43,94.15
4642,0,0,0,0,0.0,0.0,0.0,0.0,0.0,0.0,407.46,123.8
4643,0,0,0,0,0.0,0.0,0.0,0.0,0.0,0.0,516.56,174.16
4651,0,0,0,0,0.0,0.0,0.0,0.0,0.0,0.0,1212.13,280.15
4657,0,0,0,0,0.0,0.0,0.0,0.0,0.0,0.0,695.57,176.14
4658,0,0,0,0,0.0,0.0,0.0,0.0,0.0,0.0,539.16,163.64
4679,0,0,0,0,0.0,0.0,0.0,0.0,0.0,0.0,407.46,138.44
4688,0,0,0,0,0.0,0.0,0.0,0.0,0.0,0.0,1249.21,308.65
4701,0,0,0,0,0.0,0.0,0.0,0.0,0.0,0.0,402.34,122.7
4704,0,0,0,0,0.0,0.0,0.0,0.0,0.0,0.0,1308.88,426.49
4707,0,0,0,0,0.0,0.0,0.0,0.0,0.0,0.0,1301.64,363.39
4725,0,0,0,0,0.0,0.0,0.0,0.0,0.0,0.0,516.56,158.69
4728,0,0,0,0,0.0,0.0,0.0,0.0,0.0,0.0,203.73,78.49
4729,0,0,0,0,0.0,0.0,0.0,0.0,0.0,0.0,389.98,83.68
4739,0,0,0,0,0.0,0.0,0.0,0.0,0.0,0.0,1410.74,538.37
4743,0,0,0,0,0.0,0.0,0.0,0.0,0.0,0.0,894.18,248.87
4761,0,0,0,0,0.0,0.0,0.0,0.0,0.0,0.0,509.32,199.46
4771,0,0,0,0,0.0,0.0,0.0,0.0,0.0,0.0,462.01,156.68
4788,0,0,0,0,0.0,0.0,0.0,0.0,0.0,0.0,1053.6,163.19
4797,0,0,0,0,0.0,0.0,0.0,0.0,0.0,0.0,1540.32,628.3
4816,0,0,0,0,0.0,0.0,0.0,0.0,0.0,0.0,1058.72,332.67
4820,0,0,0,0,0.0,0.0,0.0,0.0,0.0,0.0,695.57,119.1
4843,0,0,0,0,0.0,0.0,0.0,0.0,0.0,0.0,330.31,120.82
4857,0,0,0,0,0.0,0.0,0.0,0.0,0.0,0.0,665.74,140.37
4858,0,0,0,0,0.0,0.0,0.0,0.0,0.0,0.0,1164.82,393.17
4861,0,0,0,0,0.0,0.0,0.0,0.0,0.0,0.0,1140.98,426.87
4865,0,0,0,0,0.0,0.0,0.0,0.0,0.0,0.0,360.14,124.18
4871,0,0,0,0,0.0,0.0,0.0,0.0,0.0,0.0,1508.37,419.26
4906,0,0,0,0,0.0,0.0,0.0,0.0,0.0,0.0,1627.71,539.16
4937,0,0,0,0,0.0,0.0,0.0,0.0,0.0,0.0,834.51,203.37
4940,0,0,0,0,0.0,0.0,0.0,0.0,0.0,0.0,827.27,261.15
4948,0,0,0,0,0.0,0.0,0.0,0.0,0.0,0.0,335.43,74.3
4950,0,0,0,0,0.0,0.0,0.0,0.0,0.0,0.0,2420.03,563.46
4954,0,0,0,0,0.0,0.0,0.0,0.0,0.0,0.0,1167.82,256.7
4957,0,0,0,0,0.0,0.0,0.0,0.0,0.0,0.0,1255.21,433.94
4969,0,0,0,0,0.0,0.0,0.0,0.0,0.0,0.0,462.01,147.3
4988,0,0,0,0,0.0,0.0,0.0,0.0,0.0,0.0,1552.68,531.86
4997,0,0,0,0,0.0,0.0,0.0,0.0,0.0,0.0,412.58,123.19
5024,0,0,0,0,0.0,0.0,0.0,0.0,0.0,0.0,1779.01,570.19
5025,0,0,0,0,0.0,0.0,0.0,0.0,0.0,0.0,1712.1,450.46
5038,0,0,0,0,0.0,0.0,0.0,0.0,0.0,0.0,739.89,195.37
5043,0,0,0,0,0.0,0.0,0.0,0.0,0.0,0.0,526.8,140.02
5044,0,0,0,0,0.0,0.0,0.0,0.0,0.0,0.0,516.56,145.67
5060,0,0,0,0,0.0,0.0,0.0,0.0,0.0,0.0,486.73,155.27
5061,0,0,0,0,0.0,0.0,0.0,0.0,0.0,0.0,1503.25,451.61
5083,0,0,0,0,0.0,0.0,0.0,0.0,0.0,0.0,1592.75,380.26
5124,0,0,0,0,0.0,0.0,0.0,0.0,0.0,0.0,1666.9,468.23
5150,0,0,0,0,0.0,0.0,0.0,0.0,0.0,0.0,1652.43,361.27
5151,0,0,0,0,0.0,0.0,0.0,0.0,0.0,0.0,785.08,239.75
5153,0,0,0,0,0.0,0.0,0.0,0.0,0.0,0.0,1679.26,526.95
5166,0,0,0,0,0.0,0.0,0.0,0.0,0.0,0.0,655.5,217.65
5206,0,0,0,0,0.0,0.0,0.0,0.0,0.0,0.0,869.47,222.46
5213,0,0,0,0,0.0,0.0,0.0,0.0,0.0,0.0,1629.83,524.61
5215,0,0,0,0,0.0,0.0,0.0,0.0,0.0,0.0,444.53,89.57
5228,0,0,0,0,0.0,0.0,0.0,0.0,0.0,0.0,1463.18,429.74
5236,0,0,0,0,0.0,0.0,0.0,0.0,0.0,0.0,941.5,270.73
5246,0,0,0,0,0.0,0.0,0.0,0.0,0.0,0.0,1239.85,258.79
5250,0,0,0,0,0.0,0.0,0.0,0.0,0.0,0.0,551.52,225.98
5264,0,0,0,0,0.0,0.0,0.0,0.0,0.0,0.0,700.69,185.7
5266,0,0,0,0,0.0,0.0,0.0,0.0,0.0,0.0,1612.35,513.92
5275,0,0,0,0,0.0,0.0,0.0,0.0,0.0,0.0,444.53,140.46
5282,0,0,0,0,0.0,0.0,0.0,0.0,0.0,0.0,1838.68,571.65
5283,0,0,0,0,0.0,0.0,0.0,0.0,0.0,0.0,1773.89,552.95
5285,0,0,0,0,0.0,0.0,0.0,0.0,0.0,0.0,1782.0,447.58
5288,0,0,0,0,0.0,0.0,0.0,0.0,0.0,0.0,1386.03,426.54
5293,0,0,0,0,0.0,0.0,0.0,0.0,0.0,0.0,1607.23,513.63
5299,0,0,0,0,0.0,0.0,0.0,0.0,0.0,0.0,797.44,244.82
5302,0,0,0,0,0.0,0.0,0.0,0.0,0.0,0.0,402.34,118.71
5313,0,0,0,0,0.0,0.0,0.0,0.0,0.0,0.0,528.92,201.02
5317,0,0,0,0,0.0,0.0,0.0,0.0,0.0,0.0,814.91,269.06
5318,0,0,0,0,0.0,0.0,0.0,0.0,0.0,0.0,834.51,254.82
5321,0,0,0,0,0.0,0.0,0.0,0.0,0.0,0.0,688.33,170.19
5323,0,0,0,0,0.0,0.0,0.0,0.0,0.0,0.0,456.89,132.6
5334,0,0,0,0,0.0,0.0,0.0,0.0,0.0,0.0,678.1,167.47
5335,0,0,0,0,0.0,0.0,0.0,0.0,0.0,0.0,653.38,158.1
5336,0,0,0,0,0.0,0.0,0.0,0.0,0.0,0.0,389.98,126.41
5337,0,0,0,0,0.0,0.0,0.0,0.0,0.0,0.0,1891.11,460.07
5360,0,0,0,0,0.0,0.0,0.0,0.0,0.0,0.0,593.71,167.58
5367,0,0,0,0,0.0,0.0,0.0,0.0,0.0,0.0,576.23,169.06
5369,0,0,0,0,0.0,0.0,0.0,0.0,0.0,0.0,556.63,141.41
5371,0,0,0,0,0.0,0.0,0.0,0.0,0.0,0.0,1882.99,607.79
5381,0,0,0,0,0.0,0.0,0.0,0.0,0.0,0.0,748.0,261.07
5397,0,0,0,0,0.0,0.0,0.0,0.0,0.0,0.0,990.93,181.67
5400,0,0,0,0,0.0,0.0,0.0,0.0,0.0,0.0,1108.15,298.14
5401,0,0,0,0,0.0,0.0,0.0,0.0,0.0,0.0,600.95,160.82
5404,0,0,0,0,0.0,0.0,0.0,0.0,0.0,0.0,1861.27,542.97
5409,0,0,0,0,0.0,0.0,0.0,0.0,0.0,0.0,1125.63,226.18
5415,0,0,0,0,0.0,0.0,0.0,0.0,0.0,0.0,1614.47,526.36
5417,0,0,0,0,0.0,0.0,0.0,0.0,0.0,0.0,1284.16,228.67
5422,0,0,0,0,0.0,0.0,0.0,0.0,0.0,0.0,643.14,227.04
5423,0,0,0,0,0.0,0.0,0.0,0.0,0.0,0.0,439.41,152.08
5437,0,0,0,0,0.0,0.0,0.0,0.0,0.0,0.0,931.26,235.81
5470,0,0,0,0,0.0,0.0,0.0,0.0,0.0,0.0,539.16,122.53
5486,0,0,0,0,0.0,0.0,0.0,0.0,0.0,0.0,509.32,92.55
5489,0,0,0,0,0.0,0.0,0.0,0.0,0.0,0.0,534.04,177.79
5503,0,0,0,0,0.0,0.0,0.0,0.0,0.0,0.0,412.58,117.09
5508,0,0,0,0,0.0,0.0,0.0,0.0,0.0,0.0,1800.72,317.65
5511,0,0,0,0,0.0,0.0,0.0,0.0,0.0,0.0,635.9,166.05
5522,0,0,0,0,0.0,0.0,0.0,0.0,0.0,0.0,653.38,105.98
5533,0,0,0,0,0.0,0.0,0.0,0.0,0.0,0.0,598.83,229.64
5553,0,0,0,0,0.0,0.0,0.0,0.0,0.0,0.0,469.25,118.9
5556,0,0,0,0,0.0,0.0,0.0,0.0,0.0,0.0,1001.17,265.1
5562,0,0,0,0,0.0,0.0,0.0,0.0,0.0,0.0,1686.5,294.0
5564,0,0,0,0,0.0,0.0,0.0,0.0,0.0,0.0,516.56,102.78
5573,0,0,0,0,0.0,0.0,0.0,0.0,0.0,0.0,857.11,260.79
5574,0,0,0,0,0.0,0.0,0.0,0.0,0.0,0.0,2550.85,445.1
5576,0,0,0,0,0.0,0.0,0.0,0.0,0.0,0.0,924.02,98.07
5580,0,0,0,0,0.0,0.0,0.0,0.0,0.0,0.0,509.32,88.59
5581,0,0,0,0,0.0,0.0,0.0,0.0,0.0,0.0,628.66,248.01
5592,0,0,0,0,0.0,0.0,0.0,0.0,0.0,0.0,509.32,102.01
5595,0,0,0,0,0.0,0.0,0.0,0.0,0.0,0.0,695.57,96.41
5597,0,0,0,0,0.0,0.0,0.0,0.0,0.0,0.0,1907.71,304.14
5608,0,0,0,0,0.0,0.0,0.0,0.0,0.0,0.0,305.59,84.7
5615,0,0,0,0,0.0,0.0,0.0,0.0,0.0,0.0,382.74,100.57
5618,0,0,0,0,0.0,0.0,0.0,0.0,0.0,0.0,2502.29,614.56
5622,0,0,0,0,0.0,0.0,0.0,0.0,0.0,0.0,491.84,139.5
5627,0,0,0,0,0.0,0.0,0.0,0.0,0.0,0.0,340.55,92.14
5629,0,0,0,0,0.0,0.0,0.0,0.0,0.0,0.0,603.95,221.4
5650,0,0,0,0,0.0,0.0,0.0,0.0,0.0,0.0,395.1,70.81
5669,0,0,0,0,0.0,0.0,0.0,0.0,0.0,0.0,616.3,232.13
5686,0,0,0,0,0.0,0.0,0.0,0.0,0.0,0.0,606.07,205.95
5687,0,0,0,0,0.0,0.0,0.0,0.0,0.0,0.0,3020.1,503.77
5695,0,0,0,0,0.0,0.0,0.0,0.0,0.0,0.0,528.92,173.07
5704,0,0,0,0,0.0,0.0,0.0,0.0,0.0,0.0,504.2,89.71
5705,0,0,0,0,0.0,0.0,0.0,0.0,0.0,0.0,827.27,91.01
5716,0,0,0,0,0.0,0.0,0.0,0.0,0.0,0.0,526.8,147.02
5717,0,0,0,0,0.0,0.0,0.0,0.0,0.0,0.0,2171.11,441.43
5727,0,0,0,0,0.0,0.0,0.0,0.0,0.0,0.0,2508.66,437.67
5731,0,0,0,0,0.0,0.0,0.0,0.0,0.0,0.0,663.62,244.21
5733,0,0,0,0,0.0,0.0,0.0,0.0,0.0,0.0,519.56,164.88
5734,0,0,0,0,0.0,0.0,0.0,0.0,0.0,0.0,419.82,77.21
5750,0,0,0,0,0.0,0.0,0.0,0.0,0.0,0.0,1393.27,246.71
5751,0,0,0,0,0.0,0.0,0.0,0.0,0.0,0.0,2831.73,489.11
5757,0,0,0,0,0.0,0.0,0.0,0.0,0.0,0.0,633.78,216.03
5767,0,0,0,0,0.0,0.0,0.0,0.0,0.0,0.0,484.61,83.51
5770,0,0,0,0,0.0,0.0,0.0,0.0,0.0,0.0,2814.25,499.59
5778,0,0,0,0,0.0,0.0,0.0,0.0,0.0,0.0,608.19,224.18
5794,0,0,0,0,0.0,0.0,0.0,0.0,0.0,0.0,2183.46,457.65
5803,0,0,0,0,0.0,0.0,0.0,0.0,0.0,0.0,2206.06,507.4
5808,0,0,0,0,0.0,0.0,0.0,0.0,0.0,0.0,544.28,191.6
5824,0,0,0,0,0.0,0.0,0.0,0.0,0.0,0.0,628.66,145.48
5825,0,0,0,0,0.0,0.0,0.0,0.0,0.0,0.0,568.99,213.54
5828,0,0,0,0,0.0,0.0,0.0,0.0,0.0,0.0,616.3,142.04
5832,0,0,0,0,0.0,0.0,0.0,0.0,0.0,0.0,2476.7,473.65
5833,0,0,0,0,0.0,0.0,0.0,0.0,0.0,0.0,1853.16,347.58
5861,0,0,0,0,0.0,0.0,0.0,0.0,0.0,0.0,534.04,172.17
5865,0,0,0,0,0.0,0.0,0.0,0.0,0.0,0.0,414.7,183.95
5866,0,0,0,0,0.0,0.0,0.0,0.0,0.0,0.0,1540.32,272.26
5873,0,0,0,0,0.0,0.0,0.0,0.0,0.0,0.0,630.78,241.6
5878,0,0,0,0,0.0,0.0,0.0,0.0,0.0,0.0,1043.36,182.76
5881,0,0,0,0,0.0,0.0,0.0,0.0,0.0,0.0,2411.91,444.28
5883,0,0,0,0,0.0,0.0,0.0,0.0,0.0,0.0,551.52,191.79
5884,0,0,0,0,0.0,0.0,0.0,0.0,0.0,0.0,665.74,193.58
5886,0,0,0,0,0.0,0.0,0.0,0.0,0.0,0.0,1080.43,196.5
5893,0,0,0,0,0.0,0.0,0.0,0.0,0.0,0.0,459.89,189.27
5897,0,0,0,0,0.0,0.0,0.0,0.0,0.0,0.0,1386.03,435.71
5911,0,0,0,0,0.0,0.0,0.0,0.0,0.0,0.0,1217.25,207.13
5921,0,0,0,0,0.0,0.0,0.0,0.0,0.0,0.0,1460.18,367.51
5924,0,0,0,0,0.0,0.0,0.0,0.0,0.0,0.0,720.29,159.24
5941,0,0,0,0,0.0,0.0,0.0,0.0,0.0,0.0,934.26,128.05
5953,0,0,0,0,0.0,0.0,0.0,0.0,0.0,0.0,623.54,187.69
5964,0,0,0,0,0.0,0.0,0.0,0.0,0.0,0.0,509.32,197.63
5965,0,0,0,0,0.0,0.0,0.0,0.0,0.0,0.0,2195.82,506.14
5966,0,0,0,0,0.0,0.0,0.0,0.0,0.0,0.0,1818.2,398.67
5967,0,0,0,0,0.0,0.0,0.0,0.0,0.0,0.0,1835.68,422.22
5971,0,0,0,0,0.0,0.0,0.0,0.0,0.0,0.0,667.86,222.41
5972,0,0,0,0,0.0,0.0,0.0,0.0,0.0,0.0,715.17,189.18
5974,0,0,0,0,0.0,0.0,0.0,0.0,0.0,0.0,576.23,207.6
5982,0,0,0,0,0.0,0.0,0.0,0.0,0.0,0.0,732.65,204.84
5983,0,0,0,0,0.0,0.0,0.0,0.0,0.0,0.0,1296.52,201.14
5990,0,0,0,0,0.0,0.0,0.0,0.0,0.0,0.0,1294.4,225.93
5996,0,0,0,0,0.0,0.0,0.0,0.0,0.0,0.0,1503.25,413.68
6007,0,0,0,0,0.0,0.0,0.0,0.0,0.0,0.0,1331.48,254.19
6020,0,0,0,0,0.0,0.0,0.0,0.0,0.0,0.0,988.81,159.67
6021,0,0,0,0,0.0,0.0,0.0,0.0,0.0,0.0,886.94,149.48
6031,0,0,0,0,0.0,0.0,0.0,0.0,0.0,0.0,792.32,215.62
6032,0,0,0,0,0.0,0.0,0.0,0.0,0.0,0.0,1351.95,517.19
6033,0,0,0,0,0.0,0.0,0.0,0.0,0.0,0.0,1379.67,496.99
6034,0,0,0,0,0.0,0.0,0.0,0.0,0.0,0.0,1155.46,384.5
6035,0,0,0,0,0.0,0.0,0.0,0.0,0.0,0.0,1239.85,400.89
6039,0,0,0,0,0.0,0.0,0.0,0.0,0.0,0.0,2575.57,475.11
6042,0,0,0,0,0.0,0.0,0.0,0.0,0.0,0.0,1698.86,387.25
6048,0,0,0,0,0.0,0.0,0.0,0.0,0.0,0.0,462.01,136.65
6059,0,0,0,0,0.0,0.0,0.0,0.0,0.0,0.0,695.57,147.44
6060,0,0,0,0,0.0,0.0,0.0,0.0,0.0,0.0,611.19,171.94
6068,0,0,0,0,0.0,0.0,0.0,0.0,0.0,0.0,462.01,132.69
6070,0,0,0,0,0.0,0.0,0.0,0.0,0.0,0.0,1210.01,269.56
6075,0,0,0,0,0.0,0.0,0.0,0.0,0.0,0.0,1361.31,369.58
6095,0,0,0,0,0.0,0.0,0.0,0.0,0.0,0.0,663.62,247.15
6104,0,0,0,0,0.0,0.0,0.0,0.0,0.0,0.0,1329.36,463.61
6107,0,0,0,0,0.0,0.0,0.0,0.0,0.0,0.0,516.56,107.48
6108,0,0,0,0,0.0,0.0,0.0,0.0,0.0,0.0,355.03,71.66
6115,0,0,0,0,0.0,0.0,0.0,0.0,0.0,0.0,407.46,175.7
6116,0,0,0,0,0.0,0.0,0.0,0.0,0.0,0.0,588.59,195.46
6123,0,0,0,0,0.0,0.0,0.0,0.0,0.0,0.0,571.11,146.03
6125,0,0,0,0,0.0,0.0,0.0,0.0,0.0,0.0,911.66,186.39
6140,0,0,0,0,0.0,0.0,0.0,0.0,0.0,0.0,904.42,181.87
6141,0,0,0,0,0.0,0.0,0.0,0.0,0.0,0.0,643.14,105.1
6143,0,0,0,0,0.0,0.0,0.0,0.0,0.0,0.0,544.28,113.63
6150,0,0,0,0,0.0,0.0,0.0,0.0,0.0,0.0,774.84,133.7
6152,0,0,0,0,0.0,0.0,0.0,0.0,0.0,0.0,1592.75,436.21
6160,0,0,0,0,0.0,0.0,0.0,0.0,0.0,0.0,1450.82,433.17
6162,0,0,0,0,0.0,0.0,0.0,0.0,0.0,0.0,1698.86,323.52
6163,0,0,0,0,0.0,0.0,0.0,0.0,0.0,0.0,1591.88,437.08
6192,0,0,0,0,0.0,0.0,0.0,0.0,0.0,0.0,1217.25,359.57
6199,0,0,0,0,0.0,0.0,0.0,0.0,0.0,0.0,496.96,155.21
6203,0,0,0,0,0.0,0.0,0.0,0.0,0.0,0.0,827.27,148.31
6219,0,0,0,0,0.0,0.0,0.0,0.0,0.0,0.0,651.26,252.21
6226,0,0,0,0,0.0,0.0,0.0,0.0,0.0,0.0,730.53,198.1
6227,0,0,0,0,0.0,0.0,0.0,0.0,0.0,0.0,981.57,347.85
6235,0,0,0,0,0.0,0.0,0.0,0.0,0.0,0.0,1363.43,396.28
6261,0,0,0,0,0.0,0.0,0.0,0.0,0.0,0.0,1410.74,441.86
6262,0,0,0,0,0.0,0.0,0.0,0.0,0.0,0.0,1428.22,432.12
6274,0,0,0,0,0.0,0.0,0.0,0.0,0.0,0.0,305.59,99.19
6275,0,0,0,0,0.0,0.0,0.0,0.0,0.0,0.0,834.51,183.33
6286,0,0,0,0,0.0,0.0,0.0,0.0,0.0,0.0,681.09,268.64
6289,0,0,0,0,0.0,0.0,0.0,0.0,0.0,0.0,797.44,196.74
6290,0,0,0,0,0.0,0.0,0.0,0.0,0.0,0.0,568.99,146.54
6303,0,0,0,0,0.0,0.0,0.0,0.0,0.0,0.0,402.34,107.14
6308,0,0,0,0,0.0,0.0,0.0,0.0,0.0,0.0,606.07,114.75
6320,0,0,0,0,0.0,0.0,0.0,0.0,0.0,0.0,672.98,187.71
6321,0,0,0,0,0.0,0.0,0.0,0.0,0.0,0.0,762.48,206.74
6322,0,0,0,0,0.0,0.0,0.0,0.0,0.0,0.0,1602.11,522.87
6338,0,0,0,0,0.0,0.0,0.0,0.0,0.0,0.0,1185.3,399.24
6349,0,0,0,0,0.0,0.0,0.0,0.0,0.0,0.0,690.45,129.44
6357,0,0,0,0,0.0,0.0,0.0,0.0,0.0,0.0,859.23,181.5
6378,0,0,0,0,0.0,0.0,0.0,0.0,0.0,0.0,948.73,301.65
6382,0,0,0,0,0.0,0.0,0.0,0.0,0.0,0.0,395.1,135.35
6391,0,0,0,0,0.0,0.0,0.0,0.0,0.0,0.0,908.66,186.8
6392,0,0,0,0,0.0,0.0,0.0,0.0,0.0,0.0,611.19,179.14
6429,0,0,0,0,0.0,0.0,0.0,0.0,0.0,0.0,402.34,124.76
6433,0,0,0,0,0.0,0.0,0.0,0.0,0.0,0.0,462.01,86.7
6434,0,0,0,0,0.0,0.0,0.0,0.0,0.0,0.0,1224.49,333.74
6452,0,0,0,0,0.0,0.0,0.0,0.0,0.0,0.0,710.05,189.81
6453,0,0,0,0,0.0,0.0,0.0,0.0,0.0,0.0,846.87,184.21
6458,0,0,0,0,0.0,0.0,0.0,0.0,0.0,0.0,732.65,199.23
6461,0,0,0,0,0.0,0.0,0.0,0.0,0.0,0.0,1279.04,399.5
6468,0,0,0,0,0.0,0.0,0.0,0.0,0.0,0.0,1150.34,222.87
6482,0,0,0,0,0.0,0.0,0.0,0.0,0.0,0.0,737.77,167.54
6484,0,0,0,0,0.0,0.0,0.0,0.0,0.0,0.0,760.36,187.66
6492,0,0,0,0,0.0,0.0,0.0,0.0,0.0,0.0,996.05,426.14
6493,0,0,0,0,0.0,0.0,0.0,0.0,0.0,0.0,1180.18,219.95
6495,0,0,0,0,0.0,0.0,0.0,0.0,0.0,0.0,402.34,114.71
6500,0,0,0,0,0.0,0.0,0.0,0.0,0.0,0.0,504.2,289.15
6509,0,0,0,0,0.0,0.0,0.0,0.0,0.0,0.0,424.93,96.72
6510,0,0,0,0,0.0,0.0,0.0,0.0,0.0,0.0,484.61,84.21
6511,0,0,0,0,0.0,0.0,0.0,0.0,0.0,0.0,534.04,305.73
6522,0,0,0,0,0.0,0.0,0.0,0.0,0.0,0.0,509.32,121.75
6523,0,0,0,0,0.0,0.0,0.0,0.0,0.0,0.0,430.05,163.91
6524,0,0,0,0,0.0,0.0,0.0,0.0,0.0,0.0,1192.54,283.25
6525,0,0,0,0,0.0,0.0,0.0,0.0,0.0,0.0,462.01,162.3
6535,0,0,0,0,0.0,0.0,0.0,0.0,0.0,0.0,598.83,178.16
6539,0,0,0,0,0.0,0.0,0.0,0.0,0.0,0.0,491.84,98.41
6540,0,0,0,0,0.0,0.0,0.0,0.0,0.0,0.0,598.83,127.71
6550,0,0,0,0,0.0,0.0,0.0,0.0,0.0,0.0,1480.65,313.77
6557,0,0,0,0,0.0,0.0,0.0,0.0,0.0,0.0,742.89,210.63
6567,0,0,0,0,0.0,0.0,0.0,0.0,0.0,0.0,1738.93,397.46
6569,0,0,0,0,0.0,0.0,0.0,0.0,0.0,0.0,389.98,124.25
6571,0,0,0,0,0.0,0.0,0.0,0.0,0.0,0.0,335.43,95.07
6576,0,0,0,0,0.0,0.0,0.0,0.0,0.0,0.0,1050.6,261.94
6577,0,0,0,0,0.0,0.0,0.0,0.0,0.0,0.0,534.04,215.6
6579,0,0,0,0,0.0,0.0,0.0,0.0,0.0,0.0,526.8,92.91
6585,0,0,0,0,0.0,0.0,0.0,0.0,0.0,0.0,1046.36,187.15
6589,0,0,0,0,0.0,0.0,0.0,0.0,0.0,0.0,173.89,64.73
6594,0,0,0,0,0.0,0.0,0.0,0.0,0.0,0.0,472.25,167.76
6601,0,0,0,0,0.0,0.0,0.0,0.0,0.0,0.0,598.83,97.27
6602,0,0,0,0,0.0,0.0,0.0,0.0,0.0,0.0,1952.9,578.4
6611,0,0,0,0,0.0,0.0,0.0,0.0,0.0,0.0,846.87,193.14
6638,0,0,0,0,0.0,0.0,0.0,0.0,0.0,0.0,683.21,212.56
6640,0,0,0,0,0.0,0.0,0.0,0.0,0.0,0.0,616.3,110.83
6641,0,0,0,0,0.0,0.0,0.0,0.0,0.0,0.0,886.94,212.33
6646,0,0,0,0,0.0,0.0,0.0,0.0,0.0,0.0,1224.49,217.87
6647,0,0,0,0,0.0,0.0,0.0,0.0,0.0,0.0,472.25,177.44
6649,0,0,0,0,0.0,0.0,0.0,0.0,0.0,0.0,936.38,191.19
6652,0,0,0,0,0.0,0.0,0.0,0.0,0.0,0.0,588.59,160.43
6654,0,0,0,0,0.0,0.0,0.0,0.0,0.0,0.0,1108.15,201.53
6655,0,0,0,0,0.0,0.0,0.0,0.0,0.0,0.0,732.65,217.77
6660,0,0,0,0,0.0,0.0,0.0,0.0,0.0,0.0,951.73,171.42
6664,0,0,0,0,0.0,0.0,0.0,0.0,0.0,0.0,929.14,169.8
6668,0,0,0,0,0.0,0.0,0.0,0.0,0.0,0.0,1140.11,247.94
6676,0,0,0,0,0.0,0.0,0.0,0.0,0.0,0.0,693.45,313.83
6678,0,0,0,0,0.0,0.0,0.0,0.0,0.0,0.0,1438.46,356.8
6684,0,0,0,0,0.0,0.0,0.0,0.0,0.0,0.0,534.04,97.15
6690,0,0,0,0,0.0,0.0,0.0,0.0,0.0,0.0,553.64,161.27
6693,0,0,0,0,0.0,0.0,0.0,0.0,0.0,0.0,1631.95,330.37
6694,0,0,0,0,0.0,0.0,0.0,0.0,0.0,0.0,544.28,207.0
6719,0,0,0,0,0.0,0.0,0.0,0.0,0.0,0.0,1609.35,534.0
6720,0,0,0,0,0.0,0.0,0.0,0.0,0.0,0.0,352.91,93.98
6721,0,0,0,0,0.0,0.0,0.0,0.0,0.0,0.0,1698.86,369.96
6722,0,0,0,0,0.0,0.0,0.0,0.0,0.0,0.0,1716.34,420.99
6743,0,0,0,0,0.0,0.0,0.0,0.0,0.0,0.0,1115.39,205.76
6752,0,0,0,0,0.0,0.0,0.0,0.0,0.0,0.0,1276.92,308.2
6763,0,0,0,0,0.0,0.0,0.0,0.0,0.0,0.0,683.21,214.97
6769,0,0,0,0,0.0,0.0,0.0,0.0,0.0,0.0,797.44,231.75
6770,0,0,0,0,0.0,0.0,0.0,0.0,0.0,0.0,685.34,210.02
6776,0,0,0,0,0.0,0.0,0.0,0.0,0.0,0.0,785.08,259.21
6781,0,0,0,0,0.0,0.0,0.0,0.0,0.0,0.0,760.36,257.87
6782,0,0,0,0,0.0,0.0,0.0,0.0,0.0,0.0,1155.46,327.52
6783,0,0,0,0,0.0,0.0,0.0,0.0,0.0,0.0,1413.74,418.41
6789,0,0,0,0,0.0,0.0,0.0,0.0,0.0,0.0,1237.73,450.81
6790,0,0,0,0,0.0,0.0,0.0,0.0,0.0,0.0,412.58,138.65
6791,0,0,0,0,0.0,0.0,0.0,0.0,0.0,0.0,707.93,223.66
6797,0,0,0,0,0.0,0.0,0.0,0.0,0.0,0.0,1097.91,204.09
6798,0,0,0,0,0.0,0.0,0.0,0.0,0.0,0.0,479.49,87.35
6799,0,0,0,0,0.0,0.0,0.0,0.0,0.0,0.0,504.2,97.4
6800,0,0,0,0,0.0,0.0,0.0,0.0,0.0,0.0,1065.96,215.43
6801,0,0,0,0,0.0,0.0,0.0,0.0,0.0,0.0,1448.7,324.24
6805,0,0,0,0,0.0,0.0,0.0,0.0,0.0,0.0,437.29,133.86
6806,0,0,0,0,0.0,0.0,0.0,0.0,0.0,0.0,561.75,137.3
6808,0,0,0,0,0.0,0.0,0.0,0.0,0.0,0.0,1162.7,218.76
6818,0,0,0,0,0.0,0.0,0.0,0.0,0.0,0.0,817.03,227.61
6838,0,0,0,0,0.0,0.0,0.0,0.0,0.0,0.0,407.46,120.25
6840,0,0,0,0,0.0,0.0,0.0,0.0,0.0,0.0,1100.91,454.41
6842,0,0,0,0,0.0,0.0,0.0,0.0,0.0,0.0,779.96,200.56
6847,0,0,0,0,0.0,0.0,0.0,0.0,0.0,0.0,1073.2,208.92
6855,0,0,0,0,0.0,0.0,0.0,0.0,0.0,0.0,1020.76,215.24
6857,0,0,0,0,0.0,0.0,0.0,0.0,0.0,0.0,958.97,204.28
6858,0,0,0,0,0.0,0.0,0.0,0.0,0.0,0.0,586.47,210.21
6862,0,0,0,0,0.0,0.0,0.0,0.0,0.0,0.0,397.22,80.12
6864,0,0,0,0,0.0,0.0,0.0,0.0,0.0,0.0,581.35,197.7
6865,0,0,0,0,0.0,0.0,0.0,0.0,0.0,0.0,1605.11,402.17
6873,0,0,0,0,0.0,0.0,0.0,0.0,0.0,0.0,1239.85,382.39
6874,0,0,0,0,0.0,0.0,0.0,0.0,0.0,0.0,1028.88,409.0
6876,0,0,0,0,0.0,0.0,0.0,0.0,0.0,0.0,556.63,208.62
6888,0,0,0,0,0.0,0.0,0.0,0.0,0.0,0.0,1271.8,332.79
6892,0,0,0,0,0.0,0.0,0.0,0.0,0.0,0.0,1545.44,395.71
6897,0,0,0,0,0.0,0.0,0.0,0.0,0.0,0.0,556.63,212.47
6906,0,0,0,0,0.0,0.0,0.0,0.0,0.0,0.0,857.11,188.51
6909,0,0,0,0,0.0,0.0,0.0,0.0,0.0,0.0,630.78,194.12
6918,0,0,0,0,0.0,0.0,0.0,0.0,0.0,0.0,996.05,395.48
6921,0,0,0,0,0.0,0.0,0.0,0.0,0.0,0.0,1001.17,211.6
6926,0,0,0,0,0.0,0.0,0.0,0.0,0.0,0.0,611.19,107.74
6927,0,0,0,0,0.0,0.0,0.0,0.0,0.0,0.0,1652.43,410.34
6928,0,0,0,0,0.0,0.0,0.0,0.0,0.0,0.0,641.02,199.66
6931,0,0,0,0,0.0,0.0,0.0,0.0,0.0,0.0,365.26,107.49
6932,0,0,0,0,0.0,0.0,0.0,0.0,0.0,0.0,1627.71,370.1
6937,0,0,0,0,0.0,0.0,0.0,0.0,0.0,0.0,718.17,122.21
6942,0,0,0,0,0.0,0.0,0.0,0.0,0.0,0.0,990.93,409.69
6949,0,0,0,0,0.0,0.0,0.0,0.0,0.0,0.0,869.47,184.97
6954,0,0,0,0,0.0,0.0,0.0,0.0,0.0,0.0,491.84,130.41
6960,0,0,0,0,0.0,0.0,0.0,0.0,0.0,0.0,1338.71,333.51
6961,0,0,0,0,0.0,0.0,0.0,0.0,0.0,0.0,812.79,247.33
6969,0,0,0,0,0.0,0.0,0.0,0.0,0.0,0.0,474.37,106.75
6975,0,0,0,0,0.0,0.0,0.0,0.0,0.0,0.0,600.95,227.42
6980,0,0,0,0,0.0,0.0,0.0,0.0,0.0,0.0,574.11,104.14
6993,0,0,0,0,0.0,0.0,0.0,0.0,0.0,0.0,874.59,196.49
6996,0,0,0,0,0.0,0.0,0.0,0.0,0.0,0.0,496.96,118.25
7001,0,0,0,0,0.0,0.0,0.0,0.0,0.0,0.0,899.3,254.41
7003,0,0,0,0,0.0,0.0,0.0,0.0,0.0,0.0,539.16,198.18
7008,0,0,0,0,0.0,0.0,0.0,0.0,0.0,0.0,871.59,306.3
7011,0,0,0,0,0.0,0.0,0.0,0.0,0.0,0.0,820.03,242.79
7012,0,0,0,0,0.0,0.0,0.0,0.0,0.0,0.0,558.75,154.4
7013,0,0,0,0,0.0,0.0,0.0,0.0,0.0,0.0,767.6,163.7
7015,0,0,0,0,0.0,0.0,0.0,0.0,0.0,0.0,442.41,119.95
7028,0,0,0,0,0.0,0.0,0.0,0.0,0.0,0.0,2248.25,610.7
7036,0,0,0,0,0.0,0.0,0.0,0.0,0.0,0.0,899.3,327.39
7037,0,0,0,0,0.0,0.0,0.0,0.0,0.0,0.0,263.4,88.31
7041,0,0,0,0,0.0,0.0,0.0,0.0,0.0,0.0,665.74,222.39
7043,0,0,0,0,0.0,0.0,0.0,0.0,0.0,0.0,1227.49,234.33
7044,0,0,0,0,0.0,0.0,0.0,0.0,0.0,0.0,825.15,257.79
7045,0,0,0,0,0.0,0.0,0.0,0.0,0.0,0.0,881.82,244.68
7047,0,0,0,0,0.0,0.0,0.0,0.0,0.0,0.0,864.35,244.62
7049,0,0,0,0,0.0,0.0,0.0,0.0,0.0,0.0,509.32,124.13
7053,0,0,0,0,0.0,0.0,0.0,0.0,0.0,0.0,558.75,97.87
7054,0,0,0,0,0.0,0.0,0.0,0.0,0.0,0.0,377.62,119.16
7072,0,0,0,0,0.0,0.0,0.0,0.0,0.0,0.0,1445.7,324.4
7074,0,0,0,0,0.0,0.0,0.0,0.0,0.0,0.0,857.11,238.37
7076,0,0,0,0,0.0,0.0,0.0,0.0,0.0,0.0,275.76,67.01
7104,0,0,0,0,0.0,0.0,0.0,0.0,0.0,0.0,2307.93,626.14
7105,0,0,0,0,0.0,0.0,0.0,0.0,0.0,0.0,685.34,177.55
7114,0,0,0,0,0.0,0.0,0.0,0.0,0.0,0.0,899.3,227.16
7117,0,0,0,0,0.0,0.0,0.0,0.0,0.0,0.0,839.63,209.26
7118,0,0,0,0,0.0,0.0,0.0,0.0,0.0,0.0,881.82,298.13
7126,0,0,0,0,0.0,0.0,0.0,0.0,0.0,0.0,779.96,151.39
7127,0,0,0,0,0.0,0.0,0.0,0.0,0.0,0.0,827.27,236.59
7128,0,0,0,0,0.0,0.0,0.0,0.0,0.0,0.0,802.56,154.42
7129,0,0,0,0,0.0,0.0,0.0,0.0,0.0,0.0,342.67,98.33
7135,0,0,0,0,0.0,0.0,0.0,0.0,0.0,0.0,352.91,69.54
7136,0,0,0,0,0.0,0.0,0.0,0.0,0.0,0.0,817.03,207.56
7150,0,0,0,0,0.0,0.0,0.0,0.0,0.0,0.0,534.04,103.04
7161,0,0,0,0,0.0,0.0,0.0,0.0,0.0,0.0,305.59,77.56
7171,0,0,0,0,0.0,0.0,0.0,0.0,0.0,0.0,1134.99,394.66
7172,0,0,0,0,0.0,0.0,0.0,0.0,0.0,0.0,1050.6,300.62
7174,0,0,0,0,0.0,0.0,0.0,0.0,0.0,0.0,1025.88,176.43
7182,0,0,0,0,0.0,0.0,0.0,0.0,0.0,0.0,844.75,229.36
7186,0,0,0,0,0.0,0.0,0.0,0.0,0.0,0.0,777.84,214.31
7201,0,0,0,0,0.0,0.0,0.0,0.0,0.0,0.0,628.66,217.64
7206,0,0,0,0,0.0,0.0,0.0,0.0,0.0,0.0,1366.43,381.1
7210,0,0,0,0,0.0,0.0,0.0,0.0,0.0,0.0,745.01,238.46
7218,0,0,0,0,0.0,0.0,0.0,0.0,0.0,0.0,911.66,171.28
7219,0,0,0,0,0.0,0.0,0.0,0.0,0.0,0.0,1199.78,283.3
7220,0,0,0,0,0.0,0.0,0.0,0.0,0.0,0.0,400.22,129.29
7231,0,0,0,0,0.0,0.0,0.0,0.0,0.0,0.0,603.95,206.61
7238,0,0,0,0,0.0,0.0,0.0,0.0,0.0,0.0,407.46,125.45
7264,0,0,0,0,0.0,0.0,0.0,0.0,0.0,0.0,790.2,304.31
7265,0,0,0,0,0.0,0.0,0.0,0.0,0.0,0.0,603.95,202.52
7266,0,0,0,0,0.0,0.0,0.0,0.0,0.0,0.0,785.08,214.74
7268,0,0,0,0,0.0,0.0,0.0,0.0,0.0,0.0,305.59,55.24
7278,0,0,0,0,0.0,0.0,0.0,0.0,0.0,0.0,658.5,224.4
7280,0,0,0,0,0.0,0.0,0.0,0.0,0.0,0.0,1386.03,395.69
7284,0,0,0,0,0.0,0.0,0.0,0.0,0.0,0.0,335.43,89.39
7289,0,0,0,0,0.0,0.0,0.0,0.0,0.0,0.0,785.08,287.92
7308,0,0,0,0,0.0,0.0,0.0,0.0,0.0,0.0,432.17,69.48
7326,0,0,0,0,0.0,0.0,0.0,0.0,0.0,0.0,288.12,75.08
7336,0,0,0,0,0.0,0.0,0.0,0.0,0.0,0.0,551.52,157.81
7344,0,0,0,0,0.0,0.0,0.0,0.0,0.0,0.0,563.87,130.69
7373,0,0,0,0,0.0,0.0,0.0,0.0,0.0,0.0,1185.3,330.55
7382,0,0,0,0,0.0,0.0,0.0,0.0,0.0,0.0,737.77,198.15
7389,0,0,0,0,0.0,0.0,0.0,0.0,0.0,0.0,571.11,133.12
7391,0,0,0,0,0.0,0.0,0.0,0.0,0.0,0.0,1008.41,320.13
7401,0,0,0,0,0.0,0.0,0.0,0.0,0.0,0.0,827.27,200.72
7412,0,0,0,0,0.0,0.0,0.0,0.0,0.0,0.0,323.07,63.25
7426,0,0,0,0,0.0,0.0,0.0,0.0,0.0,0.0,804.68,116.09
7427,0,0,0,0,0.0,0.0,0.0,0.0,0.0,0.0,1393.27,168.23
7429,0,0,0,0,0.0,0.0,0.0,0.0,0.0,0.0,305.59,45.29
7433,0,0,0,0,0.0,0.0,0.0,0.0,0.0,0.0,1299.52,355.5
7438,0,0,0,0,0.0,0.0,0.0,0.0,0.0,0.0,1187.42,334.59
7449,0,0,0,0,0.0,0.0,0.0,0.0,0.0,0.0,442.41,74.35
7471,0,0,0,0,0.0,0.0,0.0,0.0,0.0,0.0,275.76,49.33
7475,0,0,0,0,0.0,0.0,0.0,0.0,0.0,0.0,839.63,213.05
7481,0,0,0,0,0.0,0.0,0.0,0.0,0.0,0.0,442.41,89.94
7488,0,0,0,0,0.0,0.0,0.0,0.0,0.0,0.0,598.83,203.61
7496,0,0,0,0,0.0,0.0,0.0,0.0,0.0,0.0,836.63,211.83
7504,0,0,0,0,0.0,0.0,0.0,0.0,0.0,0.0,323.07,76.31
7511,0,0,0,0,0.0,0.0,0.0,0.0,0.0,0.0,591.59,132.23
7516,0,0,0,0,0.0,0.0,0.0,0.0,0.0,0.0,509.32,134.1
7525,0,0,0,0,0.0,0.0,0.0,0.0,0.0,0.0,1771.77,366.58
7527,0,0,0,0,0.0,0.0,0.0,0.0,0.0,0.0,732.65,234.55
7528,0,0,0,0,0.0,0.0,0.0,0.0,0.0,0.0,1106.03,177.84
7534,0,0,0,0,0.0,0.0,0.0,0.0,0.0,0.0,834.51,209.86
7571,0,0,0,0,0.0,0.0,0.0,0.0,0.0,0.0,1741.93,298.68
7575,0,0,0,0,0.0,0.0,0.0,0.0,0.0,0.0,245.92,102.81
7578,0,0,0,0,0.0,0.0,0.0,0.0,0.0,0.0,491.84,116.15
7588,0,0,0,0,0.0,0.0,0.0,0.0,0.0,0.0,588.59,144.68
7591,0,0,0,0,0.0,0.0,0.0,0.0,0.0,0.0,969.21,253.51
7606,0,0,0,0,0.0,0.0,0.0,0.0,0.0,0.0,499.08,117.55
7608,0,0,0,0,0.0,0.0,0.0,0.0,0.0,0.0,1898.35,385.67
7610,0,0,0,0,0.0,0.0,0.0,0.0,0.0,0.0,2402.55,355.12
7615,0,0,0,0,0.0,0.0,0.0,0.0,0.0,0.0,305.59,62.17
7627,0,0,0,0,0.0,0.0,0.0,0.0,0.0,0.0,1071.07,186.7
7634,0,0,0,0,0.0,0.0,0.0,0.0,0.0,0.0,474.37,157.31
7640,0,0,0,0,0.0,0.0,0.0,0.0,0.0,0.0,528.92,138.01
7642,0,0,0,0,0.0,0.0,0.0,0.0,0.0,0.0,794.44,204.18
7647,0,0,0,0,0.0,0.0,0.0,0.0,0.0,0.0,2601.16,375.88
7659,0,0,0,0,0.0,0.0,0.0,0.0,0.0,0.0,2469.46,368.02
7660,0,0,0,0,0.0,0.0,0.0,0.0,0.0,0.0,2646.35,370.62
7666,0,0,0,0,0.0,0.0,0.0,0.0,0.0,0.0,323.07,58.06
7675,0,0,0,0,0.0,0.0,0.0,0.0,0.0,0.0,1137.98,231.32
7677,0,0,0,0,0.0,0.0,0.0,0.0,0.0,0.0,1736.81,329.16
7682,0,0,0,0,0.0,0.0,0.0,0.0,0.0,0.0,2131.91,329.03
7684,0,0,0,0,0.0,0.0,0.0,0.0,0.0,0.0,323.07,67.87
7700,0,0,0,0,0.0,0.0,0.0,0.0,0.0,0.0,1828.44,318.71
7706,0,0,0,0,0.0,0.0,0.0,0.0,0.0,0.0,1592.75,287.59
7715,0,0,0,0,0.0,0.0,0.0,0.0,0.0,0.0,1175.06,218.67
7720,0,0,0,0,0.0,0.0,0.0,0.0,0.0,0.0,1279.04,222.05
7723,0,0,0,0,0.0,0.0,0.0,0.0,0.0,0.0,1276.92,225.89
7729,0,0,0,0,0.0,0.0,0.0,0.0,0.0,0.0,1845.92,310.41
7735,0,0,0,0,0.0,0.0,0.0,0.0,0.0,0.0,1259.45,244.97
7742,0,0,0,0,0.0,0.0,0.0,0.0,0.0,0.0,1851.04,327.51
7755,0,0,0,0,0.0,0.0,0.0,0.0,0.0,0.0,1677.14,316.07
7764,0,0,0,0,0.0,0.0,0.0,0.0,0.0,0.0,1696.74,292.54
7767,0,0,0,0,0.0,0.0,0.0,0.0,0.0,0.0,1666.9,306.4
7776,0,0,0,0,0.0,0.0,0.0,0.0,0.0,0.0,748.0,214.43
7779,0,0,0,0,0.0,0.0,0.0,0.0,0.0,0.0,715.17,171.07
7780,0,0,0,0,0.0,0.0,0.0,0.0,0.0,0.0,1088.55,329.4
7791,0,0,0,0,0.0,0.0,0.0,0.0,0.0,0.0,1259.45,325.42
7796,0,0,0,0,0.0,0.0,0.0,0.0,0.0,0.0,504.2,111.29
7797,0,0,0,0,0.0,0.0,0.0,0.0,0.0,0.0,1108.15,309.16
7803,0,0,0,0,0.0,0.0,0.0,0.0,0.0,0.0,804.68,149.34
7804,0,0,0,0,0.0,0.0,0.0,0.0,0.0,0.0,727.53,287.83
7806,0,0,0,0,0.0,0.0,0.0,0.0,0.0,0.0,1155.46,329.32
7817,0,0,0,0,0.0,0.0,0.0,0.0,0.0,0.0,670.86,158.09
7824,0,0,0,0,0.0,0.0,0.0,0.0,0.0,0.0,1178.06,315.73
7839,0,0,0,0,0.0,0.0,0.0,0.0,0.0,0.0,683.21,160.64
7849,0,0,0,0,0.0,0.0,0.0,0.0,0.0,0.0,1143.1,311.76
7857,0,0,0,0,0.0,0.0,0.0,0.0,0.0,0.0,377.62,105.27
7861,0,0,0,0,0.0,0.0,0.0,0.0,0.0,0.0,1296.52,319.6
7872,0,0,0,0,0.0,0.0,0.0,0.0,0.0,0.0,335.43,167.88
7893,0,0,0,0,0.0,0.0,0.0,0.0,0.0,0.0,804.68,194.88
7905,0,0,0,0,0.0,0.0,0.0,0.0,0.0,0.0,1343.83,250.63
7913,0,0,0,0,0.0,0.0,0.0,0.0,0.0,0.0,1145.22,223.84
7915,0,0,0,0,0.0,0.0,0.0,0.0,0.0,0.0,1105.15,245.66
7938,0,0,0,0,0.0,0.0,0.0,0.0,0.0,0.0,1420.98,258.45
7941,0,0,0,0,0.0,0.0,0.0,0.0,0.0,0.0,1132.87,211.63
7951,0,0,0,0,0.0,0.0,0.0,0.0,0.0,0.0,792.32,235.74
7954,0,0,0,0,0.0,0.0,0.0,0.0,0.0,0.0,1475.53,335.08
7959,0,0,0,0,0.0,0.0,0.0,0.0,0.0,0.0,1241.97,319.21
7963,0,0,0,0,0.0,0.0,0.0,0.0,0.0,0.0,1487.89,323.96
7967,0,0,0,0,0.0,0.0,0.0,0.0,0.0,0.0,1199.78,327.89
7992,0,0,0,0,0.0,0.0,0.0,0.0,0.0,0.0,1756.41,358.49
8001,0,0,0,0,0.0,0.0,0.0,0.0,0.0,0.0,1607.23,320.16
8028,0,0,0,0,0.0,0.0,0.0,0.0,0.0,0.0,1219.37,291.07
8029,0,0,0,0,0.0,0.0,0.0,0.0,0.0,0.0,1122.63,289.6
8046,0,0,0,0,0.0,0.0,0.0,0.0,0.0,0.0,1798.6,367.32
8071,0,0,0,0,0.0,0.0,0.0,0.0,0.0,0.0,1768.77,357.44
8073,0,0,0,0,0.0,0.0,0.0,0.0,0.0,0.0,1559.92,317.14
8082,0,0,0,0,0.0,0.0,0.0,0.0,0.0,0.0,1828.44,352.67
8083,0,0,0,0,0.0,0.0,0.0,0.0,0.0,0.0,1942.66,545.87
8084,0,0,0,0,0.0,0.0,0.0,0.0,0.0,0.0,665.74,181.19
8092,0,0,0,0,0.0,0.0,0.0,0.0,0.0,0.0,713.05,165.62
8095,0,0,0,0,0.0,0.0,0.0,0.0,0.0,0.0,2014.69,437.36
8096,0,0,0,0,0.0,0.0,0.0,0.0,0.0,0.0,1810.96,353.57
8097,0,0,0,0,0.0,0.0,0.0,0.0,0.0,0.0,2074.36,557.13
8110,0,0,0,0,0.0,0.0,0.0,0.0,0.0,0.0,365.26,127.32
8114,0,0,0,0,0.0,0.0,0.0,0.0,0.0,0.0,1888.11,407.84
8116,0,0,0,0,0.0,0.0,0.0,0.0,0.0,0.0,996.05,242.25
8118,0,0,0,0,0.0,0.0,0.0,0.0,0.0,0.0,2464.34,502.45
8124,0,0,0,0,0.0,0.0,0.0,0.0,0.0,0.0,504.2,147.95
8132,0,0,0,0,0.0,0.0,0.0,0.0,0.0,0.0,2054.76,485.74
8137,0,0,0,0,0.0,0.0,0.0,0.0,0.0,0.0,1505.37,498.08
8139,0,0,0,0,0.0,0.0,0.0,0.0,0.0,0.0,449.65,156.54
8151,0,0,0,0,0.0,0.0,0.0,0.0,0.0,0.0,1500.25,489.99
8152,0,0,0,0,0.0,0.0,0.0,0.0,0.0,0.0,427.05,148.55
8164,0,0,0,0,0.0,0.0,0.0,0.0,0.0,0.0,563.87,121.33
8165,0,0,0,0,0.0,0.0,0.0,0.0,0.0,0.0,1584.64,573.94
8167,0,0,0,0,0.0,0.0,0.0,0.0,0.0,0.0,526.8,125.57
8171,0,0,0,0,0.0,0.0,0.0,0.0,0.0,0.0,1597.0,576.29
8211,0,0,0,0,0.0,0.0,0.0,0.0,0.0,0.0,1458.06,435.74
8212,0,0,0,0,0.0,0.0,0.0,0.0,0.0,0.0,1689.5,607.52
8219,0,0,0,0,0.0,0.0,0.0,0.0,0.0,0.0,414.7,143.6
8237,0,0,0,0,0.0,0.0,0.0,0.0,0.0,0.0,1647.31,599.25
8245,0,0,0,0,0.0,0.0,0.0,0.0,0.0,0.0,1401.38,378.06
8248,0,0,0,0,0.0,0.0,0.0,0.0,0.0,0.0,504.2,159.24
8290,0,0,0,0,0.0,0.0,0.0,0.0,0.0,0.0,1294.4,340.25
8306,0,0,0,0,0.0,0.0,0.0,0.0,0.0,0.0,1045.48,373.73
8321,0,0,0,0,0.0,0.0,0.0,0.0,0.0,0.0,360.14,113.25
8354,0,0,0,0,0.0,0.0,0.0,0.0,0.0,0.0,1143.1,334.64
8363,0,0,0,0,0.0,0.0,0.0,0.0,0.0,0.0,988.81,332.39
8365,0,0,0,0,0.0,0.0,0.0,0.0,0.0,0.0,1607.23,463.4
8367,0,0,0,0,0.0,0.0,0.0,0.0,0.0,0.0,556.63,133.55
8385,0,0,0,0,0.0,0.0,0.0,0.0,0.0,0.0,1557.8,425.85
8389,0,0,0,0,0.0,0.0,0.0,0.0,0.0,0.0,1192.54,359.9
8400,0,0,0,0,0.0,0.0,0.0,0.0,0.0,0.0,973.45,271.48
8413,0,0,0,0,0.0,0.0,0.0,0.0,0.0,0.0,1090.67,277.32
8443,0,0,0,0,0.0,0.0,0.0,0.0,0.0,0.0,1222.37,335.18
8458,0,0,0,0,0.0,0.0,0.0,0.0,0.0,0.0,462.01,136.62
8463,0,0,0,0,0.0,0.0,0.0,0.0,0.0,0.0,516.56,116.94
8484,0,0,0,0,0.0,0.0,0.0,0.0,0.0,0.0,941.5,281.79
8497,0,0,0,0,0.0,0.0,0.0,0.0,0.0,0.0,474.37,84.13
8498,0,0,0,0,0.0,0.0,0.0,0.0,0.0,0.0,1180.18,316.47
8501,0,0,0,0,0.0,0.0,0.0,0.0,0.0,0.0,1197.66,332.56
8511,0,0,0,0,0.0,0.0,0.0,0.0,0.0,0.0,551.52,141.94
8512,0,0,0,0,0.0,0.0,0.0,0.0,0.0,0.0,444.53,114.38
8521,0,0,0,0,0.0,0.0,0.0,0.0,0.0,0.0,1078.31,324.7
8535,0,0,0,0,0.0,0.0,0.0,0.0,0.0,0.0,710.93,205.35
8561,0,0,0,0,0.0,0.0,0.0,0.0,0.0,0.0,1336.59,365.11
8574,0,0,0,0,0.0,0.0,0.0,0.0,0.0,0.0,787.2,184.78
8579,0,0,0,0,0.0,0.0,0.0,0.0,0.0,0.0,516.56,116.74
8607,0,0,0,0,0.0,0.0,0.0,0.0,0.0,0.0,509.32,134.79
8620,0,0,0,0,0.0,0.0,0.0,0.0,0.0,0.0,648.26,171.32
8628,0,0,0,0,0.0,0.0,0.0,0.0,0.0,0.0,762.48,161.54
8629,0,0,0,0,0.0,0.0,0.0,0.0,0.0,0.0,1043.36,342.59
8635,0,0,0,0,0.0,0.0,0.0,0.0,0.0,0.0,496.96,89.72
8638,0,0,0,0,0.0,0.0,0.0,0.0,0.0,0.0,892.06,312.89
8644,0,0,0,0,0.0,0.0,0.0,0.0,0.0,0.0,1299.52,375.71
8655,0,0,0,0,0.0,0.0,0.0,0.0,0.0,0.0,670.86,193.24
8690,0,0,0,0,0.0,0.0,0.0,0.0,0.0,0.0,1184.42,375.79
8696,0,0,0,0,0.0,0.0,0.0,0.0,0.0,0.0,1180.18,331.64
8701,0,0,0,0,0.0,0.0,0.0,0.0,0.0,0.0,628.66,182.99
8715,0,0,0,0,0.0,0.0,0.0,0.0,0.0,0.0,1443.58,494.36
8716,0,0,0,0,0.0,0.0,0.0,0.0,0.0,0.0,1652.43,531.23
8751,0,0,0,0,0.0,0.0,0.0,0.0,0.0,0.0,395.1,109.14
8755,0,0,0,0,0.0,0.0,0.0,0.0,0.0,0.0,467.13,101.85
8773,0,0,0,0,0.0,0.0,0.0,0.0,0.0,0.0,951.73,263.84
8782,0,0,0,0,0.0,0.0,0.0,0.0,0.0,0.0,576.23,144.55
8788,0,0,0,0,0.0,0.0,0.0,0.0,0.0,0.0,546.4,164.4
8803,0,0,0,0,0.0,0.0,0.0,0.0,0.0,0.0,544.28,169.0
8846,0,0,0,0,0.0,0.0,0.0,0.0,0.0,0.0,1423.1,393.5
8848,0,0,0,0,0.0,0.0,0.0,0.0,0.0,0.0,330.31,79.8
8863,0,0,0,0,0.0,0.0,0.0,0.0,0.0,0.0,593.71,158.95
8866,0,0,0,0,0.0,0.0,0.0,0.0,0.0,0.0,660.62,214.31
8868,0,0,0,0,0.0,0.0,0.0,0.0,0.0,0.0,504.2,118.59
8871,0,0,0,0,0.0,0.0,0.0,0.0,0.0,0.0,419.82,83.18
8873,0,0,0,0,0.0,0.0,0.0,0.0,0.0,0.0,1431.22,484.53
8885,0,0,0,0,0.0,0.0,0.0,0.0,0.0,0.0,504.2,171.06
8886,0,0,0,0,0.0,0.0,0.0,0.0,0.0,0.0,1631.95,389.12
8896,0,0,0,0,0.0,0.0,0.0,0.0,0.0,0.0,1473.41,418.2
8904,0,0,0,0,0.0,0.0,0.0,0.0,0.0,0.0,1164.82,323.78
8921,0,0,0,0,0.0,0.0,0.0,0.0,0.0,0.0,700.69,129.91
8925,0,0,0,0,0.0,0.0,0.0,0.0,0.0,0.0,1435.46,376.32
8931,0,0,0,0,0.0,0.0,0.0,0.0,0.0,0.0,618.43,157.87
8954,0,0,0,0,0.0,0.0,0.0,0.0,0.0,0.0,700.69,130.77
8965,0,0,0,0,0.0,0.0,0.0,0.0,0.0,0.0,1083.43,334.81
8967,0,0,0,0,0.0,0.0,0.0,0.0,0.0,0.0,899.3,210.62
8968,0,0,0,0,0.0,0.0,0.0,0.0,0.0,0.0,718.17,137.69
8969,0,0,0,0,0.0,0.0,0.0,0.0,0.0,0.0,581.35,146.07
8970,0,0,0,0,0.0,0.0,0.0,0.0,0.0,0.0,1036.12,283.73
8986,0,0,0,0,0.0,0.0,0.0,0.0,0.0,0.0,454.77,154.96
8994,0,0,0,0,0.0,0.0,0.0,0.0,0.0,0.0,591.59,166.73
8997,0,0,0,0,0.0,0.0,0.0,0.0,0.0,0.0,1187.42,300.65
9000,0,0,0,0,0.0,0.0,0.0,0.0,0.0,0.0,521.68,66.63
9013,0,0,0,0,0.0,0.0,0.0,0.0,0.0,0.0,822.15,234.67
9018,0,0,0,0,0.0,0.0,0.0,0.0,0.0,0.0,1169.94,286.57
9023,0,0,0,0,0.0,0.0,0.0,0.0,0.0,0.0,817.03,250.39
9031,0,0,0,0,0.0,0.0,0.0,0.0,0.0,0.0,713.05,177.73
9034,0,0,0,0,0.0,0.0,0.0,0.0,0.0,0.0,1289.28,323.72
9043,0,0,0,0,0.0,0.0,0.0,0.0,0.0,0.0,526.8,118.95
9044,0,0,0,0,0.0,0.0,0.0,0.0,0.0,0.0,593.71,107.62
9049,0,0,0,0,0.0,0.0,0.0,0.0,0.0,0.0,630.78,230.42
9052,0,0,0,0,0.0,0.0,0.0,0.0,0.0,0.0,437.29,95.49
9058,0,0,0,0,0.0,0.0,0.0,0.0,0.0,0.0,1333.6,395.73
9070,0,0,0,0,0.0,0.0,0.0,0.0,0.0,0.0,628.66,111.4
9072,0,0,0,0,0.0,0.0,0.0,0.0,0.0,0.0,1220.25,390.55
9074,0,0,0,0,0.0,0.0,0.0,0.0,0.0,0.0,563.87,166.16
9075,0,0,0,0,0.0,0.0,0.0,0.0,0.0,0.0,245.92,44.48
9088,0,0,0,0,0.0,0.0,0.0,0.0,0.0,0.0,551.52,112.21
9092,0,0,0,0,0.0,0.0,0.0,0.0,0.0,0.0,372.5,75.73
9098,0,0,0,0,0.0,0.0,0.0,0.0,0.0,0.0,700.69,124.18
9101,0,0,0,0,0.0,0.0,0.0,0.0,0.0,0.0,804.68,139.94
9102,0,0,0,0,0.0,0.0,0.0,0.0,0.0,0.0,772.72,127.44
9110,0,0,0,0,0.0,0.0,0.0,0.0,0.0,0.0,355.03,112.08
9111,0,0,0,0,0.0,0.0,0.0,0.0,0.0,0.0,1140.11,326.11
9122,0,0,0,0,0.0,0.0,0.0,0.0,0.0,0.0,355.03,90.3
9124,0,0,0,0,0.0,0.0,0.0,0.0,0.0,0.0,678.1,228.64
9134,0,0,0,0,0.0,0.0,0.0,0.0,0.0,0.0,844.75,137.44
9137,0,0,0,0,0.0,0.0,0.0,0.0,0.0,0.0,593.71,133.75
9140,0,0,0,0,0.0,0.0,0.0,0.0,0.0,0.0,233.56,41.57
9143,0,0,0,0,0.0,0.0,0.0,0.0,0.0,0.0,534.04,138.33
9160,0,0,0,0,0.0,0.0,0.0,0.0,0.0,0.0,395.1,116.77
9176,0,0,0,0,0.0,0.0,0.0,0.0,0.0,0.0,1803.72,412.11
9201,0,0,0,0,0.0,0.0,0.0,0.0,0.0,0.0,407.46,91.72
9208,0,0,0,0,0.0,0.0,0.0,0.0,0.0,0.0,611.19,129.31
9222,0,0,0,0,0.0,0.0,0.0,0.0,0.0,0.0,886.94,161.25
9223,0,0,0,0,0.0,0.0,0.0,0.0,0.0,0.0,623.54,144.03
9234,0,0,0,0,0.0,0.0,0.0,0.0,0.0,0.0,1567.16,393.59
9240,0,0,0,0,0.0,0.0,0.0,0.0,0.0,0.0,1610.23,452.19
9262,0,0,0,0,0.0,0.0,0.0,0.0,0.0,0.0,1512.61,365.07
9271,0,0,0,0,0.0,0.0,0.0,0.0,0.0,0.0,603.95,172.73
9293,0,0,0,0,0.0,0.0,0.0,0.0,0.0,0.0,489.72,128.82
9294,0,0,0,0,0.0,0.0,0.0,0.0,0.0,0.0,1674.14,496.64
9296,0,0,0,0,0.0,0.0,0.0,0.0,0.0,0.0,713.05,138.38
9300,0,0,0,0,0.0,0.0,0.0,0.0,0.0,0.0,583.47,125.67
9302,0,0,0,0,0.0,0.0,0.0,0.0,0.0,0.0,1851.04,445.67
9311,0,0,0,0,0.0,0.0,0.0,0.0,0.0,0.0,1828.44,543.68
9321,0,0,0,0,0.0,0.0,0.0,0.0,0.0,0.0,715.17,152.0
9331,0,0,0,0,0.0,0.0,0.0,0.0,0.0,0.0,1644.31,463.68
9377,0,0,0,0,0.0,0.0,0.0,0.0,0.0,0.0,1677.14,534.59
9383,0,0,0,0,0.0,0.0,0.0,0.0,0.0,0.0,1308.88,307.04
9387,0,0,0,0,0.0,0.0,0.0,0.0,0.0,0.0,1466.17,391.56
9392,0,0,0,0,0.0,0.0,0.0,0.0,0.0,0.0,372.5,86.71
9395,0,0,0,0,0.0,0.0,0.0,0.0,0.0,0.0,646.14,156.24
9396,0,0,0,0,0.0,0.0,0.0,0.0,0.0,0.0,675.98,214.99
9403,0,0,0,0,0.0,0.0,0.0,0.0,0.0,0.0,1152.46,221.59
9405,0,0,0,0,0.0,0.0,0.0,0.0,0.0,0.0,1693.74,562.47
9422,0,0,0,0,0.0,0.0,0.0,0.0,0.0,0.0,1197.66,355.11
9427,0,0,0,0,0.0,0.0,0.0,0.0,0.0,0.0,412.58,117.19
9434,0,0,0,0,0.0,0.0,0.0,0.0,0.0,0.0,1614.47,471.33
9438,0,0,0,0,0.0,0.0,0.0,0.0,0.0,0.0,1383.91,266.67
9450,0,0,0,0,0.0,0.0,0.0,0.0,0.0,0.0,1267.56,304.97
9461,0,0,0,0,0.0,0.0,0.0,0.0,0.0,0.0,1252.21,269.4
9466,0,0,0,0,0.0,0.0,0.0,0.0,0.0,0.0,1443.58,428.63
9467,0,0,0,0,0.0,0.0,0.0,0.0,0.0,0.0,1483.65,444.28
9481,0,0,0,0,0.0,0.0,0.0,0.0,0.0,0.0,834.51,157.97
9482,0,0,0,0,0.0,0.0,0.0,0.0,0.0,0.0,2256.37,570.54
9486,0,0,0,0,0.0,0.0,0.0,0.0,0.0,0.0,1413.74,386.39
9488,0,0,0,0,0.0,0.0,0.0,0.0,0.0,0.0,1383.91,288.25
9490,0,0,0,0,0.0,0.0,0.0,0.0,0.0,0.0,1239.85,248.49
9499,0,0,0,0,0.0,0.0,0.0,0.0,0.0,0.0,402.34,101.35
9500,0,0,0,0,0.0,0.0,0.0,0.0,0.0,0.0,588.59,193.22
9501,0,0,0,0,0.0,0.0,0.0,0.0,0.0,0.0,1418.86,404.99
9505,0,0,0,0,0.0,0.0,0.0,0.0,0.0,0.0,1868.51,473.18
9508,0,0,0,0,0.0,0.0,0.0,0.0,0.0,0.0,598.83,248.48
9509,0,0,0,0,0.0,0.0,0.0,0.0,0.0,0.0,1197.66,397.56
9521,0,0,0,0,0.0,0.0,0.0,0.0,0.0,0.0,546.4,102.15
9523,0,0,0,0,0.0,0.0,0.0,0.0,0.0,0.0,317.95,116.87
9524,0,0,0,0,0.0,0.0,0.0,0.0,0.0,0.0,1694.62,423.61
9527,0,0,0,0,0.0,0.0,0.0,0.0,0.0,0.0,1843.8,453.45
9531,0,0,0,0,0.0,0.0,0.0,0.0,0.0,0.0,576.23,154.9
9541,0,0,0,0,0.0,0.0,0.0,0.0,0.0,0.0,757.36,261.97
9542,0,0,0,0,0.0,0.0,0.0,0.0,0.0,0.0,889.06,160.06
9552,0,0,0,0,0.0,0.0,0.0,0.0,0.0,0.0,755.24,155.23
9556,0,0,0,0,0.0,0.0,0.0,0.0,0.0,0.0,283.0,45.82
9564,0,0,0,0,0.0,0.0,0.0,0.0,0.0,0.0,377.62,89.38
9566,0,0,0,0,0.0,0.0,0.0,0.0,0.0,0.0,544.28,102.03
9584,0,0,0,0,0.0,0.0,0.0,0.0,0.0,0.0,1264.57,389.19
9585,0,0,0,0,0.0,0.0,0.0,0.0,0.0,0.0,1438.46,472.43
9586,0,0,0,0,0.0,0.0,0.0,0.0,0.0,0.0,1567.16,418.51
9587,0,0,0,0,0.0,0.0,0.0,0.0,0.0,0.0,1134.99,293.66
9588,0,0,0,0,0.0,0.0,0.0,0.0,0.0,0.0,544.28,102.81
9589,0,0,0,0,0.0,0.0,0.0,0.0,0.0,0.0,2409.79,591.57
9597,0,0,0,0,0.0,0.0,0.0,0.0,0.0,0.0,551.52,143.5
9612,0,0,0,0,0.0,0.0,0.0,0.0,0.0,0.0,750.12,223.79
9617,0,0,0,0,0.0,0.0,0.0,0.0,0.0,0.0,419.82,131.78
9618,0,0,0,0,0.0,0.0,0.0,0.0,0.0,0.0,400.22,92.28
9621,0,0,0,0,0.0,0.0,0.0,0.0,0.0,0.0,1366.43,303.37
9622,0,0,0,0,0.0,0.0,0.0,0.0,0.0,0.0,1210.01,270.83
9624,0,0,0,0,0.0,0.0,0.0,0.0,0.0,0.0,929.14,235.91
9625,0,0,0,0,0.0,0.0,0.0,0.0,0.0,0.0,558.75,90.61
9626,0,0,0,0,0.0,0.0,0.0,0.0,0.0,0.0,2511.65,598.93
9635,0,0,0,0,0.0,0.0,0.0,0.0,0.0,0.0,859.23,207.91
9642,0,0,0,0,0.0,0.0,0.0,0.0,0.0,0.0,881.82,157.79
9653,0,0,0,0,0.0,0.0,0.0,0.0,0.0,0.0,280.88,86.55
9654,0,0,0,0,0.0,0.0,0.0,0.0,0.0,0.0,2499.3,585.93
9668,0,0,0,0,0.0,0.0,0.0,0.0,0.0,0.0,623.54,201.8
9673,0,0,0,0,0.0,0.0,0.0,0.0,0.0,0.0,568.99,128.18
9676,0,0,0,0,0.0,0.0,0.0,0.0,0.0,0.0,665.74,168.33
9677,0,0,0,0,0.0,0.0,0.0,0.0,0.0,0.0,787.2,252.08
9678,0,0,0,0,0.0,0.0,0.0,0.0,0.0,0.0,750.12,222.26
9689,0,0,0,0,0.0,0.0,0.0,0.0,0.0,0.0,883.95,207.93
9698,0,0,0,0,0.0,0.0,0.0,0.0,0.0,0.0,467.13,117.22
9707,0,0,0,0,0.0,0.0,0.0,0.0,0.0,0.0,352.91,94.31
9712,0,0,0,0,0.0,0.0,0.0,0.0,0.0,0.0,924.02,166.71
9727,0,0,0,0,0.0,0.0,0.0,0.0,0.0,0.0,732.65,195.19
9728,0,0,0,0,0.0,0.0,0.0,0.0,0.0,0.0,857.11,183.4
9738,0,0,0,0,0.0,0.0,0.0,0.0,0.0,0.0,834.51,152.22
9747,0,0,0,0,0.0,0.0,0.0,0.0,0.0,0.0,700.69,191.53
9753,0,0,0,0,0.0,0.0,0.0,0.0,0.0,0.0,563.87,111.68
9764,0,0,0,0,0.0,0.0,0.0,0.0,0.0,0.0,857.11,290.22
9766,0,0,0,0,0.0,0.0,0.0,0.0,0.0,0.0,869.47,279.79
9769,0,0,0,0,0.0,0.0,0.0,0.0,0.0,0.0,593.71,228.78
9773,0,0,0,0,0.0,0.0,0.0,0.0,0.0,0.0,851.99,181.06
9777,0,0,0,0,0.0,0.0,0.0,0.0,0.0,0.0,1719.34,526.95
9778,0,0,0,0,0.0,0.0,0.0,0.0,0.0,0.0,886.94,288.6
9779,0,0,0,0,0.0,0.0,0.0,0.0,0.0,0.0,526.8,209.35
9783,0,0,0,0,0.0,0.0,0.0,0.0,0.0,0.0,670.86,160.8
9787,0,0,0,0,0.0,0.0,0.0,0.0,0.0,0.0,1487.89,348.08
9788,0,0,0,0,0.0,0.0,0.0,0.0,0.0,0.0,802.56,220.98
9789,0,0,0,0,0.0,0.0,0.0,0.0,0.0,0.0,916.78,261.85
9792,0,0,0,0,0.0,0.0,0.0,0.0,0.0,0.0,576.23,214.93
9803,0,0,0,0,0.0,0.0,0.0,0.0,0.0,0.0,874.59,249.22
9809,0,0,0,0,0.0,0.0,0.0,0.0,0.0,0.0,779.96,232.94
9812,0,0,0,0,0.0,0.0,0.0,0.0,0.0,0.0,862.23,251.89
9813,0,0,0,0,0.0,0.0,0.0,0.0,0.0,0.0,802.56,254.23
9817,0,0,0,0,0.0,0.0,0.0,0.0,0.0,0.0,1180.18,280.43
9819,0,0,0,0,0.0,0.0,0.0,0.0,0.0,0.0,630.78,116.04
9821,0,0,0,0,0.0,0.0,0.0,0.0,0.0,0.0,397.22,93.1
9823,0,0,0,0,0.0,0.0,0.0,0.0,0.0,0.0,707.93,212.54
9831,0,0,0,0,0.0,0.0,0.0,0.0,0.0,0.0,700.69,169.16
9832,0,0,0,0,0.0,0.0,0.0,0.0,0.0,0.0,635.9,209.24
9834,0,0,0,0,0.0,0.0,0.0,0.0,0.0,0.0,772.72,242.7
9841,0,0,0,0,0.0,0.0,0.0,0.0,0.0,0.0,280.88,71.25
9842,0,0,0,0,0.0,0.0,0.0,0.0,0.0,0.0,499.08,92.3
9846,0,0,0,0,0.0,0.0,0.0,0.0,0.0,0.0,878.83,301.68
9848,0,0,0,0,0.0,0.0,0.0,0.0,0.0,0.0,916.78,284.33
9859,0,0,0,0,0.0,0.0,0.0,0.0,0.0,0.0,600.95,170.69
9860,0,0,0,0,0.0,0.0,0.0,0.0,0.0,0.0,1122.63,201.54
9861,0,0,0,0,0.0,0.0,0.0,0.0,0.0,0.0,707.93,228.03
9864,0,0,0,0,0.0,0.0,0.0,0.0,0.0,0.0,871.59,158.89
9878,0,0,0,0,0.0,0.0,0.0,0.0,0.0,0.0,360.14,87.35
9898,0,0,0,0,0.0,0.0,0.0,0.0,0.0,0.0,1182.3,256.67
9901,0,0,0,0,0.0,0.0,0.0,0.0,0.0,0.0,330.31,83.69
9908,0,0,0,0,0.0,0.0,0.0,0.0,0.0,0.0,203.73,37.88
9909,0,0,0,0,0.0,0.0,0.0,0.0,0.0,0.0,613.31,224.99
9912,0,0,0,0,0.0,0.0,0.0,0.0,0.0,0.0,1415.86,334.23
9917,0,0,0,0,0.0,0.0,0.0,0.0,0.0,0.0,745.01,130.82
9920,0,0,0,0,0.0,0.0,0.0,0.0,0.0,0.0,670.86,226.91
9924,0,0,0,0,0.0,0.0,0.0,0.0,0.0,0.0,472.25,204.05
9925,0,0,0,0,0.0,0.0,0.0,0.0,0.0,0.0,918.9,169.02
9926,0,0,0,0,0.0,0.0,0.0,0.0,0.0,0.0,655.5,188.68
9929,0,0,0,0,0.0,0.0,0.0,0.0,0.0,0.0,588.59,189.26
9930,0,0,0,0,0.0,0.0,0.0,0.0,0.0,0.0,484.61,111.92
9935,0,0,0,0,0.0,0.0,0.0,0.0,0.0,0.0,660.62,135.01
9937,0,0,0,0,0.0,0.0,0.0,0.0,0.0,0.0,904.42,178.94
9950,0,0,0,0,0.0,0.0,0.0,0.0,0.0,0.0,653.38,122.86
9952,0,0,0,0,0.0,0.0,0.0,0.0,0.0,0.0,911.66,151.12
9959,0,0,0,0,0.0,0.0,0.0,0.0,0.0,0.0,258.28,67.74
9961,0,0,0,0,0.0,0.0,0.0,0.0,0.0,0.0,983.69,188.45
9973,0,0,0,0,0.0,0.0,0.0,0.0,0.0,0.0,541.28,173.4
9977,0,0,0,0,0.0,0.0,0.0,0.0,0.0,0.0,546.4,95.97
9984,0,0,0,0,0.0,0.0,0.0,0.0,0.0,0.0,449.65,119.07
9990,0,0,0,0,0.0,0.0,0.0,0.0,0.0,0.0,484.61,187.07
9993,0,0,0,0,0.0,0.0,0.0,0.0,0.0,0.0,672.98,133.37
9995,0,0,0,0,0.0,0.0,0.0,0.0,0.0,0.0,352.91,87.21
10003,0,0,0,0,0.0,0.0,0.0,0.0,0.0,0.0,1793.48,612.65
10008,0,0,0,0,0.0,0.0,0.0,0.0,0.0,0.0,1758.53,595.63
10013,0,0,0,0,0.0,0.0,0.0,0.0,0.0,0.0,305.59,51.18
10014,0,0,0,0,0.0,0.0,0.0,0.0,0.0,0.0,1445.7,388.1
10016,0,0,0,0,0.0,0.0,0.0,0.0,0.0,0.0,690.45,200.03
10024,0,0,0,0,0.0,0.0,0.0,0.0,0.0,0.0,1709.1,487.77
10028,0,0,0,0,0.0,0.0,0.0,0.0,0.0,0.0,467.13,84.0
10029,0,0,0,0,0.0,0.0,0.0,0.0,0.0,0.0,1124.75,484.34
10037,0,0,0,0,0.0,0.0,0.0,0.0,0.0,0.0,680.22,189.18
10056,0,0,0,0,0.0,0.0,0.0,0.0,0.0,0.0,678.1,199.12
10057,0,0,0,0,0.0,0.0,0.0,0.0,0.0,0.0,790.2,96.86
10066,0,0,0,0,0.0,0.0,0.0,0.0,0.0,0.0,1143.1,433.32
10070,0,0,0,0,0.0,0.0,0.0,0.0,0.0,0.0,558.75,108.81
10075,0,0,0,0,0.0,0.0,0.0,0.0,0.0,0.0,571.11,155.14
10082,0,0,0,0,0.0,0.0,0.0,0.0,0.0,0.0,462.01,81.61
10086,0,0,0,0,0.0,0.0,0.0,0.0,0.0,0.0,377.62,96.45
10088,0,0,0,0,0.0,0.0,0.0,0.0,0.0,0.0,1542.44,469.26
10092,0,0,0,0,0.0,0.0,0.0,0.0,0.0,0.0,886.94,188.17
10093,0,0,0,0,0.0,0.0,0.0,0.0,0.0,0.0,514.44,76.18
10101,0,0,0,0,0.0,0.0,0.0,0.0,0.0,0.0,469.25,126.67
10105,0,0,0,0,0.0,0.0,0.0,0.0,0.0,0.0,330.31,82.27
10116,0,0,0,0,0.0,0.0,0.0,0.0,0.0,0.0,1100.91,415.46
10150,0,0,0,0,0.0,0.0,0.0,0.0,0.0,0.0,496.96,134.95
10174,0,0,0,0,0.0,0.0,0.0,0.0,0.0,0.0,509.32,98.7
10188,0,0,0,0,0.0,0.0,0.0,0.0,0.0,0.0,1711.22,605.21
10190,0,0,0,0,0.0,0.0,0.0,0.0,0.0,0.0,1284.16,297.99
10194,0,0,0,0,0.0,0.0,0.0,0.0,0.0,0.0,653.38,119.1
10206,0,0,0,0,0.0,0.0,0.0,0.0,0.0,0.0,1229.61,310.72
10207,0,0,0,0,0.0,0.0,0.0,0.0,0.0,0.0,633.78,153.33
10220,0,0,0,0,0.0,0.0,0.0,0.0,0.0,0.0,996.05,206.04
10232,0,0,0,0,0.0,0.0,0.0,0.0,0.0,0.0,1505.37,477.38
10250,0,0,0,0,0.0,0.0,0.0,0.0,0.0,0.0,504.2,70.49
10255,0,0,0,0,0.0,0.0,0.0,0.0,0.0,0.0,534.04,116.4
10258,0,0,0,0,0.0,0.0,0.0,0.0,0.0,0.0,454.77,71.87
10266,0,0,0,0,0.0,0.0,0.0,0.0,0.0,0.0,342.67,79.83
10269,0,0,0,0,0.0,0.0,0.0,0.0,0.0,0.0,534.04,107.62
10270,0,0,0,0,0.0,0.0,0.0,0.0,0.0,0.0,454.77,85.61
10286,0,0,0,0,0.0,0.0,0.0,0.0,0.0,0.0,312.83,47.66
10296,0,0,0,0,0.0,0.0,0.0,0.0,0.0,0.0,563.87,104.35
10303,0,0,0,0,0.0,0.0,0.0,0.0,0.0,0.0,1403.5,490.99
10321,0,0,0,0,0.0,0.0,0.0,0.0,0.0,0.0,1907.71,586.96
10322,0,0,0,0,0.0,0.0,0.0,0.0,0.0,0.0,1229.61,294.18
10346,0,0,0,0,0.0,0.0,0.0,0.0,0.0,0.0,382.74,67.17
10349,0,0,0,0,0.0,0.0,0.0,0.0,0.0,0.0,360.14,65.37
10350,0,0,0,0,0.0,0.0,0.0,0.0,0.0,0.0,1440.58,485.76
10354,0,0,0,0,0.0,0.0,0.0,0.0,0.0,0.0,454.77,87.18
10370,0,0,0,0,0.0,0.0,0.0,0.0,0.0,0.0,509.32,83.95
10390,0,0,0,0,0.0,0.0,0.0,0.0,0.0,0.0,1949.9,559.56
10399,0,0,0,0,0.0,0.0,0.0,0.0,0.0,0.0,417.7,164.3
10401,0,0,0,0,0.0,0.0,0.0,0.0,0.0,0.0,1038.24,368.82
10424,0,0,0,0,0.0,0.0,0.0,0.0,0.0,0.0,556.63,104.22
10425,0,0,0,0,0.0,0.0,0.0,0.0,0.0,0.0,678.1,126.6
10434,0,0,0,0,0.0,0.0,0.0,0.0,0.0,0.0,479.49,135.67
10447,0,0,0,0,0.0,0.0,0.0,0.0,0.0,0.0,616.3,186.38
10468,0,0,0,0,0.0,0.0,0.0,0.0,0.0,0.0,1190.42,522.35
10473,0,0,0,0,0.0,0.0,0.0,0.0,0.0,0.0,700.69,129.97
10497,0,0,0,0,0.0,0.0,0.0,0.0,0.0,0.0,581.35,166.25
10505,0,0,0,0,0.0,0.0,0.0,0.0,0.0,0.0,526.8,75.81
10511,0,0,0,0,0.0,0.0,0.0,0.0,0.0,0.0,360.14,115.09
10527,0,0,0,0,0.0,0.0,0.0,0.0,0.0,0.0,444.53,96.37
10529,0,0,0,0,0.0,0.0,0.0,0.0,0.0,0.0,1294.4,536.44
10545,0,0,0,0,0.0,0.0,0.0,0.0,0.0,0.0,489.72,93.66
10549,0,0,0,0,0.0,0.0,0.0,0.0,0.0,0.0,1127.75,348.93
10559,0,0,0,0,0.0,0.0,0.0,0.0,0.0,0.0,1264.57,515.29
10567,0,0,0,0,0.0,0.0,0.0,0.0,0.0,0.0,424.93,79.29
10591,0,0,0,0,0.0,0.0,0.0,0.0,0.0,0.0,268.52,98.64
10597,0,0,0,0,0.0,0.0,0.0,0.0,0.0,0.0,491.84,111.72
10625,0,0,0,0,0.0,0.0,0.0,0.0,0.0,0.0,161.54,79.62
10633,0,0,0,0,0.0,0.0,0.0,0.0,0.0,0.0,496.96,122.53
10642,0,0,0,0,0.0,0.0,0.0,0.0,0.0,0.0,233.56,103.88
10659,0,0,0,0,0.0,0.0,0.0,0.0,0.0,0.0,526.8,138.13
10672,0,0,0,0,0.0,0.0,0.0,0.0,0.0,0.0,1120.51,482.97
10673,0,0,0,0,0.0,0.0,0.0,0.0,0.0,0.0,628.66,130.92
10718,0,0,0,0,0.0,0.0,0.0,0.0,0.0,0.0,1224.49,490.84
10726,0,0,0,0,0.0,0.0,0.0,0.0,0.0,0.0,988.81,292.51
10734,0,0,0,0,0.0,0.0,0.0,0.0,0.0,0.0,534.04,101.38
10736,0,0,0,0,0.0,0.0,0.0,0.0,0.0,0.0,762.48,288.87
10744,0,0,0,0,0.0,0.0,0.0,0.0,0.0,0.0,1336.59,327.2
10765,0,0,0,0,0.0,0.0,0.0,0.0,0.0,0.0,484.61,133.61
10780,0,0,0,0,0.0,0.0,0.0,0.0,0.0,0.0,516.56,203.98
10782,0,0,0,0,0.0,0.0,0.0,0.0,0.0,0.0,1167.82,345.93
10802,0,0,0,0,0.0,0.0,0.0,0.0,0.0,0.0,430.05,101.21
10804,0,0,0,0,0.0,0.0,0.0,0.0,0.0,0.0,454.77,92.66
10805,0,0,0,0,0.0,0.0,0.0,0.0,0.0,0.0,1522.85,389.11
10834,0,0,0,0,0.0,0.0,0.0,0.0,0.0,0.0,1631.95,569.35
10841,0,0,0,0,0.0,0.0,0.0,0.0,0.0,0.0,407.46,104.81
10844,0,0,0,0,0.0,0.0,0.0,0.0,0.0,0.0,521.68,118.52
10852,0,0,0,0,0.0,0.0,0.0,0.0,0.0,0.0,1252.21,222.65
10861,0,0,0,0,0.0,0.0,0.0,0.0,0.0,0.0,1515.61,446.1
10893,0,0,0,0,0.0,0.0,0.0,0.0,0.0,0.0,407.46,115.24
10896,0,0,0,0,0.0,0.0,0.0,0.0,0.0,0.0,412.58,106.37
10911,0,0,0,0,0.0,0.0,0.0,0.0,0.0,0.0,820.03,168.94
10915,0,0,0,0,0.0,0.0,0.0,0.0,0.0,0.0,628.66,190.16
10928,0,0,0,0,0.0,0.0,0.0,0.0,0.0,0.0,144.06,42.58
10936,0,0,0,0,0.0,0.0,0.0,0.0,0.0,0.0,675.98,122.45
10946,0,0,0,0,0.0,0.0,0.0,0.0,0.0,0.0,186.25,65.69
10951,0,0,0,0,0.0,0.0,0.0,0.0,0.0,0.0,1701.86,593.12
10954,0,0,0,0,0.0,0.0,0.0,0.0,0.0,0.0,191.37,79.06
10956,0,0,0,0,0.0,0.0,0.0,0.0,0.0,0.0,1115.39,283.08
10961,0,0,0,0,0.0,0.0,0.0,0.0,0.0,0.0,1426.1,355.9
10973,0,0,0,0,0.0,0.0,0.0,0.0,0.0,0.0,283.0,71.73
11017,0,0,0,0,0.0,0.0,0.0,0.0,0.0,0.0,467.13,87.83
11027,0,0,0,0,0.0,0.0,0.0,0.0,0.0,0.0,1773.89,575.42
11033,0,0,0,0,0.0,0.0,0.0,0.0,0.0,0.0,1647.31,489.82
11041,0,0,0,0,0.0,0.0,0.0,0.0,0.0,0.0,1582.52,492.33
11047,0,0,0,0,0.0,0.0,0.0,0.0,0.0,0.0,347.79,81.24
11060,0,0,0,0,0.0,0.0,0.0,0.0,0.0,0.0,1545.44,484.13
11065,0,0,0,0,0.0,0.0,0.0,0.0,0.0,0.0,1654.55,566.03
11066,0,0,0,0,0.0,0.0,0.0,0.0,0.0,0.0,1766.65,555.2
11073,0,0,0,0,0.0,0.0,0.0,0.0,0.0,0.0,432.17,95.35
11075,0,0,0,0,0.0,0.0,0.0,0.0,0.0,0.0,1736.81,516.56
11076,0,0,0,0,0.0,0.0,0.0,0.0,0.0,0.0,1055.72,357.82
11092,0,0,0,0,0.0,0.0,0.0,0.0,0.0,0.0,203.73,36.38
11097,0,0,0,0,0.0,0.0,0.0,0.0,0.0,0.0,551.52,118.94
11099,0,0,0,0,0.0,0.0,0.0,0.0,0.0,0.0,1164.82,485.11
11111,0,0,0,0,0.0,0.0,0.0,0.0,0.0,0.0,377.62,94.71
11112,0,0,0,0,0.0,0.0,0.0,0.0,0.0,0.0,1766.65,546.93
11121,0,0,0,0,0.0,0.0,0.0,0.0,0.0,0.0,186.25,36.34
11125,0,0,0,0,0.0,0.0,0.0,0.0,0.0,0.0,1145.22,421.56
11137,0,0,0,0,0.0,0.0,0.0,0.0,0.0,0.0,1779.01,533.35
11143,0,0,0,0,0.0,0.0,0.0,0.0,0.0,0.0,757.36,244.31
11147,0,0,0,0,0.0,0.0,0.0,0.0,0.0,0.0,1326.36,535.89
11150,0,0,0,0,0.0,0.0,0.0,0.0,0.0,0.0,382.74,84.16
11154,0,0,0,0,0.0,0.0,0.0,0.0,0.0,0.0,1120.51,386.04
11156,0,0,0,0,0.0,0.0,0.0,0.0,0.0,0.0,1083.43,373.93
11157,0,0,0,0,0.0,0.0,0.0,0.0,0.0,0.0,938.5,263.24
11159,0,0,0,0,0.0,0.0,0.0,0.0,0.0,0.0,1247.09,539.74
11161,0,0,0,0,0.0,0.0,0.0,0.0,0.0,0.0,377.62,100.03
11169,0,0,0,0,0.0,0.0,0.0,0.0,0.0,0.0,943.62,299.81
11177,0,0,0,0,0.0,0.0,0.0,0.0,0.0,0.0,558.75,134.61
11211,0,0,0,0,0.0,0.0,0.0,0.0,0.0,0.0,1050.6,245.28
11233,0,0,0,0,0.0,0.0,0.0,0.0,0.0,0.0,1038.24,280.78
11235,0,0,0,0,0.0,0.0,0.0,0.0,0.0,0.0,1068.08,305.83
11240,0,0,0,0,0.0,0.0,0.0,0.0,0.0,0.0,1380.91,497.12
11267,0,0,0,0,0.0,0.0,0.0,0.0,0.0,0.0,323.07,68.51
11271,0,0,0,0,0.0,0.0,0.0,0.0,0.0,0.0,462.01,87.89
11323,0,0,0,0,0.0,0.0,0.0,0.0,0.0,0.0,384.86,76.0
11328,0,0,0,0,0.0,0.0,0.0,0.0,0.0,0.0,1480.65,391.28
11329,0,0,0,0,0.0,0.0,0.0,0.0,0.0,0.0,1229.61,272.85
11345,0,0,0,0,0.0,0.0,0.0,0.0,0.0,0.0,846.87,196.26
11355,0,0,0,0,0.0,0.0,0.0,0.0,0.0,0.0,1118.39,268.26
11357,0,0,0,0,0.0,0.0,0.0,0.0,0.0,0.0,1287.16,382.51
11369,0,0,0,0,0.0,0.0,0.0,0.0,0.0,0.0,516.56,216.34
11414,0,0,0,0,0.0,0.0,0.0,0.0,0.0,0.0,2300.69,517.9
11430,0,0,0,0,0.0,0.0,0.0,0.0,0.0,0.0,1343.83,316.13
11431,0,0,0,0,0.0,0.0,0.0,0.0,0.0,0.0,635.9,299.04
11441,0,0,0,0,0.0,0.0,0.0,0.0,0.0,0.0,2223.54,513.11
11448,0,0,0,0,0.0,0.0,0.0,0.0,0.0,0.0,496.96,86.97
11457,0,0,0,0,0.0,0.0,0.0,0.0,0.0,0.0,966.21,243.84
11458,0,0,0,0,0.0,0.0,0.0,0.0,0.0,0.0,1043.36,283.77
11469,0,0,0,0,0.0,0.0,0.0,0.0,0.0,0.0,2300.69,525.42
11470,0,0,0,0,0.0,0.0,0.0,0.0,0.0,0.0,2432.39,509.8
11490,0,0,0,0,0.0,0.0,0.0,0.0,0.0,0.0,2283.21,498.33
11492,0,0,0,0,0.0,0.0,0.0,0.0,0.0,0.0,342.67,84.18
11493,0,0,0,0,0.0,0.0,0.0,0.0,0.0,0.0,419.82,80.38
11500,0,0,0,0,0.0,0.0,0.0,0.0,0.0,0.0,2444.74,528.94
11510,0,0,0,0,0.0,0.0,0.0,0.0,0.0,0.0,1008.41,316.24
11511,0,0,0,0,0.0,0.0,0.0,0.0,0.0,0.0,1542.44,336.32
11515,0,0,0,0,0.0,0.0,0.0,0.0,0.0,0.0,1085.55,275.65
11517,0,0,0,0,0.0,0.0,0.0,0.0,0.0,0.0,996.05,272.71
11519,0,0,0,0,0.0,0.0,0.0,0.0,0.0,0.0,1229.61,278.21
11524,0,0,0,0,0.0,0.0,0.0,0.0,0.0,0.0,635.9,224.95
11534,0,0,0,0,0.0,0.0,0.0,0.0,0.0,0.0,1110.27,295.33
11536,0,0,0,0,0.0,0.0,0.0,0.0,0.0,0.0,1178.06,352.17
11544,0,0,0,0,0.0,0.0,0.0,0.0,0.0,0.0,1661.79,367.74
11545,0,0,0,0,0.0,0.0,0.0,0.0,0.0,0.0,484.61,90.98
11546,0,0,0,0,0.0,0.0,0.0,0.0,0.0,0.0,1323.36,355.58
11555,0,0,0,0,0.0,0.0,0.0,0.0,0.0,0.0,1023.76,287.12
11556,0,0,0,0,0.0,0.0,0.0,0.0,0.0,0.0,1711.22,402.25
11559,0,0,0,0,0.0,0.0,0.0,0.0,0.0,0.0,414.7,93.64
11563,0,0,0,0,0.0,0.0,0.0,0.0,0.0,0.0,419.82,161.31
11565,0,0,0,0,0.0,0.0,0.0,0.0,0.0,0.0,1430.34,488.31
11566,0,0,0,0,0.0,0.0,0.0,0.0,0.0,0.0,1212.13,238.09
11570,0,0,0,0,0.0,0.0,0.0,0.0,0.0,0.0,1001.17,277.53
11573,0,0,0,0,0.0,0.0,0.0,0.0,0.0,0.0,1018.64,271.21
11574,0,0,0,0,0.0,0.0,0.0,0.0,0.0,0.0,251.04,75.62
11576,0,0,0,0,0.0,0.0,0.0,0.0,0.0,0.0,1455.06,422.82
11581,0,0,0,0,0.0,0.0,0.0,0.0,0.0,0.0,293.23,65.0
11582,0,0,0,0,0.0,0.0,0.0,0.0,0.0,0.0,1351.07,263.91
11588,0,0,0,0,0.0,0.0,0.0,0.0,0.0,0.0,1036.12,267.51
11591,0,0,0,0,0.0,0.0,0.0,0.0,0.0,0.0,365.26,135.4
11600,0,0,0,0,0.0,0.0,0.0,0.0,0.0,0.0,263.4,69.25
11603,0,0,0,0,0.0,0.0,0.0,0.0,0.0,0.0,1071.07,264.85
11606,0,0,0,0,0.0,0.0,0.0,0.0,0.0,0.0,467.13,155.57
11607,0,0,0,0,0.0,0.0,0.0,0.0,0.0,0.0,1023.76,326.63
11608,0,0,0,0,0.0,0.0,0.0,0.0,0.0,0.0,454.77,316.07
11609,0,0,0,0,0.0,0.0,0.0,0.0,0.0,0.0,1591.88,386.7
11611,0,0,0,0,0.0,0.0,0.0,0.0,0.0,0.0,1018.64,187.68
11615,0,0,0,0,0.0,0.0,0.0,0.0,0.0,0.0,288.12,64.87
11617,0,0,0,0,0.0,0.0,0.0,0.0,0.0,0.0,1514.73,320.5
11619,0,0,0,0,0.0,0.0,0.0,0.0,0.0,0.0,1813.08,415.95
11620,0,0,0,0,0.0,0.0,0.0,0.0,0.0,0.0,504.2,130.94
11622,0,0,0,0,0.0,0.0,0.0,0.0,0.0,0.0,1345.95,264.29
11624,0,0,0,0,0.0,0.0,0.0,0.0,0.0,0.0,347.79,137.63
11626,0,0,0,0,0.0,0.0,0.0,0.0,0.0,0.0,1298.64,386.68
11629,0,0,0,0,0.0,0.0,0.0,0.0,0.0,0.0,89.51,44.52
11642,0,0,0,0,0.0,0.0,0.0,0.0,0.0,0.0,1247.09,280.75
11643,0,0,0,0,0.0,0.0,0.0,0.0,0.0,0.0,1301.64,321.45
11653,0,0,0,0,0.0,0.0,0.0,0.0,0.0,0.0,1723.58,439.71
11656,0,0,0,0,0.0,0.0,0.0,0.0,0.0,0.0,1259.45,312.23
11661,0,0,0,0,0.0,0.0,0.0,0.0,0.0,0.0,263.4,50.38
11668,0,0,0,0,0.0,0.0,0.0,0.0,0.0,0.0,1920.07,431.46
11669,0,0,0,0,0.0,0.0,0.0,0.0,0.0,0.0,2088.84,437.0
11683,0,0,0,0,0.0,0.0,0.0,0.0,0.0,0.0,1321.24,263.68
11693,0,0,0,0,0.0,0.0,0.0,0.0,0.0,0.0,1890.23,435.18
11698,0,0,0,0,0.0,0.0,0.0,0.0,0.0,0.0,1877.87,421.56
11706,0,0,0,0,0.0,0.0,0.0,0.0,0.0,0.0,2101.2,431.13
11717,0,0,0,0,0.0,0.0,0.0,0.0,0.0,0.0,1363.43,438.27
11719,0,0,0,0,0.0,0.0,0.0,0.0,0.0,0.0,1368.55,333.3
11727,0,0,0,0,0.0,0.0,0.0,0.0,0.0,0.0,1619.59,413.93
11747,0,0,0,0,0.0,0.0,0.0,0.0,0.0,0.0,1730.82,452.42
11805,0,0,0,0,0.0,0.0,0.0,0.0,0.0,0.0,1108.15,257.55
11810,0,0,0,0,0.0,0.0,0.0,0.0,0.0,0.0,889.06,172.68
11813,0,0,0,0,0.0,0.0,0.0,0.0,0.0,0.0,546.4,102.51
11814,0,0,0,0,0.0,0.0,0.0,0.0,0.0,0.0,221.21,43.72
11823,0,0,0,0,0.0,0.0,0.0,0.0,0.0,0.0,797.44,156.11
11831,0,0,0,0,0.0,0.0,0.0,0.0,0.0,0.0,985.81,204.43
11832,0,0,0,0,0.0,0.0,0.0,0.0,0.0,0.0,1306.76,242.66
11837,0,0,0,0,0.0,0.0,0.0,0.0,0.0,0.0,1549.68,340.62
11839,0,0,0,0,0.0,0.0,0.0,0.0,0.0,0.0,1197.66,303.52
11844,0,0,0,0,0.0,0.0,0.0,0.0,0.0,0.0,173.89,51.52
11846,0,0,0,0,0.0,0.0,0.0,0.0,0.0,0.0,1669.02,394.7
11847,0,0,0,0,0.0,0.0,0.0,0.0,0.0,0.0,1855.28,447.28
11848,0,0,0,0,0.0,0.0,0.0,0.0,0.0,0.0,745.01,210.52
11849,0,0,0,0,0.0,0.0,0.0,0.0,0.0,0.0,1150.34,262.04
11853,0,0,0,0,0.0,0.0,0.0,0.0,0.0,0.0,161.54,44.09
11862,0,0,0,0,0.0,0.0,0.0,0.0,0.0,0.0,352.91,68.75
11869,0,0,0,0,0.0,0.0,0.0,0.0,0.0,0.0,293.23,105.05
11879,0,0,0,0,0.0,0.0,0.0,0.0,0.0,0.0,688.33,207.32
11884,0,0,0,0,0.0,0.0,0.0,0.0,0.0,0.0,424.93,91.29
11889,0,0,0,0,0.0,0.0,0.0,0.0,0.0,0.0,328.19,131.06
11890,0,0,0,0,0.0,0.0,0.0,0.0,0.0,0.0,1090.67,261.66
11896,0,0,0,0,0.0,0.0,0.0,0.0,0.0,0.0,233.56,47.95
11897,0,0,0,0,0.0,0.0,0.0,0.0,0.0,0.0,1215.13,365.08
11910,0,0,0,0,0.0,0.0,0.0,0.0,0.0,0.0,1946.9,455.97
11918,0,0,0,0,0.0,0.0,0.0,0.0,0.0,0.0,1807.96,363.82
11919,0,0,0,0,0.0,0.0,0.0,0.0,0.0,0.0,462.01,143.16
11927,0,0,0,0,0.0,0.0,0.0,0.0,0.0,0.0,1934.54,446.46
11952,0,0,0,0,0.0,0.0,0.0,0.0,0.0,0.0,1748.29,422.76
11953,0,0,0,0,0.0,0.0,0.0,0.0,0.0,0.0,1688.62,420.37
11954,0,0,0,0,0.0,0.0,0.0,0.0,0.0,0.0,993.93,244.59
11955,0,0,0,0,0.0,0.0,0.0,0.0,0.0,0.0,658.5,187.47
11957,0,0,0,0,0.0,0.0,0.0,0.0,0.0,0.0,1428.22,391.67
11960,0,0,0,0,0.0,0.0,0.0,0.0,0.0,0.0,491.84,69.4
11965,0,0,0,0,0.0,0.0,0.0,0.0,0.0,0.0,842.63,189.13
11966,0,0,0,0,0.0,0.0,0.0,0.0,0.0,0.0,1105.15,255.87
11972,0,0,0,0,0.0,0.0,0.0,0.0,0.0,0.0,809.8,319.16
11973,0,0,0,0,0.0,0.0,0.0,0.0,0.0,0.0,1125.63,257.69
11974,0,0,0,0,0.0,0.0,0.0,0.0,0.0,0.0,1080.43,268.98
11975,0,0,0,0,0.0,0.0,0.0,0.0,0.0,0.0,581.35,183.05
11982,0,0,0,0,0.0,0.0,0.0,0.0,0.0,0.0,1460.18,384.35
12000,0,0,0,0,0.0,0.0,0.0,0.0,0.0,0.0,1319.12,521.2
12005,0,0,0,0,0.0,0.0,0.0,0.0,0.0,0.0,943.62,256.8
12010,0,0,0,0,0.0,0.0,0.0,0.0,0.0,0.0,330.31,143.66
12012,0,0,0,0,0.0,0.0,0.0,0.0,0.0,0.0,1405.62,514.17
12020,0,0,0,0,0.0,0.0,0.0,0.0,0.0,0.0,1433.34,409.63
12021,0,0,0,0,0.0,0.0,0.0,0.0,0.0,0.0,1363.43,353.94
12029,0,0,0,0,0.0,0.0,0.0,0.0,0.0,0.0,1060.84,334.66
12034,0,0,0,0,0.0,0.0,0.0,0.0,0.0,0.0,1338.71,398.46
12038,0,0,0,0,0.0,0.0,0.0,0.0,0.0,0.0,491.84,94.06
12041,0,0,0,0,0.0,0.0,0.0,0.0,0.0,0.0,1291.4,242.66
12042,0,0,0,0,0.0,0.0,0.0,0.0,0.0,0.0,1706.1,428.3
12043,0,0,0,0,0.0,0.0,0.0,0.0,0.0,0.0,1234.73,345.37
12046,0,0,0,0,0.0,0.0,0.0,0.0,0.0,0.0,1417.98,386.06
12055,0,0,0,0,0.0,0.0,0.0,0.0,0.0,0.0,1497.25,390.42
12056,0,0,0,0,0.0,0.0,0.0,0.0,0.0,0.0,1686.5,393.42
12057,0,0,0,0,0.0,0.0,0.0,0.0,0.0,0.0,1204.89,276.13
12059,0,0,0,0,0.0,0.0,0.0,0.0,0.0,0.0,1008.41,257.48
12060,0,0,0,0,0.0,0.0,0.0,0.0,0.0,0.0,1442.7,394.43
12068,0,0,0,0,0.0,0.0,0.0,0.0,0.0,0.0,539.16,96.15
12076,0,0,0,0,0.0,0.0,0.0,0.0,0.0,0.0,971.33,266.04
12080,0,0,0,0,0.0,0.0,0.0,0.0,0.0,0.0,419.82,77.77
12093,0,0,0,0,0.0,0.0,0.0,0.0,0.0,0.0,1143.1,255.31
12095,0,0,0,0,0.0,0.0,0.0,0.0,0.0,0.0,931.26,245.55
12096,0,0,0,0,0.0,0.0,0.0,0.0,0.0,0.0,988.81,250.03
12099,0,0,0,0,0.0,0.0,0.0,0.0,0.0,0.0,1624.71,536.46
12105,0,0,0,0,0.0,0.0,0.0,0.0,0.0,0.0,1582.52,514.9
12122,0,0,0,0,0.0,0.0,0.0,0.0,0.0,0.0,479.49,84.38
12123,0,0,0,0,0.0,0.0,0.0,0.0,0.0,0.0,625.66,139.18
12124,0,0,0,0,0.0,0.0,0.0,0.0,0.0,0.0,832.39,203.75
12131,0,0,0,0,0.0,0.0,0.0,0.0,0.0,0.0,2267.85,410.14
12134,0,0,0,0,0.0,0.0,0.0,0.0,0.0,0.0,618.43,114.86
12153,0,0,0,0,0.0,0.0,0.0,0.0,0.0,0.0,1577.4,518.8
12156,0,0,0,0,0.0,0.0,0.0,0.0,0.0,0.0,1013.52,258.12
12159,0,0,0,0,0.0,0.0,0.0,0.0,0.0,0.0,2243.14,405.52
12165,0,0,0,0,0.0,0.0,0.0,0.0,0.0,0.0,275.76,70.65
12167,0,0,0,0,0.0,0.0,0.0,0.0,0.0,0.0,862.23,208.78
12169,0,0,0,0,0.0,0.0,0.0,0.0,0.0,0.0,2486.94,461.36
12182,0,0,0,0,0.0,0.0,0.0,0.0,0.0,0.0,499.08,235.67
12194,0,0,0,0,0.0,0.0,0.0,0.0,0.0,0.0,1033.12,254.19
12196,0,0,0,0,0.0,0.0,0.0,0.0,0.0,0.0,911.66,199.76
12197,0,0,0,0,0.0,0.0,0.0,0.0,0.0,0.0,906.54,190.05
12198,0,0,0,0,0.0,0.0,0.0,0.0,0.0,0.0,191.37,36.89
12199,0,0,0,0,0.0,0.0,0.0,0.0,0.0,0.0,1316.12,409.71
12202,0,0,0,0,0.0,0.0,0.0,0.0,0.0,0.0,2492.06,457.5
12218,0,0,0,0,0.0,0.0,0.0,0.0,0.0,0.0,2260.61,404.87
12221,0,0,0,0,0.0,0.0,0.0,0.0,0.0,0.0,2583.68,468.29
12228,0,0,0,0,0.0,0.0,0.0,0.0,0.0,0.0,2011.69,379.74
12229,0,0,0,0,0.0,0.0,0.0,0.0,0.0,0.0,1785.37,347.92
12230,0,0,0,0,0.0,0.0,0.0,0.0,0.0,0.0,1177.18,357.11
12231,0,0,0,0,0.0,0.0,0.0,0.0,0.0,0.0,1294.4,431.51
12240,0,0,0,0,0.0,0.0,0.0,0.0,0.0,0.0,1470.41,455.43
12241,0,0,0,0,0.0,0.0,0.0,0.0,0.0,0.0,983.69,209.97
12242,0,0,0,0,0.0,0.0,0.0,0.0,0.0,0.0,899.3,194.85
12251,0,0,0,0,0.0,0.0,0.0,0.0,0.0,0.0,1874.87,362.8
12260,0,0,0,0,0.0,0.0,0.0,0.0,0.0,0.0,1178.06,231.89
12261,0,0,0,0,0.0,0.0,0.0,0.0,0.0,0.0,1262.45,244.57
12265,0,0,0,0,0.0,0.0,0.0,0.0,0.0,0.0,1346.83,491.22
12269,0,0,0,0,0.0,0.0,0.0,0.0,0.0,0.0,2561.09,457.89
12274,0,0,0,0,0.0,0.0,0.0,0.0,0.0,0.0,221.21,48.72
12280,0,0,0,0,0.0,0.0,0.0,0.0,0.0,0.0,1463.18,521.6
12281,0,0,0,0,0.0,0.0,0.0,0.0,0.0,0.0,1398.39,251.65
12284,0,0,0,0,0.0,0.0,0.0,0.0,0.0,0.0,300.47,106.41
12286,0,0,0,0,0.0,0.0,0.0,0.0,0.0,0.0,1607.23,541.64
12287,0,0,0,0,0.0,0.0,0.0,0.0,0.0,0.0,1296.52,513.35
12288,0,0,0,0,0.0,0.0,0.0,0.0,0.0,0.0,1480.65,512.99
12290,0,0,0,0,0.0,0.0,0.0,0.0,0.0,0.0,1351.07,261.42
12292,0,0,0,0,0.0,0.0,0.0,0.0,0.0,0.0,909.54,177.28
12293,0,0,0,0,0.0,0.0,0.0,0.0,0.0,0.0,2280.21,443.16
12295,0,0,0,0,0.0,0.0,0.0,0.0,0.0,0.0,1634.95,274.74
12302,0,0,0,0,0.0,0.0,0.0,0.0,0.0,0.0,1152.46,343.87
12304,0,0,0,0,0.0,0.0,0.0,0.0,0.0,0.0,1202.77,221.8
12312,0,0,0,0,0.0,0.0,0.0,0.0,0.0,0.0,1304.64,322.38
12321,0,0,0,0,0.0,0.0,0.0,0.0,0.0,0.0,1838.68,335.93
12325,0,0,0,0,0.0,0.0,0.0,0.0,0.0,0.0,1401.38,519.64
12330,0,0,0,0,0.0,0.0,0.0,0.0,0.0,0.0,762.48,139.93
12332,0,0,0,0,0.0,0.0,0.0,0.0,0.0,0.0,760.36,332.76
12333,0,0,0,0,0.0,0.0,0.0,0.0,0.0,0.0,335.43,99.09
12341,0,0,0,0,0.0,0.0,0.0,0.0,0.0,0.0,523.8,103.71
12346,0,0,0,0,0.0,0.0,0.0,0.0,0.0,0.0,1311.88,247.05
12349,0,0,0,0,0.0,0.0,0.0,0.0,0.0,0.0,2302.81,441.45
12356,0,0,0,0,0.0,0.0,0.0,0.0,0.0,0.0,1264.57,451.44
12357,0,0,0,0,0.0,0.0,0.0,0.0,0.0,0.0,1134.99,334.41
12358,0,0,0,0,0.0,0.0,0.0,0.0,0.0,0.0,978.57,217.58
12359,0,0,0,0,0.0,0.0,0.0,0.0,0.0,0.0,565.99,143.1
12368,0,0,0,0,0.0,0.0,0.0,0.0,0.0,0.0,1217.25,481.12
12369,0,0,0,0,0.0,0.0,0.0,0.0,0.0,0.0,1197.66,231.05
12370,0,0,0,0,0.0,0.0,0.0,0.0,0.0,0.0,1172.94,231.78
12371,0,0,0,0,0.0,0.0,0.0,0.0,0.0,0.0,384.86,122.94
12376,0,0,0,0,0.0,0.0,0.0,0.0,0.0,0.0,1321.24,255.08
12384,0,0,0,0,0.0,0.0,0.0,0.0,0.0,0.0,1702.74,435.59
12400,0,0,0,0,0.0,0.0,0.0,0.0,0.0,0.0,1468.29,267.87
12406,0,0,0,0,0.0,0.0,0.0,0.0,0.0,0.0,1145.22,306.24
12409,0,0,0,0,0.0,0.0,0.0,0.0,0.0,0.0,1507.49,259.65
12418,0,0,0,0,0.0,0.0,0.0,0.0,0.0,0.0,389.98,107.26
12428,0,0,0,0,0.0,0.0,0.0,0.0,0.0,0.0,983.69,220.9
12436,0,0,0,0,0.0,0.0,0.0,0.0,0.0,0.0,1212.13,220.68
12438,0,0,0,0,0.0,0.0,0.0,0.0,0.0,0.0,1908.59,531.53
12443,0,0,0,0,0.0,0.0,0.0,0.0,0.0,0.0,795.32,156.89
12453,0,0,0,0,0.0,0.0,0.0,0.0,0.0,0.0,1480.65,271.66
12454,0,0,0,0,0.0,0.0,0.0,0.0,0.0,0.0,1324.24,251.97
12458,0,0,0,0,0.0,0.0,0.0,0.0,0.0,0.0,479.49,109.97
12463,0,0,0,0,0.0,0.0,0.0,0.0,0.0,0.0,1943.54,511.01
12475,0,0,0,0,0.0,0.0,0.0,0.0,0.0,0.0,1739.81,374.74
12479,0,0,0,0,0.0,0.0,0.0,0.0,0.0,0.0,437.29,78.86
12480,0,0,0,0,0.0,0.0,0.0,0.0,0.0,0.0,1249.21,339.92
12484,0,0,0,0,0.0,0.0,0.0,0.0,0.0,0.0,881.82,214.4
12490,0,0,0,0,0.0,0.0,0.0,0.0,0.0,0.0,1559.92,269.53
12493,0,0,0,0,0.0,0.0,0.0,0.0,0.0,0.0,1990.85,461.54
12498,0,0,0,0,0.0,0.0,0.0,0.0,0.0,0.0,956.85,203.47
12501,0,0,0,0,0.0,0.0,0.0,0.0,0.0,0.0,983.69,189.52
12503,0,0,0,0,0.0,0.0,0.0,0.0,0.0,0.0,1714.22,264.49
12508,0,0,0,0,0.0,0.0,0.0,0.0,0.0,0.0,1530.09,528.94
12520,0,0,0,0,0.0,0.0,0.0,0.0,0.0,0.0,745.01,168.33
12531,0,0,0,0,0.0,0.0,0.0,0.0,0.0,0.0,1254.33,259.7
12534,0,0,0,0,0.0,0.0,0.0,0.0,0.0,0.0,999.05,196.23
12535,0,0,0,0,0.0,0.0,0.0,0.0,0.0,0.0,745.01,150.42
12536,0,0,0,0,0.0,0.0,0.0,0.0,0.0,0.0,941.5,217.5
12537,0,0,0,0,0.0,0.0,0.0,0.0,0.0,0.0,1065.96,225.76
12541,0,0,0,0,0.0,0.0,0.0,0.0,0.0,0.0,1510.49,244.44
12542,0,0,0,0,0.0,0.0,0.0,0.0,0.0,0.0,1143.1,230.91
12544,0,0,0,0,0.0,0.0,0.0,0.0,0.0,0.0,1303.76,361.57
12550,0,0,0,0,0.0,0.0,0.0,0.0,0.0,0.0,2097.84,538.64
12556,0,0,0,0,0.0,0.0,0.0,0.0,0.0,0.0,2105.07,547.96
12557,0,0,0,0,0.0,0.0,0.0,0.0,0.0,0.0,1463.18,285.94
12559,0,0,0,0,0.0,0.0,0.0,0.0,0.0,0.0,1192.54,260.37
12567,0,0,0,0,0.0,0.0,0.0,0.0,0.0,0.0,1654.55,545.76
12572,0,0,0,0,0.0,0.0,0.0,0.0,0.0,0.0,829.39,165.59
12575,0,0,0,0,0.0,0.0,0.0,0.0,0.0,0.0,1686.5,501.96
12584,0,0,0,0,0.0,0.0,0.0,0.0,0.0,0.0,1582.52,416.18
12587,0,0,0,0,0.0,0.0,0.0,0.0,0.0,0.0,1145.22,256.87
12602,0,0,0,0,0.0,0.0,0.0,0.0,0.0,0.0,2174.98,550.6
12607,0,0,0,0,0.0,0.0,0.0,0.0,0.0,0.0,750.12,145.81
12618,0,0,0,0,0.0,0.0,0.0,0.0,0.0,0.0,1269.68,270.16
12626,0,0,0,0,0.0,0.0,0.0,0.0,0.0,0.0,1428.22,389.54
12629,0,0,0,0,0.0,0.0,0.0,0.0,0.0,0.0,732.65,145.62
12631,0,0,0,0,0.0,0.0,0.0,0.0,0.0,0.0,1264.57,281.31
12654,0,0,0,0,0.0,0.0,0.0,0.0,0.0,0.0,702.81,149.34
12668,0,0,0,0,0.0,0.0,0.0,0.0,0.0,0.0,1071.07,286.51
12670,0,0,0,0,0.0,0.0,0.0,0.0,0.0,0.0,753.12,206.37
12677,0,0,0,0,0.0,0.0,0.0,0.0,0.0,0.0,161.54,22.31
12683,0,0,0,0,0.0,0.0,0.0,0.0,0.0,0.0,1554.8,442.11
12684,0,0,0,0,0.0,0.0,0.0,0.0,0.0,0.0,1770.89,555.04
12691,0,0,0,0,0.0,0.0,0.0,0.0,0.0,0.0,1567.16,340.88
12693,0,0,0,0,0.0,0.0,0.0,0.0,0.0,0.0,862.23,199.78
12696,0,0,0,0,0.0,0.0,0.0,0.0,0.0,0.0,1326.36,278.82
12708,0,0,0,0,0.0,0.0,0.0,0.0,0.0,0.0,976.45,198.63
12739,0,0,0,0,0.0,0.0,0.0,0.0,0.0,0.0,1291.4,278.79
12745,0,0,0,0,0.0,0.0,0.0,0.0,0.0,0.0,906.54,159.32
12747,0,0,0,0,0.0,0.0,0.0,0.0,0.0,0.0,983.69,238.24
12751,0,0,0,0,0.0,0.0,0.0,0.0,0.0,0.0,1169.94,281.21
12752,0,0,0,0,0.0,0.0,0.0,0.0,0.0,0.0,1080.43,304.07
12756,0,0,0,0,0.0,0.0,0.0,0.0,0.0,0.0,1122.63,273.89
12770,0,0,0,0,0.0,0.0,0.0,0.0,0.0,0.0,419.82,84.58
12775,0,0,0,0,0.0,0.0,0.0,0.0,0.0,0.0,1403.5,293.59
12779,0,0,0,0,0.0,0.0,0.0,0.0,0.0,0.0,1741.05,561.98
12780,0,0,0,0,0.0,0.0,0.0,0.0,0.0,0.0,1415.86,311.61
12788,0,0,0,0,0.0,0.0,0.0,0.0,0.0,0.0,1550.56,261.18
12790,0,0,0,0,0.0,0.0,0.0,0.0,0.0,0.0,869.47,165.76
12794,0,0,0,0,0.0,0.0,0.0,0.0,0.0,0.0,1122.63,230.78
12795,0,0,0,0,0.0,0.0,0.0,0.0,0.0,0.0,444.53,105.49
12806,0,0,0,0,0.0,0.0,0.0,0.0,0.0,0.0,999.05,201.99
12808,0,0,0,0,0.0,0.0,0.0,0.0,0.0,0.0,1152.46,271.92
12811,0,0,0,0,0.0,0.0,0.0,0.0,0.0,0.0,377.62,69.42
12816,0,0,0,0,0.0,0.0,0.0,0.0,0.0,0.0,955.97,233.72
12822,0,0,0,0,0.0,0.0,0.0,0.0,0.0,0.0,973.45,292.49
12830,0,0,0,0,0.0,0.0,0.0,0.0,0.0,0.0,1008.41,206.11
12833,0,0,0,0,0.0,0.0,0.0,0.0,0.0,0.0,456.89,143.3
12840,0,0,0,0,0.0,0.0,0.0,0.0,0.0,0.0,1060.84,186.83
12853,0,0,0,0,0.0,0.0,0.0,0.0,0.0,0.0,618.43,106.64
12862,0,0,0,0,0.0,0.0,0.0,0.0,0.0,0.0,384.86,96.42
12871,0,0,0,0,0.0,0.0,0.0,0.0,0.0,0.0,553.64,163.28
12882,0,0,0,0,0.0,0.0,0.0,0.0,0.0,0.0,1129.87,296.46
12886,0,0,0,0,0.0,0.0,0.0,0.0,0.0,0.0,1194.66,222.57
12894,0,0,0,0,0.0,0.0,0.0,0.0,0.0,0.0,1679.26,327.9
12897,0,0,0,0,0.0,0.0,0.0,0.0,0.0,0.0,1162.7,277.48
12899,0,0,0,0,0.0,0.0,0.0,0.0,0.0,0.0,1306.76,383.07
12901,0,0,0,0,0.0,0.0,0.0,0.0,0.0,0.0,1319.12,387.99
12902,0,0,0,0,0.0,0.0,0.0,0.0,0.0,0.0,869.47,160.29
12907,0,0,0,0,0.0,0.0,0.0,0.0,0.0,0.0,1045.48,371.03
12908,0,0,0,0,0.0,0.0,0.0,0.0,0.0,0.0,1182.3,376.31
12918,0,0,0,0,0.0,0.0,0.0,0.0,0.0,0.0,1187.42,265.01
12923,0,0,0,0,0.0,0.0,0.0,0.0,0.0,0.0,1147.34,304.97
12924,0,0,0,0,0.0,0.0,0.0,0.0,0.0,0.0,874.59,205.74
12931,0,0,0,0,0.0,0.0,0.0,0.0,0.0,0.0,742.89,211.83
12935,0,0,0,0,0.0,0.0,0.0,0.0,0.0,0.0,695.57,178.09
12938,0,0,0,0,0.0,0.0,0.0,0.0,0.0,0.0,710.93,200.54
12942,0,0,0,0,0.0,0.0,0.0,0.0,0.0,0.0,1055.72,372.74
12949,0,0,0,0,0.0,0.0,0.0,0.0,0.0,0.0,365.26,140.78
12950,0,0,0,0,0.0,0.0,0.0,0.0,0.0,0.0,1433.34,312.76
12953,0,0,0,0,0.0,0.0,0.0,0.0,0.0,0.0,1217.25,273.08
12954,0,0,0,0,0.0,0.0,0.0,0.0,0.0,0.0,1013.52,275.55
12963,0,0,0,0,0.0,0.0,0.0,0.0,0.0,0.0,1602.11,379.57
12984,0,0,0,0,0.0,0.0,0.0,0.0,0.0,0.0,1565.04,535.15
12989,0,0,0,0,0.0,0.0,0.0,0.0,0.0,0.0,944.49,265.03
12998,0,0,0,0,0.0,0.0,0.0,0.0,0.0,0.0,991.81,261.96
13001,0,0,0,0,0.0,0.0,0.0,0.0,0.0,0.0,1247.09,346.08
13002,0,0,0,0,0.0,0.0,0.0,0.0,0.0,0.0,1180.18,307.62
13005,0,0,0,0,0.0,0.0,0.0,0.0,0.0,0.0,1008.41,299.75
13010,0,0,0,0,0.0,0.0,0.0,0.0,0.0,0.0,641.02,152.44
13043,0,0,0,0,0.0,0.0,0.0,0.0,0.0,0.0,1269.68,320.0
13053,0,0,0,0,0.0,0.0,0.0,0.0,0.0,0.0,275.76,61.92
13055,0,0,0,0,0.0,0.0,0.0,0.0,0.0,0.0,1716.34,371.96
13061,0,0,0,0,0.0,0.0,0.0,0.0,0.0,0.0,1159.7,517.5
13069,0,0,0,0,0.0,0.0,0.0,0.0,0.0,0.0,1338.71,387.18
13072,0,0,0,0,0.0,0.0,0.0,0.0,0.0,0.0,658.5,176.29
13076,0,0,0,0,0.0,0.0,0.0,0.0,0.0,0.0,774.84,215.62
13078,0,0,0,0,0.0,0.0,0.0,0.0,0.0,0.0,894.18,218.3
13089,0,0,0,0,0.0,0.0,0.0,0.0,0.0,0.0,1212.13,297.67
13093,0,0,0,0,0.0,0.0,0.0,0.0,0.0,0.0,1073.2,206.82
13096,0,0,0,0,0.0,0.0,0.0,0.0,0.0,0.0,233.56,62.68
13101,0,0,0,0,0.0,0.0,0.0,0.0,0.0,0.0,1361.31,412.55
13113,0,0,0,0,0.0,0.0,0.0,0.0,0.0,0.0,1125.63,484.62
13129,0,0,0,0,0.0,0.0,0.0,0.0,0.0,0.0,1145.22,265.91
13135,0,0,0,0,0.0,0.0,0.0,0.0,0.0,0.0,395.1,71.64
13136,0,0,0,0,0.0,0.0,0.0,0.0,0.0,0.0,623.54,175.78
13138,0,0,0,0,0.0,0.0,0.0,0.0,0.0,0.0,1226.61,298.38
13140,0,0,0,0,0.0,0.0,0.0,0.0,0.0,0.0,792.32,232.85
13141,0,0,0,0,0.0,0.0,0.0,0.0,0.0,0.0,1418.86,279.99
13147,0,0,0,0,0.0,0.0,0.0,0.0,0.0,0.0,918.9,213.39
13149,0,0,0,0,0.0,0.0,0.0,0.0,0.0,0.0,1018.64,305.46
13160,0,0,0,0,0.0,0.0,0.0,0.0,0.0,0.0,688.33,152.98
13195,0,0,0,0,0.0,0.0,0.0,0.0,0.0,0.0,1287.16,504.68
13227,0,0,0,0,0.0,0.0,0.0,0.0,0.0,0.0,660.62,154.77
13228,0,0,0,0,0.0,0.0,0.0,0.0,0.0,0.0,820.03,197.41
13236,0,0,0,0,0.0,0.0,0.0,0.0,0.0,0.0,1055.72,293.92
13249,0,0,0,0,0.0,0.0,0.0,0.0,0.0,0.0,1157.58,298.7
13250,0,0,0,0,0.0,0.0,0.0,0.0,0.0,0.0,1753.41,393.06
13251,0,0,0,0,0.0,0.0,0.0,0.0,0.0,0.0,1468.29,269.42
13269,0,0,0,0,0.0,0.0,0.0,0.0,0.0,0.0,662.74,200.68
13275,0,0,0,0,0.0,0.0,0.0,0.0,0.0,0.0,1175.06,330.94
13276,0,0,0,0,0.0,0.0,0.0,0.0,0.0,0.0,827.27,211.8
13280,0,0,0,0,0.0,0.0,0.0,0.0,0.0,0.0,976.45,283.94
13329,0,0,0,0,0.0,0.0,0.0,0.0,0.0,0.0,1296.52,286.89
13339,0,0,0,0,0.0,0.0,0.0,0.0,0.0,0.0,799.56,238.92
13341,0,0,0,0,0.0,0.0,0.0,0.0,0.0,0.0,697.69,167.92
13346,0,0,0,0,0.0,0.0,0.0,0.0,0.0,0.0,700.69,195.65
13352,0,0,0,0,0.0,0.0,0.0,0.0,0.0,0.0,971.33,299.2
13356,0,0,0,0,0.0,0.0,0.0,0.0,0.0,0.0,360.14,178.77
13357,0,0,0,0,0.0,0.0,0.0,0.0,0.0,0.0,623.54,250.46
13358,0,0,0,0,0.0,0.0,0.0,0.0,0.0,0.0,1065.96,257.74
13361,0,0,0,0,0.0,0.0,0.0,0.0,0.0,0.0,528.92,162.1
13369,0,0,0,0,0.0,0.0,0.0,0.0,0.0,0.0,1527.96,357.12
13377,0,0,0,0,0.0,0.0,0.0,0.0,0.0,0.0,722.41,231.09
13390,0,0,0,0,0.0,0.0,0.0,0.0,0.0,0.0,1321.24,316.1
13393,0,0,0,0,0.0,0.0,0.0,0.0,0.0,0.0,894.18,263.27
13400,0,0,0,0,0.0,0.0,0.0,0.0,0.0,0.0,1085.55,283.6
13405,0,0,0,0,0.0,0.0,0.0,0.0,0.0,0.0,305.59,53.89
13410,0,0,0,0,0.0,0.0,0.0,0.0,0.0,0.0,1053.6,310.02
13411,0,0,0,0,0.0,0.0,0.0,0.0,0.0,0.0,653.38,155.22
13412,0,0,0,0,0.0,0.0,0.0,0.0,0.0,0.0,1289.28,498.45
13435,0,0,0,0,0.0,0.0,0.0,0.0,0.0,0.0,1060.84,310.66
13439,0,0,0,0,0.0,0.0,0.0,0.0,0.0,0.0,690.45,202.72
13440,0,0,0,0,0.0,0.0,0.0,0.0,0.0,0.0,990.93,345.23
13444,0,0,0,0,0.0,0.0,0.0,0.0,0.0,0.0,1157.58,208.91
13451,0,0,0,0,0.0,0.0,0.0,0.0,0.0,0.0,1229.61,381.14
13462,0,0,0,0,0.0,0.0,0.0,0.0,0.0,0.0,1204.89,261.56
13467,0,0,0,0,0.0,0.0,0.0,0.0,0.0,0.0,953.85,285.66
13468,0,0,0,0,0.0,0.0,0.0,0.0,0.0,0.0,1450.82,518.22
13490,0,0,0,0,0.0,0.0,0.0,0.0,0.0,0.0,1338.71,487.16
13500,0,0,0,0,0.0,0.0,0.0,0.0,0.0,0.0,600.95,191.27
13504,0,0,0,0,0.0,0.0,0.0,0.0,0.0,0.0,834.51,192.64
13513,0,0,0,0,0.0,0.0,0.0,0.0,0.0,0.0,1361.31,484.18
13517,0,0,0,0,0.0,0.0,0.0,0.0,0.0,0.0,983.69,287.98
13539,0,0,0,0,0.0,0.0,0.0,0.0,0.0,0.0,1143.1,221.45
13540,0,0,0,0,0.0,0.0,0.0,0.0,0.0,0.0,1818.2,425.4
13543,0,0,0,0,0.0,0.0,0.0,0.0,0.0,0.0,1073.2,401.05
13553,0,0,0,0,0.0,0.0,0.0,0.0,0.0,0.0,1018.64,302.21
13575,0,0,0,0,0.0,0.0,0.0,0.0,0.0,0.0,1259.45,311.41
13581,0,0,0,0,0.0,0.0,0.0,0.0,0.0,0.0,665.74,191.84
13609,0,0,0,0,0.0,0.0,0.0,0.0,0.0,0.0,491.84,167.94
13610,0,0,0,0,0.0,0.0,0.0,0.0,0.0,0.0,648.26,161.31
13626,0,0,0,0,0.0,0.0,0.0,0.0,0.0,0.0,549.39,188.27
13630,0,0,0,0,0.0,0.0,0.0,0.0,0.0,0.0,772.72,210.86
13636,0,0,0,0,0.0,0.0,0.0,0.0,0.0,0.0,653.38,188.18
13659,0,0,0,0,0.0,0.0,0.0,0.0,0.0,0.0,2369.72,413.52
13661,0,0,0,0,0.0,0.0,0.0,0.0,0.0,0.0,616.3,120.06
13664,0,0,0,0,0.0,0.0,0.0,0.0,0.0,0.0,825.15,202.65
13674,0,0,0,0,0.0,0.0,0.0,0.0,0.0,0.0,812.79,181.86
13679,0,0,0,0,0.0,0.0,0.0,0.0,0.0,0.0,730.53,133.82
13689,0,0,0,0,0.0,0.0,0.0,0.0,0.0,0.0,742.89,181.35
13690,0,0,0,0,0.0,0.0,0.0,0.0,0.0,0.0,792.32,236.73
13697,0,0,0,0,0.0,0.0,0.0,0.0,0.0,0.0,2280.21,397.29
13698,0,0,0,0,0.0,0.0,0.0,0.0,0.0,0.0,1106.03,238.34
13702,0,0,0,0,0.0,0.0,0.0,0.0,0.0,0.0,755.24,144.78
13707,0,0,0,0,0.0,0.0,0.0,0.0,0.0,0.0,993.93,315.74
13713,0,0,0,0,0.0,0.0,0.0,0.0,0.0,0.0,1048.48,372.32
13718,0,0,0,0,0.0,0.0,0.0,0.0,0.0,0.0,1167.82,372.86
13728,0,0,0,0,0.0,0.0,0.0,0.0,0.0,0.0,340.55,155.08
13729,0,0,0,0,0.0,0.0,0.0,0.0,0.0,0.0,2355.24,400.23
13731,0,0,0,0,0.0,0.0,0.0,0.0,0.0,0.0,974.33,288.63
13732,0,0,0,0,0.0,0.0,0.0,0.0,0.0,0.0,889.06,215.34
13733,0,0,0,0,0.0,0.0,0.0,0.0,0.0,0.0,1048.48,375.89
13734,0,0,0,0,0.0,0.0,0.0,0.0,0.0,0.0,1254.33,412.58
13735,0,0,0,0,0.0,0.0,0.0,0.0,0.0,0.0,720.29,219.64
13737,0,0,0,0,0.0,0.0,0.0,0.0,0.0,0.0,407.46,212.84
13740,0,0,0,0,0.0,0.0,0.0,0.0,0.0,0.0,1008.41,231.84
13742,0,0,0,0,0.0,0.0,0.0,0.0,0.0,0.0,1180.18,351.67
13746,0,0,0,0,0.0,0.0,0.0,0.0,0.0,0.0,1148.22,379.27
13748,0,0,0,0,0.0,0.0,0.0,0.0,0.0,0.0,1570.16,440.41
13750,0,0,0,0,0.0,0.0,0.0,0.0,0.0,0.0,1440.58,260.87
13765,0,0,0,0,0.0,0.0,0.0,0.0,0.0,0.0,956.85,377.65
13773,0,0,0,0,0.0,0.0,0.0,0.0,0.0,0.0,1617.47,396.52
13777,0,0,0,0,0.0,0.0,0.0,0.0,0.0,0.0,1269.68,443.44
13780,0,0,0,0,0.0,0.0,0.0,0.0,0.0,0.0,1294.4,438.42
13781,0,0,0,0,0.0,0.0,0.0,0.0,0.0,0.0,1329.36,432.39
13794,0,0,0,0,0.0,0.0,0.0,0.0,0.0,0.0,1783.25,384.72
13798,0,0,0,0,0.0,0.0,0.0,0.0,0.0,0.0,739.89,203.49
13803,0,0,0,0,0.0,0.0,0.0,0.0,0.0,0.0,1041.24,365.74
13808,0,0,0,0,0.0,0.0,0.0,0.0,0.0,0.0,1314.0,427.85
13810,0,0,0,0,0.0,0.0,0.0,0.0,0.0,0.0,1043.36,255.96
13829,0,0,0,0,0.0,0.0,0.0,0.0,0.0,0.0,1125.63,393.17
13835,0,0,0,0,0.0,0.0,0.0,0.0,0.0,0.0,1148.22,388.88
13836,0,0,0,0,0.0,0.0,0.0,0.0,0.0,0.0,1135.86,392.53
13837,0,0,0,0,0.0,0.0,0.0,0.0,0.0,0.0,1115.39,321.59
13838,0,0,0,0,0.0,0.0,0.0,0.0,0.0,0.0,1241.97,408.11
13840,0,0,0,0,0.0,0.0,0.0,0.0,0.0,0.0,951.73,236.61
13845,0,0,0,0,0.0,0.0,0.0,0.0,0.0,0.0,1120.51,324.26
13846,0,0,0,0,0.0,0.0,0.0,0.0,0.0,0.0,1132.87,339.27
13848,0,0,0,0,0.0,0.0,0.0,0.0,0.0,0.0,1088.55,411.25
13858,0,0,0,0,0.0,0.0,0.0,0.0,0.0,0.0,1167.82,424.08
13859,0,0,0,0,0.0,0.0,0.0,0.0,0.0,0.0,1308.88,428.92
13869,0,0,0,0,0.0,0.0,0.0,0.0,0.0,0.0,1487.89,373.65
13872,0,0,0,0,0.0,0.0,0.0,0.0,0.0,0.0,969.21,221.64
13873,0,0,0,0,0.0,0.0,0.0,0.0,0.0,0.0,814.91,167.96
13882,0,0,0,0,0.0,0.0,0.0,0.0,0.0,0.0,2608.4,636.16
13883,0,0,0,0,0.0,0.0,0.0,0.0,0.0,0.0,1028.0,333.4
13888,0,0,0,0,0.0,0.0,0.0,0.0,0.0,0.0,802.56,202.48
13895,0,0,0,0,0.0,0.0,0.0,0.0,0.0,0.0,804.68,203.58
13897,0,0,0,0,0.0,0.0,0.0,0.0,0.0,0.0,985.81,300.17
13898,0,0,0,0,0.0,0.0,0.0,0.0,0.0,0.0,814.91,186.56
13899,0,0,0,0,0.0,0.0,0.0,0.0,0.0,0.0,735.65,173.94
13903,0,0,0,0,0.0,0.0,0.0,0.0,0.0,0.0,1244.09,284.31
13904,0,0,0,0,0.0,0.0,0.0,0.0,0.0,0.0,1130.75,388.91
13910,0,0,0,0,0.0,0.0,0.0,0.0,0.0,0.0,735.65,200.86
13911,0,0,0,0,0.0,0.0,0.0,0.0,0.0,0.0,723.29,204.8
13912,0,0,0,0,0.0,0.0,0.0,0.0,0.0,0.0,700.69,174.0
13926,0,0,0,0,0.0,0.0,0.0,0.0,0.0,0.0,675.98,198.91
13927,0,0,0,0,0.0,0.0,0.0,0.0,0.0,0.0,683.21,186.35
13932,0,0,0,0,0.0,0.0,0.0,0.0,0.0,0.0,1118.39,414.6
13933,0,0,0,0,0.0,0.0,0.0,0.0,0.0,0.0,1420.98,361.38
13934,0,0,0,0,0.0,0.0,0.0,0.0,0.0,0.0,1152.46,219.88
13941,0,0,0,0,0.0,0.0,0.0,0.0,0.0,0.0,886.94,209.43
13942,0,0,0,0,0.0,0.0,0.0,0.0,0.0,0.0,700.69,195.02
13944,0,0,0,0,0.0,0.0,0.0,0.0,0.0,0.0,720.29,174.1
13950,0,0,0,0,0.0,0.0,0.0,0.0,0.0,0.0,1001.17,348.07
13951,0,0,0,0,0.0,0.0,0.0,0.0,0.0,0.0,1053.6,342.55
13955,0,0,0,0,0.0,0.0,0.0,0.0,0.0,0.0,618.43,164.7
13963,0,0,0,0,0.0,0.0,0.0,0.0,0.0,0.0,820.03,178.29
13964,0,0,0,0,0.0,0.0,0.0,0.0,0.0,0.0,1294.4,397.73
13985,0,0,0,0,0.0,0.0,0.0,0.0,0.0,0.0,1477.65,362.34
13992,0,0,0,0,0.0,0.0,0.0,0.0,0.0,0.0,983.69,334.75
13999,0,0,0,0,0.0,0.0,0.0,0.0,0.0,0.0,934.26,331.78
14010,0,0,0,0,0.0,0.0,0.0,0.0,0.0,0.0,1291.4,365.6
14024,0,0,0,0,0.0,0.0,0.0,0.0,0.0,0.0,618.43,103.74
14028,0,0,0,0,0.0,0.0,0.0,0.0,0.0,0.0,675.98,199.77
14029,0,0,0,0,0.0,0.0,0.0,0.0,0.0,0.0,1410.74,385.28
14034,0,0,0,0,0.0,0.0,0.0,0.0,0.0,0.0,1125.63,277.51
14052,0,0,0,0,0.0,0.0,0.0,0.0,0.0,0.0,725.41,110.79
14053,0,0,0,0,0.0,0.0,0.0,0.0,0.0,0.0,144.06,22.48
14057,0,0,0,0,0.0,0.0,0.0,0.0,0.0,0.0,360.14,65.69
14059,0,0,0,0,0.0,0.0,0.0,0.0,0.0,0.0,1321.24,386.18
14066,0,0,0,0,0.0,0.0,0.0,0.0,0.0,0.0,725.41,104.51
14067,0,0,0,0,0.0,0.0,0.0,0.0,0.0,0.0,539.16,92.76
14073,0,0,0,0,0.0,0.0,0.0,0.0,0.0,0.0,732.65,126.67
14077,0,0,0,0,0.0,0.0,0.0,0.0,0.0,0.0,221.21,96.94
14080,0,0,0,0,0.0,0.0,0.0,0.0,0.0,0.0,757.36,189.29
14081,0,0,0,0,0.0,0.0,0.0,0.0,0.0,0.0,1363.43,385.64
14083,0,0,0,0,0.0,0.0,0.0,0.0,0.0,0.0,516.56,144.5
14100,0,0,0,0,0.0,0.0,0.0,0.0,0.0,0.0,563.87,102.8
14108,0,0,0,0,0.0,0.0,0.0,0.0,0.0,0.0,1351.07,376.9
14110,0,0,0,0,0.0,0.0,0.0,0.0,0.0,0.0,1050.6,375.48
14134,0,0,0,0,0.0,0.0,0.0,0.0,0.0,0.0,1713.34,335.48
14137,0,0,0,0,0.0,0.0,0.0,0.0,0.0,0.0,864.35,365.55
14138,0,0,0,0,0.0,0.0,0.0,0.0,0.0,0.0,1678.38,335.13
14139,0,0,0,0,0.0,0.0,0.0,0.0,0.0,0.0,502.08,205.94
14148,0,0,0,0,0.0,0.0,0.0,0.0,0.0,0.0,1780.25,441.52
14165,0,0,0,0,0.0,0.0,0.0,0.0,0.0,0.0,1746.17,401.85
14166,0,0,0,0,0.0,0.0,0.0,0.0,0.0,0.0,1621.71,330.37
14167,0,0,0,0,0.0,0.0,0.0,0.0,0.0,0.0,1788.37,448.53
14173,0,0,0,0,0.0,0.0,0.0,0.0,0.0,0.0,1837.8,464.11
14176,0,0,0,0,0.0,0.0,0.0,0.0,0.0,0.0,750.12,211.48
14181,0,0,0,0,0.0,0.0,0.0,0.0,0.0,0.0,1090.67,373.13
14191,0,0,0,0,0.0,0.0,0.0,0.0,0.0,0.0,1644.31,340.88
14193,0,0,0,0,0.0,0.0,0.0,0.0,0.0,0.0,1043.36,361.3
14229,0,0,0,0,0.0,0.0,0.0,0.0,0.0,0.0,1614.47,361.05
14241,0,0,0,0,0.0,0.0,0.0,0.0,0.0,0.0,1426.1,487.17
14248,0,0,0,0,0.0,0.0,0.0,0.0,0.0,0.0,775.72,292.18
14250,0,0,0,0,0.0,0.0,0.0,0.0,0.0,0.0,2106.32,460.69
14261,0,0,0,0,0.0,0.0,0.0,0.0,0.0,0.0,1127.75,359.58
14262,0,0,0,0,0.0,0.0,0.0,0.0,0.0,0.0,1199.78,305.81
14269,0,0,0,0,0.0,0.0,0.0,0.0,0.0,0.0,288.12,74.24
14279,0,0,0,0,0.0,0.0,0.0,0.0,0.0,0.0,352.91,154.13
14283,0,0,0,0,0.0,0.0,0.0,0.0,0.0,0.0,360.14,151.6
14291,0,0,0,0,0.0,0.0,0.0,0.0,0.0,0.0,1373.67,389.01
14301,0,0,0,0,0.0,0.0,0.0,0.0,0.0,0.0,1681.38,399.51
14303,0,0,0,0,0.0,0.0,0.0,0.0,0.0,0.0,1682.26,397.57
14306,0,0,0,0,0.0,0.0,0.0,0.0,0.0,0.0,2041.53,476.85
14309,0,0,0,0,0.0,0.0,0.0,0.0,0.0,0.0,293.23,125.81
14311,0,0,0,0,0.0,0.0,0.0,0.0,0.0,0.0,558.75,295.19
14313,0,0,0,0,0.0,0.0,0.0,0.0,0.0,0.0,2136.15,469.85
14326,0,0,0,0,0.0,0.0,0.0,0.0,0.0,0.0,1871.51,448.87
14328,0,0,0,0,0.0,0.0,0.0,0.0,0.0,0.0,1331.48,355.47
14329,0,0,0,0,0.0,0.0,0.0,0.0,0.0,0.0,419.82,167.15
14341,0,0,0,0,0.0,0.0,0.0,0.0,0.0,0.0,906.54,220.96
14345,0,0,0,0,0.0,0.0,0.0,0.0,0.0,0.0,372.5,261.08
14347,0,0,0,0,0.0,0.0,0.0,0.0,0.0,0.0,2118.68,476.44
14349,0,0,0,0,0.0,0.0,0.0,0.0,0.0,0.0,1282.04,197.74
14359,0,0,0,0,0.0,0.0,0.0,0.0,0.0,0.0,1986.98,466.81
14363,0,0,0,0,0.0,0.0,0.0,0.0,0.0,0.0,1224.49,329.33
14365,0,0,0,0,0.0,0.0,0.0,0.0,0.0,0.0,1538.2,319.89
14369,0,0,0,0,0.0,0.0,0.0,0.0,0.0,0.0,958.97,352.28
14373,0,0,0,0,0.0,0.0,0.0,0.0,0.0,0.0,1319.12,282.96
14381,0,0,0,0,0.0,0.0,0.0,0.0,0.0,0.0,1443.58,485.71
14399,0,0,0,0,0.0,0.0,0.0,0.0,0.0,0.0,1341.71,262.42
14404,0,0,0,0,0.0,0.0,0.0,0.0,0.0,0.0,1592.75,462.48
14411,0,0,0,0,0.0,0.0,0.0,0.0,0.0,0.0,1431.22,369.91
14412,0,0,0,0,0.0,0.0,0.0,0.0,0.0,0.0,2041.53,483.63
14415,0,0,0,0,0.0,0.0,0.0,0.0,0.0,0.0,1741.05,317.17
14438,0,0,0,0,0.0,0.0,0.0,0.0,0.0,0.0,1239.85,258.06
14450,0,0,0,0,0.0,0.0,0.0,0.0,0.0,0.0,976.45,330.11
14451,0,0,0,0,0.0,0.0,0.0,0.0,0.0,0.0,2033.05,513.58
14452,0,0,0,0,0.0,0.0,0.0,0.0,0.0,0.0,1227.49,218.91
14461,0,0,0,0,0.0,0.0,0.0,0.0,0.0,0.0,1122.63,201.84
14474,0,0,0,0,0.0,0.0,0.0,0.0,0.0,0.0,1222.37,405.35
14475,0,0,0,0,0.0,0.0,0.0,0.0,0.0,0.0,1498.13,435.3
14486,0,0,0,0,0.0,0.0,0.0,0.0,0.0,0.0,1250.09,426.42
14489,0,0,0,0,0.0,0.0,0.0,0.0,0.0,0.0,1933.3,509.53
14493,0,0,0,0,0.0,0.0,0.0,0.0,0.0,0.0,1083.43,412.6
14498,0,0,0,0,0.0,0.0,0.0,0.0,0.0,0.0,1669.02,466.02
14505,0,0,0,0,0.0,0.0,0.0,0.0,0.0,0.0,1057.84,265.21
14508,0,0,0,0,0.0,0.0,0.0,0.0,0.0,0.0,1296.52,358.37
14519,0,0,0,0,0.0,0.0,0.0,0.0,0.0,0.0,1463.18,340.88
14525,0,0,0,0,0.0,0.0,0.0,0.0,0.0,0.0,1855.28,467.88
14527,0,0,0,0,0.0,0.0,0.0,0.0,0.0,0.0,1164.82,214.21
14529,0,0,0,0,0.0,0.0,0.0,0.0,0.0,0.0,1155.46,323.79
14531,0,0,0,0,0.0,0.0,0.0,0.0,0.0,0.0,1659.66,346.75
14558,0,0,0,0,0.0,0.0,0.0,0.0,0.0,0.0,1331.48,275.34
14576,0,0,0,0,0.0,0.0,0.0,0.0,0.0,0.0,1137.98,298.89
14577,0,0,0,0,0.0,0.0,0.0,0.0,0.0,0.0,317.95,132.62
14579,0,0,0,0,0.0,0.0,0.0,0.0,0.0,0.0,1693.74,374.1
14581,0,0,0,0,0.0,0.0,0.0,0.0,0.0,0.0,347.79,58.05
14592,0,0,0,0,0.0,0.0,0.0,0.0,0.0,0.0,765.48,256.14
14603,0,0,0,0,0.0,0.0,0.0,0.0,0.0,0.0,1786.25,481.69
14609,0,0,0,0,0.0,0.0,0.0,0.0,0.0,0.0,1105.15,190.14
14610,0,0,0,0,0.0,0.0,0.0,0.0,0.0,0.0,1530.09,466.06
14621,0,0,0,0,0.0,0.0,0.0,0.0,0.0,0.0,377.62,159.95
14624,0,0,0,0,0.0,0.0,0.0,0.0,0.0,0.0,228.45,58.21
14628,0,0,0,0,0.0,0.0,0.0,0.0,0.0,0.0,541.28,169.07
14633,0,0,0,0,0.0,0.0,0.0,0.0,0.0,0.0,293.23,131.84
14636,0,0,0,0,0.0,0.0,0.0,0.0,0.0,0.0,1798.6,483.52
14638,0,0,0,0,0.0,0.0,0.0,0.0,0.0,0.0,777.84,341.87
14656,0,0,0,0,0.0,0.0,0.0,0.0,0.0,0.0,280.88,119.7
14662,0,0,0,0,0.0,0.0,0.0,0.0,0.0,0.0,588.59,182.49
14664,0,0,0,0,0.0,0.0,0.0,0.0,0.0,0.0,1540.32,421.7
14666,0,0,0,0,0.0,0.0,0.0,0.0,0.0,0.0,323.07,96.84
14677,0,0,0,0,0.0,0.0,0.0,0.0,0.0,0.0,1224.49,209.21
14684,0,0,0,0,0.0,0.0,0.0,0.0,0.0,0.0,1726.57,494.12
14687,0,0,0,0,0.0,0.0,0.0,0.0,0.0,0.0,842.63,341.79
14688,0,0,0,0,0.0,0.0,0.0,0.0,0.0,0.0,1741.05,474.92
14693,0,0,0,0,0.0,0.0,0.0,0.0,0.0,0.0,1835.68,494.26
14698,0,0,0,0,0.0,0.0,0.0,0.0,0.0,0.0,705.81,260.33
14699,0,0,0,0,0.0,0.0,0.0,0.0,0.0,0.0,1985.73,522.96
14720,0,0,0,0,0.0,0.0,0.0,0.0,0.0,0.0,2213.3,635.8
14723,0,0,0,0,0.0,0.0,0.0,0.0,0.0,0.0,834.51,354.06
14749,0,0,0,0,0.0,0.0,0.0,0.0,0.0,0.0,1848.04,500.05
14756,0,0,0,0,0.0,0.0,0.0,0.0,0.0,0.0,504.2,171.96
14758,0,0,0,0,0.0,0.0,0.0,0.0,0.0,0.0,1008.41,361.46
14759,0,0,0,0,0.0,0.0,0.0,0.0,0.0,0.0,1132.87,211.5
14760,0,0,0,0,0.0,0.0,0.0,0.0,0.0,0.0,1498.13,280.14
14761,0,0,0,0,0.0,0.0,0.0,0.0,0.0,0.0,904.42,258.63
14790,0,0,0,0,0.0,0.0,0.0,0.0,0.0,0.0,1426.1,415.09
14791,0,0,0,0,0.0,0.0,0.0,0.0,0.0,0.0,1155.46,218.23
14797,0,0,0,0,0.0,0.0,0.0,0.0,0.0,0.0,2779.29,488.54
14802,0,0,0,0,0.0,0.0,0.0,0.0,0.0,0.0,1097.91,451.72
14817,0,0,0,0,0.0,0.0,0.0,0.0,0.0,0.0,807.68,218.85
14826,0,0,0,0,0.0,0.0,0.0,0.0,0.0,0.0,1922.19,465.92
14827,0,0,0,0,0.0,0.0,0.0,0.0,0.0,0.0,360.14,65.7
14836,0,0,0,0,0.0,0.0,0.0,0.0,0.0,0.0,3017.98,643.7
14844,0,0,0,0,0.0,0.0,0.0,0.0,0.0,0.0,1060.84,377.73
14852,0,0,0,0,0.0,0.0,0.0,0.0,0.0,0.0,2342.0,408.53
14853,0,0,0,0,0.0,0.0,0.0,0.0,0.0,0.0,3007.74,579.16
14854,0,0,0,0,0.0,0.0,0.0,0.0,0.0,0.0,576.23,194.61
14857,0,0,0,0,0.0,0.0,0.0,0.0,0.0,0.0,1217.25,215.13
14867,0,0,0,0,0.0,0.0,0.0,0.0,0.0,0.0,2151.51,417.75
14872,0,0,0,0,0.0,0.0,0.0,0.0,0.0,0.0,1070.2,451.46
14873,0,0,0,0,0.0,0.0,0.0,0.0,0.0,0.0,3025.22,561.7
14874,0,0,0,0,0.0,0.0,0.0,0.0,0.0,0.0,827.27,300.04
14876,0,0,0,0,0.0,0.0,0.0,0.0,0.0,0.0,672.98,238.03
14899,0,0,0,0,0.0,0.0,0.0,0.0,0.0,0.0,822.15,283.7
14900,0,0,0,0,0.0,0.0,0.0,0.0,0.0,0.0,1013.52,355.85
14902,0,0,0,0,0.0,0.0,0.0,0.0,0.0,0.0,892.06,370.32
14911,0,0,0,0,0.0,0.0,0.0,0.0,0.0,0.0,904.42,187.31
14915,0,0,0,0,0.0,0.0,0.0,0.0,0.0,0.0,3025.22,476.08
14927,0,0,0,0,0.0,0.0,0.0,0.0,0.0,0.0,745.01,174.94
14933,0,0,0,0,0.0,0.0,0.0,0.0,0.0,0.0,1157.58,422.33
14934,0,0,0,0,0.0,0.0,0.0,0.0,0.0,0.0,1199.78,450.29
14946,0,0,0,0,0.0,0.0,0.0,0.0,0.0,0.0,983.69,412.22
14947,0,0,0,0,0.0,0.0,0.0,0.0,0.0,0.0,1147.34,457.4
14949,0,0,0,0,0.0,0.0,0.0,0.0,0.0,0.0,3030.34,714.0
14950,0,0,0,0,0.0,0.0,0.0,0.0,0.0,0.0,1264.57,242.54
14956,0,0,0,0,0.0,0.0,0.0,0.0,0.0,0.0,1078.31,274.67
14959,0,0,0,0,0.0,0.0,0.0,0.0,0.0,0.0,1902.59,304.35
14964,0,0,0,0,0.0,0.0,0.0,0.0,0.0,0.0,944.49,421.47
14976,0,0,0,0,0.0,0.0,0.0,0.0,0.0,0.0,2580.68,458.74
14980,0,0,0,0,0.0,0.0,0.0,0.0,0.0,0.0,665.74,182.85
14982,0,0,0,0,0.0,0.0,0.0,0.0,0.0,0.0,3023.1,488.75
14985,0,0,0,0,0.0,0.0,0.0,0.0,0.0,0.0,2580.68,465.81
14990,0,0,0,0,0.0,0.0,0.0,0.0,0.0,0.0,1703.98,400.69
14991,0,0,0,0,0.0,0.0,0.0,0.0,0.0,0.0,1025.88,424.16
15004,0,0,0,0,0.0,0.0,0.0,0.0,0.0,0.0,442.41,118.33
15005,0,0,0,0,0.0,0.0,0.0,0.0,0.0,0.0,635.9,182.03
15006,0,0,0,0,0.0,0.0,0.0,0.0,0.0,0.0,1716.34,311.38
15012,0,0,0,0,0.0,0.0,0.0,0.0,0.0,0.0,1207.02,371.09
15018,0,0,0,0,0.0,0.0,0.0,0.0,0.0,0.0,760.36,239.96
15021,0,0,0,0,0.0,0.0,0.0,0.0,0.0,0.0,2374.84,378.17
15029,0,0,0,0,0.0,0.0,0.0,0.0,0.0,0.0,1159.7,324.65
15030,0,0,0,0,0.0,0.0,0.0,0.0,0.0,0.0,1175.06,379.15
15044,0,0,0,0,0.0,0.0,0.0,0.0,0.0,0.0,839.63,192.03
15053,0,0,0,0,0.0,0.0,0.0,0.0,0.0,0.0,1132.87,280.95
15057,0,0,0,0,0.0,0.0,0.0,0.0,0.0,0.0,3017.98,495.27
15064,0,0,0,0,0.0,0.0,0.0,0.0,0.0,0.0,809.8,192.87
15069,0,0,0,0,0.0,0.0,0.0,0.0,0.0,0.0,869.47,312.95
15076,0,0,0,0,0.0,0.0,0.0,0.0,0.0,0.0,1756.41,476.11
15079,0,0,0,0,0.0,0.0,0.0,0.0,0.0,0.0,665.74,147.92
15092,0,0,0,0,0.0,0.0,0.0,0.0,0.0,0.0,904.42,296.91
15096,0,0,0,0,0.0,0.0,0.0,0.0,0.0,0.0,809.8,186.36
15126,0,0,0,0,0.0,0.0,0.0,0.0,0.0,0.0,1041.24,439.43
15135,0,0,0,0,0.0,0.0,0.0,0.0,0.0,0.0,765.48,303.17
15136,0,0,0,0,0.0,0.0,0.0,0.0,0.0,0.0,641.02,199.23
15141,0,0,0,0,0.0,0.0,0.0,0.0,0.0,0.0,742.89,188.38
15142,0,0,0,0,0.0,0.0,0.0,0.0,0.0,0.0,767.6,186.23
15146,0,0,0,0,0.0,0.0,0.0,0.0,0.0,0.0,546.4,151.2
15147,0,0,0,0,0.0,0.0,0.0,0.0,0.0,0.0,929.14,286.73
15150,0,0,0,0,0.0,0.0,0.0,0.0,0.0,0.0,2687.67,478.13
15160,0,0,0,0,0.0,0.0,0.0,0.0,0.0,0.0,3035.45,840.53
15161,0,0,0,0,0.0,0.0,0.0,0.0,0.0,0.0,509.32,170.87
15163,0,0,0,0,0.0,0.0,0.0,0.0,0.0,0.0,732.65,213.71
15165,0,0,0,0,0.0,0.0,0.0,0.0,0.0,0.0,1401.38,491.51
15166,0,0,0,0,0.0,0.0,0.0,0.0,0.0,0.0,1076.19,399.82
15169,0,0,0,0,0.0,0.0,0.0,0.0,0.0,0.0,568.99,125.69
15177,0,0,0,0,0.0,0.0,0.0,0.0,0.0,0.0,1075.32,443.96
15182,0,0,0,0,0.0,0.0,0.0,0.0,0.0,0.0,1125.63,460.17
15184,0,0,0,0,0.0,0.0,0.0,0.0,0.0,0.0,1015.64,308.12
15186,0,0,0,0,0.0,0.0,0.0,0.0,0.0,0.0,407.46,112.34
15195,0,0,0,0,0.0,0.0,0.0,0.0,0.0,0.0,1236.85,438.06
15200,0,0,0,0,0.0,0.0,0.0,0.0,0.0,0.0,753.12,239.46
15206,0,0,0,0,0.0,0.0,0.0,0.0,0.0,0.0,931.26,355.1
15213,0,0,0,0,0.0,0.0,0.0,0.0,0.0,0.0,1088.55,363.79
15220,0,0,0,0,0.0,0.0,0.0,0.0,0.0,0.0,424.93,99.38
15229,0,0,0,0,0.0,0.0,0.0,0.0,0.0,0.0,839.63,259.02
15232,0,0,0,0,0.0,0.0,0.0,0.0,0.0,0.0,1118.39,363.35
15233,0,0,0,0,0.0,0.0,0.0,0.0,0.0,0.0,1028.88,435.88
15235,0,0,0,0,0.0,0.0,0.0,0.0,0.0,0.0,1236.85,389.76
15237,0,0,0,0,0.0,0.0,0.0,0.0,0.0,0.0,489.72,147.21
15247,0,0,0,0,0.0,0.0,0.0,0.0,0.0,0.0,419.82,114.78
15249,0,0,0,0,0.0,0.0,0.0,0.0,0.0,0.0,1130.75,371.25
15250,0,0,0,0,0.0,0.0,0.0,0.0,0.0,0.0,1003.29,390.2
15256,0,0,0,0,0.0,0.0,0.0,0.0,0.0,0.0,1271.8,446.15
15257,0,0,0,0,0.0,0.0,0.0,0.0,0.0,0.0,980.69,298.03
15271,0,0,0,0,0.0,0.0,0.0,0.0,0.0,0.0,539.16,123.26
15282,0,0,0,0,0.0,0.0,0.0,0.0,0.0,0.0,1150.34,437.4
15285,0,0,0,0,0.0,0.0,0.0,0.0,0.0,0.0,2504.41,684.04
15289,0,0,0,0,0.0,0.0,0.0,0.0,0.0,0.0,2345.0,376.0
15291,0,0,0,0,0.0,0.0,0.0,0.0,0.0,0.0,948.73,314.7
15296,0,0,0,0,0.0,0.0,0.0,0.0,0.0,0.0,737.77,231.06
15300,0,0,0,0,0.0,0.0,0.0,0.0,0.0,0.0,1184.42,322.27
15303,0,0,0,0,0.0,0.0,0.0,0.0,0.0,0.0,901.42,318.87
15304,0,0,0,0,0.0,0.0,0.0,0.0,0.0,0.0,1159.7,373.66
15306,0,0,0,0,0.0,0.0,0.0,0.0,0.0,0.0,1003.29,376.85
15310,0,0,0,0,0.0,0.0,0.0,0.0,0.0,0.0,799.56,196.62
15313,0,0,0,0,0.0,0.0,0.0,0.0,0.0,0.0,737.77,214.62
15316,0,0,0,0,0.0,0.0,0.0,0.0,0.0,0.0,1207.02,382.98
15321,0,0,0,0,0.0,0.0,0.0,0.0,0.0,0.0,1992.09,332.7
15325,0,0,0,0,0.0,0.0,0.0,0.0,0.0,0.0,1108.15,456.71
15327,0,0,0,0,0.0,0.0,0.0,0.0,0.0,0.0,953.85,353.83
15329,0,0,0,0,0.0,0.0,0.0,0.0,0.0,0.0,827.27,302.77
15332,0,0,0,0,0.0,0.0,0.0,0.0,0.0,0.0,1095.79,438.44
15336,0,0,0,0,0.0,0.0,0.0,0.0,0.0,0.0,618.43,144.57
15342,0,0,0,0,0.0,0.0,0.0,0.0,0.0,0.0,1256.45,377.16
15347,0,0,0,0,0.0,0.0,0.0,0.0,0.0,0.0,807.68,336.53
15348,0,0,0,0,0.0,0.0,0.0,0.0,0.0,0.0,859.23,306.58
15349,0,0,0,0,0.0,0.0,0.0,0.0,0.0,0.0,2374.84,666.02
15350,0,0,0,0,0.0,0.0,0.0,0.0,0.0,0.0,2258.49,581.6
15356,0,0,0,0,0.0,0.0,0.0,0.0,0.0,0.0,191.37,41.82
15365,0,0,0,0,0.0,0.0,0.0,0.0,0.0,0.0,929.14,279.75
15367,0,0,0,0,0.0,0.0,0.0,0.0,0.0,0.0,588.59,140.67
15376,0,0,0,0,0.0,0.0,0.0,0.0,0.0,0.0,1087.67,382.42
15399,0,0,0,0,0.0,0.0,0.0,0.0,0.0,0.0,931.26,306.92
15407,0,0,0,0,0.0,0.0,0.0,0.0,0.0,0.0,1522.85,227.92
15413,0,0,0,0,0.0,0.0,0.0,0.0,0.0,0.0,757.36,149.19
15418,0,0,0,0,0.0,0.0,0.0,0.0,0.0,0.0,1301.64,193.79
15424,0,0,0,0,0.0,0.0,0.0,0.0,0.0,0.0,2387.19,714.2
15425,0,0,0,0,0.0,0.0,0.0,0.0,0.0,0.0,1060.84,255.58
15428,0,0,0,0,0.0,0.0,0.0,0.0,0.0,0.0,1234.73,233.02
15431,0,0,0,0,0.0,0.0,0.0,0.0,0.0,0.0,795.32,217.97
15436,0,0,0,0,0.0,0.0,0.0,0.0,0.0,0.0,787.2,382.49
15441,0,0,0,0,0.0,0.0,0.0,0.0,0.0,0.0,1117.51,268.89
15451,0,0,0,0,0.0,0.0,0.0,0.0,0.0,0.0,968.33,339.67
15456,0,0,0,0,0.0,0.0,0.0,0.0,0.0,0.0,1182.3,212.57
15460,0,0,0,0,0.0,0.0,0.0,0.0,0.0,0.0,1147.34,384.8
15461,0,0,0,0,0.0,0.0,0.0,0.0,0.0,0.0,955.97,353.04
15468,0,0,0,0,0.0,0.0,0.0,0.0,0.0,0.0,750.12,206.36
15481,0,0,0,0,0.0,0.0,0.0,0.0,0.0,0.0,668.74,213.05
15482,0,0,0,0,0.0,0.0,0.0,0.0,0.0,0.0,832.39,325.26
15483,0,0,0,0,0.0,0.0,0.0,0.0,0.0,0.0,809.8,280.28
15485,0,0,0,0,0.0,0.0,0.0,0.0,0.0,0.0,996.05,298.09
15487,0,0,0,0,0.0,0.0,0.0,0.0,0.0,0.0,993.93,274.89
15490,0,0,0,0,0.0,0.0,0.0,0.0,0.0,0.0,720.29,173.53
15491,0,0,0,0,0.0,0.0,0.0,0.0,0.0,0.0,924.02,208.61
15510,0,0,0,0,0.0,0.0,0.0,0.0,0.0,0.0,2334.76,721.5
15511,0,0,0,0,0.0,0.0,0.0,0.0,0.0,0.0,732.65,290.02
15513,0,0,0,0,0.0,0.0,0.0,0.0,0.0,0.0,1231.73,432.7
15527,0,0,0,0,0.0,0.0,0.0,0.0,0.0,0.0,790.2,212.93
15529,0,0,0,0,0.0,0.0,0.0,0.0,0.0,0.0,1952.02,563.46
15533,0,0,0,0,0.0,0.0,0.0,0.0,0.0,0.0,305.59,45.09
15539,0,0,0,0,0.0,0.0,0.0,0.0,0.0,0.0,447.53,153.91
15540,0,0,0,0,0.0,0.0,0.0,0.0,0.0,0.0,630.78,165.44
15541,0,0,0,0,0.0,0.0,0.0,0.0,0.0,0.0,690.45,255.24
15548,0,0,0,0,0.0,0.0,0.0,0.0,0.0,0.0,2588.8,755.43
15553,0,0,0,0,0.0,0.0,0.0,0.0,0.0,0.0,660.62,172.01
15556,0,0,0,0,0.0,0.0,0.0,0.0,0.0,0.0,2782.29,467.86
15557,0,0,0,0,0.0,0.0,0.0,0.0,0.0,0.0,2294.69,667.35
15567,0,0,0,0,0.0,0.0,0.0,0.0,0.0,0.0,496.96,153.44
15586,0,0,0,0,0.0,0.0,0.0,0.0,0.0,0.0,2816.37,501.17
15593,0,0,0,0,0.0,0.0,0.0,0.0,0.0,0.0,707.93,173.66
15595,0,0,0,0,0.0,0.0,0.0,0.0,0.0,0.0,755.24,252.49
15597,0,0,0,0,0.0,0.0,0.0,0.0,0.0,0.0,901.42,366.19
15598,0,0,0,0,0.0,0.0,0.0,0.0,0.0,0.0,1939.66,572.31
15614,0,0,0,0,0.0,0.0,0.0,0.0,0.0,0.0,563.87,189.77
15616,0,0,0,0,0.0,0.0,0.0,0.0,0.0,0.0,1217.25,226.38
15629,0,0,0,0,0.0,0.0,0.0,0.0,0.0,0.0,1730.82,383.22
15667,0,0,0,0,0.0,0.0,0.0,0.0,0.0,0.0,1380.91,516.18
15669,0,0,0,0,0.0,0.0,0.0,0.0,0.0,0.0,2444.74,726.53
15688,0,0,0,0,0.0,0.0,0.0,0.0,0.0,0.0,1962.26,526.75
15689,0,0,0,0,0.0,0.0,0.0,0.0,0.0,0.0,1468.29,485.53
15696,0,0,0,0,0.0,0.0,0.0,0.0,0.0,0.0,1219.37,415.67
15697,0,0,0,0,0.0,0.0,0.0,0.0,0.0,0.0,899.3,306.16
15725,0,0,0,0,0.0,0.0,0.0,0.0,0.0,0.0,1222.37,371.56
15727,0,0,0,0,0.0,0.0,0.0,0.0,0.0,0.0,1952.02,592.79
15754,0,0,0,0,0.0,0.0,0.0,0.0,0.0,0.0,1129.87,249.28
15756,0,0,0,0,0.0,0.0,0.0,0.0,0.0,0.0,551.52,192.38
15757,0,0,0,0,0.0,0.0,0.0,0.0,0.0,0.0,305.59,88.25
15772,0,0,0,0,0.0,0.0,0.0,0.0,0.0,0.0,964.09,207.54
15776,0,0,0,0,0.0,0.0,0.0,0.0,0.0,0.0,1274.8,372.6
15780,0,0,0,0,0.0,0.0,0.0,0.0,0.0,0.0,864.35,213.11
15788,0,0,0,0,0.0,0.0,0.0,0.0,0.0,0.0,1594.87,420.28
15791,0,0,0,0,0.0,0.0,0.0,0.0,0.0,0.0,1015.64,249.47
15793,0,0,0,0,0.0,0.0,0.0,0.0,0.0,0.0,894.18,328.98
15794,0,0,0,0,0.0,0.0,0.0,0.0,0.0,0.0,1065.96,324.27
15806,0,0,0,0,0.0,0.0,0.0,0.0,0.0,0.0,1354.07,454.05
15822,0,0,0,0,0.0,0.0,0.0,0.0,0.0,0.0,1895.35,580.13
15837,0,0,0,0,0.0,0.0,0.0,0.0,0.0,0.0,670.86,138.23
15851,0,0,0,0,0.0,0.0,0.0,0.0,0.0,0.0,1078.31,281.2
15864,0,0,0,0,0.0,0.0,0.0,0.0,0.0,0.0,901.42,238.84
15870,0,0,0,0,0.0,0.0,0.0,0.0,0.0,0.0,2350.12,733.92
15871,0,0,0,0,0.0,0.0,0.0,0.0,0.0,0.0,1602.11,482.66
15887,0,0,0,0,0.0,0.0,0.0,0.0,0.0,0.0,732.65,247.06
15902,0,0,0,0,0.0,0.0,0.0,0.0,0.0,0.0,1480.65,397.42
15905,0,0,0,0,0.0,0.0,0.0,0.0,0.0,0.0,352.91,193.61
15931,0,0,0,0,0.0,0.0,0.0,0.0,0.0,0.0,479.49,125.9
15932,0,0,0,0,0.0,0.0,0.0,0.0,0.0,0.0,1219.37,551.11
15947,0,0,0,0,0.0,0.0,0.0,0.0,0.0,0.0,646.14,208.0
15960,0,0,0,0,0.0,0.0,0.0,0.0,0.0,0.0,1068.08,334.41
15965,0,0,0,0,0.0,0.0,0.0,0.0,0.0,0.0,606.07,266.57
15979,0,0,0,0,0.0,0.0,0.0,0.0,0.0,0.0,1020.76,395.58
15985,0,0,0,0,0.0,0.0,0.0,0.0,0.0,0.0,2574.32,824.74
16012,0,0,0,0,0.0,0.0,0.0,0.0,0.0,0.0,1055.72,324.03
16013,0,0,0,0,0.0,0.0,0.0,0.0,0.0,0.0,534.04,131.02
16032,0,0,0,0,0.0,0.0,0.0,0.0,0.0,0.0,834.51,276.48
16047,0,0,0,0,0.0,0.0,0.0,0.0,0.0,0.0,1341.71,399.21
16061,0,0,0,0,0.0,0.0,0.0,0.0,0.0,0.0,502.08,150.97
16080,0,0,0,0,0.0,0.0,0.0,0.0,0.0,0.0,1117.51,390.29
16087,0,0,0,0,0.0,0.0,0.0,0.0,0.0,0.0,1164.82,394.59
16088,0,0,0,0,0.0,0.0,0.0,0.0,0.0,0.0,1626.83,513.04
16092,0,0,0,0,0.0,0.0,0.0,0.0,0.0,0.0,606.07,159.06
16095,0,0,0,0,0.0,0.0,0.0,0.0,0.0,0.0,1194.66,320.01
16103,0,0,0,0,0.0,0.0,0.0,0.0,0.0,0.0,1480.65,674.66
16113,0,0,0,0,0.0,0.0,0.0,0.0,0.0,0.0,1741.05,578.28
16121,0,0,0,0,0.0,0.0,0.0,0.0,0.0,0.0,1340.84,419.69
16143,0,0,0,0,0.0,0.0,0.0,0.0,0.0,0.0,1025.88,395.53
16145,0,0,0,0,0.0,0.0,0.0,0.0,0.0,0.0,2586.68,873.74
16163,0,0,0,0,0.0,0.0,0.0,0.0,0.0,0.0,785.08,300.76
16181,0,0,0,0,0.0,0.0,0.0,0.0,0.0,0.0,568.99,299.44
16184,0,0,0,0,0.0,0.0,0.0,0.0,0.0,0.0,1389.03,328.3
16189,0,0,0,0,0.0,0.0,0.0,0.0,0.0,0.0,1160.58,429.09
16199,0,0,0,0,0.0,0.0,0.0,0.0,0.0,0.0,1669.9,453.21
16205,0,0,0,0,0.0,0.0,0.0,0.0,0.0,0.0,1406.5,332.91
16209,0,0,0,0,0.0,0.0,0.0,0.0,0.0,0.0,1436.34,436.69
16216,0,0,0,0,0.0,0.0,0.0,0.0,0.0,0.0,857.11,224.4
16228,0,0,0,0,0.0,0.0,0.0,0.0,0.0,0.0,983.69,321.28
16239,0,0,0,0,0.0,0.0,0.0,0.0,0.0,0.0,1167.82,366.38
16276,0,0,0,0,0.0,0.0,0.0,0.0,0.0,0.0,1914.95,747.93
16308,0,0,0,0,0.0,0.0,0.0,0.0,0.0,0.0,690.45,162.51
16314,0,0,0,0,0.0,0.0,0.0,0.0,0.0,0.0,1254.33,320.14
16323,0,0,0,0,0.0,0.0,0.0,0.0,0.0,0.0,901.42,375.34
16325,0,0,0,0,0.0,0.0,0.0,0.0,0.0,0.0,670.86,172.54
16333,0,0,0,0,0.0,0.0,0.0,0.0,0.0,0.0,1324.24,333.33
16335,0,0,0,0,0.0,0.0,0.0,0.0,0.0,0.0,2228.66,689.46
16350,0,0,0,0,0.0,0.0,0.0,0.0,0.0,0.0,1185.3,332.05
16357,0,0,0,0,0.0,0.0,0.0,0.0,0.0,0.0,787.2,248.55
16358,0,0,0,0,0.0,0.0,0.0,0.0,0.0,0.0,628.66,173.44
16383,0,0,0,0,0.0,0.0,0.0,0.0,0.0,0.0,544.28,154.03
16411,0,0,0,0,0.0,0.0,0.0,0.0,0.0,0.0,1053.6,314.62
16418,0,0,0,0,0.0,0.0,0.0,0.0,0.0,0.0,672.98,132.69
16449,0,0,0,0,0.0,0.0,0.0,0.0,0.0,0.0,551.52,142.17
16465,0,0,0,0,0.0,0.0,0.0,0.0,0.0,0.0,869.47,298.33
16470,0,0,0,0,0.0,0.0,0.0,0.0,0.0,0.0,462.01,167.4
16476,0,0,0,0,0.0,0.0,0.0,0.0,0.0,0.0,1018.64,340.95
16478,0,0,0,0,0.0,0.0,0.0,0.0,0.0,0.0,695.57,168.32
16498,0,0,0,0,0.0,0.0,0.0,0.0,0.0,0.0,1036.12,375.67
16552,0,0,0,0,0.0,0.0,0.0,0.0,0.0,0.0,1545.44,411.66
16590,0,0,0,0,0.0,0.0,0.0,0.0,0.0,0.0,1308.88,421.81
16605,0,0,0,0,0.0,0.0,0.0,0.0,0.0,0.0,777.84,239.45
16607,0,0,0,0,0.0,0.0,0.0,0.0,0.0,0.0,822.15,283.02
16619,0,0,0,0,0.0,0.0,0.0,0.0,0.0,0.0,1041.24,267.57
16711,0,0,0,0,0.0,0.0,0.0,0.0,0.0,0.0,1669.9,404.68
16715,0,0,0,0,0.0,0.0,0.0,0.0,0.0,0.0,365.26,68.55
16743,0,0,0,0,0.0,0.0,0.0,0.0,0.0,0.0,785.08,331.03
16768,0,0,0,0,0.0,0.0,0.0,0.0,0.0,0.0,1271.8,404.83
16793,0,0,0,0,0.0,0.0,0.0,0.0,0.0,0.0,1284.16,411.45
16798,0,0,0,0,0.0,0.0,0.0,0.0,0.0,0.0,911.66,288.48
16814,0,0,0,0,0.0,0.0,0.0,0.0,0.0,0.0,822.15,370.93
16815,0,0,0,0,0.0,0.0,0.0,0.0,0.0,0.0,976.45,302.44
16838,0,0,0,0,0.0,0.0,0.0,0.0,0.0,0.0,899.3,324.61
16842,0,0,0,0,0.0,0.0,0.0,0.0,0.0,0.0,1018.64,318.8
16843,0,0,0,0,0.0,0.0,0.0,0.0,0.0,0.0,1709.1,284.87
16858,0,0,0,0,0.0,0.0,0.0,0.0,0.0,0.0,1107.27,344.38
16892,0,0,0,0,0.0,0.0,0.0,0.0,0.0,0.0,990.93,196.27
16911,0,0,0,0,0.0,0.0,0.0,0.0,0.0,0.0,509.32,140.18
16918,0,0,0,0,0.0,0.0,0.0,0.0,0.0,0.0,990.93,373.9
16936,0,0,0,0,0.0,0.0,0.0,0.0,0.0,0.0,998.17,378.19
16940,0,0,0,0,0.0,0.0,0.0,0.0,0.0,0.0,846.87,346.99
16956,0,0,0,0,0.0,0.0,0.0,0.0,0.0,0.0,737.77,330.61
16992,0,0,0,0,0.0,0.0,0.0,0.0,0.0,0.0,904.42,286.63
17005,0,0,0,0,0.0,0.0,0.0,0.0,0.0,0.0,1738.93,309.93
17015,0,0,0,0,0.0,0.0,0.0,0.0,0.0,0.0,878.83,322.78
17017,0,0,0,0,0.0,0.0,0.0,0.0,0.0,0.0,1268.81,428.7
17032,0,0,0,0,0.0,0.0,0.0,0.0,0.0,0.0,921.9,199.81
17033,0,0,0,0,0.0,0.0,0.0,0.0,0.0,0.0,1108.15,298.97
17090,0,0,0,0,0.0,0.0,0.0,0.0,0.0,0.0,1219.37,399.97
17091,0,0,0,0,0.0,0.0,0.0,0.0,0.0,0.0,2451.1,590.83
17115,0,0,0,0,0.0,0.0,0.0,0.0,0.0,0.0,973.45,213.24
17117,0,0,0,0,0.0,0.0,0.0,0.0,0.0,0.0,715.17,348.39
17144,0,0,0,0,0.0,0.0,0.0,0.0,0.0,0.0,926.14,388.58
17192,0,0,0,0,0.0,0.0,0.0,0.0,0.0,0.0,462.01,102.48
17200,0,0,0,0,0.0,0.0,0.0,0.0,0.0,0.0,1515.61,268.9
17211,0,0,0,0,0.0,0.0,0.0,0.0,0.0,0.0,1348.95,363.65
17212,0,0,0,0,0.0,0.0,0.0,0.0,0.0,0.0,613.31,187.85
17248,0,0,0,0,0.0,0.0,0.0,0.0,0.0,0.0,672.98,169.66
17249,0,0,0,0,0.0,0.0,0.0,0.0,0.0,0.0,1264.57,348.05
17258,0,0,0,0,0.0,0.0,0.0,0.0,0.0,0.0,1490.89,268.58
17285,0,0,0,0,0.0,0.0,0.0,0.0,0.0,0.0,1808.84,368.98
17290,0,0,0,0,0.0,0.0,0.0,0.0,0.0,0.0,894.18,371.11
17292,0,0,0,0,0.0,0.0,0.0,0.0,0.0,0.0,1306.76,307.83
17308,0,0,0,0,0.0,0.0,0.0,0.0,0.0,0.0,1329.36,335.48
17327,0,0,0,0,0.0,0.0,0.0,0.0,0.0,0.0,1015.64,397.02
17357,0,0,0,0,0.0,0.0,0.0,0.0,0.0,0.0,1053.6,293.99
17363,0,0,0,0,0.0,0.0,0.0,0.0,0.0,0.0,1132.87,354.3
17374,0,0,0,0,0.0,0.0,0.0,0.0,0.0,0.0,504.2,134.51
17376,0,0,0,0,0.0,0.0,0.0,0.0,0.0,0.0,787.2,342.69
17380,0,0,0,0,0.0,0.0,0.0,0.0,0.0,0.0,1435.46,366.67
17381,0,0,0,0,0.0,0.0,0.0,0.0,0.0,0.0,1041.24,361.12
17383,0,0,0,0,0.0,0.0,0.0,0.0,0.0,0.0,635.9,272.75
17442,0,0,0,0,0.0,0.0,0.0,0.0,0.0,0.0,1452.94,305.81
17457,0,0,0,0,0.0,0.0,0.0,0.0,0.0,0.0,1321.24,383.6
17470,0,0,0,0,0.0,0.0,0.0,0.0,0.0,0.0,1733.81,411.02
17476,0,0,0,0,0.0,0.0,0.0,0.0,0.0,0.0,1177.18,344.68
17477,0,0,0,0,0.0,0.0,0.0,0.0,0.0,0.0,817.03,202.03
17502,0,0,0,0,0.0,0.0,0.0,0.0,0.0,0.0,1286.28,334.2
17504,0,0,0,0,0.0,0.0,0.0,0.0,0.0,0.0,3030.34,680.48
17520,0,0,0,0,0.0,0.0,0.0,0.0,0.0,0.0,2227.78,627.85
17521,0,0,0,0,0.0,0.0,0.0,0.0,0.0,0.0,2260.61,710.66
17558,0,0,0,0,0.0,0.0,0.0,0.0,0.0,0.0,1746.17,407.08
17565,0,0,0,0,0.0,0.0,0.0,0.0,0.0,0.0,1691.62,398.99
17577,0,0,0,0,0.0,0.0,0.0,0.0,0.0,0.0,1375.79,349.83
17584,0,0,0,0,0.0,0.0,0.0,0.0,0.0,0.0,832.39,348.08
17586,0,0,0,0,0.0,0.0,0.0,0.0,0.0,0.0,1031.0,304.74
17615,0,0,0,0,0.0,0.0,0.0,0.0,0.0,0.0,839.63,155.17
17644,0,0,0,0,0.0,0.0,0.0,0.0,0.0,0.0,3040.57,763.71
17677,0,0,0,0,0.0,0.0,0.0,0.0,0.0,0.0,1055.72,294.65
17687,0,0,0,0,0.0,0.0,0.0,0.0,0.0,0.0,2705.14,662.11
17718,0,0,0,0,0.0,0.0,0.0,0.0,0.0,0.0,496.96,119.07
17737,0,0,0,0,0.0,0.0,0.0,0.0,0.0,0.0,924.02,367.75
17795,0,0,0,0,0.0,0.0,0.0,0.0,0.0,0.0,1321.24,399.83
17803,0,0,0,0,0.0,0.0,0.0,0.0,0.0,0.0,1669.02,357.33
17808,0,0,0,0,0.0,0.0,0.0,0.0,0.0,0.0,1060.84,257.51
17809,0,0,0,0,0.0,0.0,0.0,0.0,0.0,0.0,1143.1,340.41
17812,0,0,0,0,0.0,0.0,0.0,0.0,0.0,0.0,1127.75,311.43
17820,0,0,0,0,0.0,0.0,0.0,0.0,0.0,0.0,3040.57,782.53
17829,0,0,0,0,0.0,0.0,0.0,0.0,0.0,0.0,1319.12,258.26
17847,0,0,0,0,0.0,0.0,0.0,0.0,0.0,0.0,1738.93,342.07
17876,0,0,0,0,0.0,0.0,0.0,0.0,0.0,0.0,971.33,262.77
17877,0,0,0,0,0.0,0.0,0.0,0.0,0.0,0.0,990.93,259.21
17956,0,0,0,0,0.0,0.0,0.0,0.0,0.0,0.0,1013.52,304.66
17957,0,0,0,0,0.0,0.0,0.0,0.0,0.0,0.0,1085.55,273.35
17975,0,0,0,0,0.0,0.0,0.0,0.0,0.0,0.0,409.58,147.27
17998,0,0,0,0,0.0,0.0,0.0,0.0,0.0,0.0,981.57,319.74
18005,0,0,0,0,0.0,0.0,0.0,0.0,0.0,0.0,1458.06,320.93
18022,0,0,0,0,0.0,0.0,0.0,0.0,0.0,0.0,563.87,163.5
18028,0,0,0,0,0.0,0.0,0.0,0.0,0.0,0.0,1043.36,290.65
18029,0,0,0,0,0.0,0.0,0.0,0.0,0.0,0.0,1314.0,345.31
18041,0,0,0,0,0.0,0.0,0.0,0.0,0.0,0.0,367.38,114.23
18055,0,0,0,0,0.0,0.0,0.0,0.0,0.0,0.0,1241.97,299.58
18102,0,0,0,0,0.0,0.0,0.0,0.0,0.0,0.0,1475.53,361.04
18109,0,0,0,0,0.0,0.0,0.0,0.0,0.0,0.0,2583.68,635.04
18128,0,0,0,0,0.0,0.0,0.0,0.0,0.0,0.0,1470.41,370.48
18129,0,0,0,0,0.0,0.0,0.0,0.0,0.0,0.0,665.74,115.61
18142,0,0,0,0,0.0,0.0,0.0,0.0,0.0,0.0,2678.31,617.43
18145,0,0,0,0,0.0,0.0,0.0,0.0,0.0,0.0,1284.16,356.23
18147,0,0,0,0,0.0,0.0,0.0,0.0,0.0,0.0,983.69,268.78
18151,0,0,0,0,0.0,0.0,0.0,0.0,0.0,0.0,779.96,181.22
18166,0,0,0,0,0.0,0.0,0.0,0.0,0.0,0.0,2625.88,613.6
18177,0,0,0,0,0.0,0.0,0.0,0.0,0.0,0.0,1582.52,311.77
18198,0,0,0,0,0.0,0.0,0.0,0.0,0.0,0.0,996.05,294.16
18209,0,0,0,0,0.0,0.0,0.0,0.0,0.0,0.0,1326.36,337.2
18210,0,0,0,0,0.0,0.0,0.0,0.0,0.0,0.0,2988.14,752.9
18211,0,0,0,0,0.0,0.0,0.0,0.0,0.0,0.0,3040.57,773.8
18222,0,0,0,0,0.0,0.0,0.0,0.0,0.0,0.0,934.26,253.09
18236,0,0,0,0,0.0,0.0,0.0,0.0,0.0,0.0,1052.72,338.52
18268,0,0,0,0,0.0,0.0,0.0,0.0,0.0,0.0,630.78,179.65
18289,0,0,0,0,0.0,0.0,0.0,0.0,0.0,0.0,3013.74,739.08
18297,0,0,0,0,0.0,0.0,0.0,0.0,0.0,0.0,2901.63,627.49
18303,0,0,0,0,0.0,0.0,0.0,0.0,0.0,0.0,1406.5,414.29
18308,0,0,0,0,0.0,0.0,0.0,0.0,0.0,0.0,1120.51,324.9
18313,0,0,0,0,0.0,0.0,0.0,0.0,0.0,0.0,1366.43,248.55
18325,0,0,0,0,0.0,0.0,0.0,0.0,0.0,0.0,1177.18,277.69
18341,0,0,0,0,0.0,0.0,0.0,0.0,0.0,0.0,1164.82,266.47
18356,0,0,0,0,0.0,0.0,0.0,0.0,0.0,0.0,988.81,247.39
18392,0,0,0,0,0.0,0.0,0.0,0.0,0.0,0.0,3026.09,691.01
18406,0,0,0,0,0.0,0.0,0.0,0.0,0.0,0.0,1217.25,234.44
18407,0,0,0,0,0.0,0.0,0.0,0.0,0.0,0.0,1279.04,257.28
18428,0,0,0,0,0.0,0.0,0.0,0.0,0.0,0.0,795.32,359.62
18431,0,0,0,0,0.0,0.0,0.0,0.0,0.0,0.0,1130.75,383.74
18471,0,0,0,0,0.0,0.0,0.0,0.0,0.0,0.0,869.47,234.14
18514,0,0,0,0,0.0,0.0,0.0,0.0,0.0,0.0,1366.43,391.36
18515,0,0,0,0,0.0,0.0,0.0,0.0,0.0,0.0,1433.34,437.23
18536,0,0,0,0,0.0,0.0,0.0,0.0,0.0,0.0,866.47,270.85
18543,0,0,0,0,0.0,0.0,0.0,0.0,0.0,0.0,1036.12,211.9
18552,0,0,0,0,0.0,0.0,0.0,0.0,0.0,0.0,1217.25,351.14
18663,0,0,0,0,0.0,0.0,0.0,0.0,0.0,0.0,745.01,214.5
18707,0,0,0,0,0.0,0.0,0.0,0.0,0.0,0.0,755.24,187.49
18723,0,0,0,0,0.0,0.0,0.0,0.0,0.0,0.0,1178.06,374.98
18735,0,0,0,0,0.0,0.0,0.0,0.0,0.0,0.0,1085.55,189.83
18784,0,0,0,0,0.0,0.0,0.0,0.0,0.0,0.0,1127.75,278.63
18831,0,0,0,0,0.0,0.0,0.0,0.0,0.0,0.0,1408.62,383.23
18835,0,0,0,0,0.0,0.0,0.0,0.0,0.0,0.0,1545.44,411.7
18853,0,0,0,0,0.0,0.0,0.0,0.0,0.0,0.0,1115.39,143.48
18868,0,0,0,0,0.0,0.0,0.0,0.0,0.0,0.0,1354.07,255.14
18870,0,0,0,0,0.0,0.0,0.0,0.0,0.0,0.0,1348.95,344.15
18883,0,0,0,0,0.0,0.0,0.0,0.0,0.0,0.0,961.09,273.51
18890,0,0,0,0,0.0,0.0,0.0,0.0,0.0,0.0,521.68,91.39
18920,0,0,0,0,0.0,0.0,0.0,0.0,0.0,0.0,901.42,235.32
18948,0,0,0,0,0.0,0.0,0.0,0.0,0.0,0.0,795.32,241.31
18962,0,0,0,0,0.0,0.0,0.0,0.0,0.0,0.0,1448.7,317.49
18979,0,0,0,0,0.0,0.0,0.0,0.0,0.0,0.0,968.33,145.87
18999,0,0,0,0,0.0,0.0,0.0,0.0,0.0,0.0,857.11,296.13
19007,0,0,0,0,0.0,0.0,0.0,0.0,0.0,0.0,1015.64,219.06
19066,0,0,0,0,0.0,0.0,0.0,0.0,0.0,0.0,1031.0,271.81
19079,0,0,0,0,0.0,0.0,0.0,0.0,0.0,0.0,1505.37,390.33
19080,0,0,0,0,0.0,0.0,0.0,0.0,0.0,0.0,1550.56,418.76
19133,0,0,0,0,0.0,0.0,0.0,0.0,0.0,0.0,1361.31,276.26
19139,0,0,0,0,0.0,0.0,0.0,0.0,0.0,0.0,1770.89,331.33
19152,0,0,0,0,0.0,0.0,0.0,0.0,0.0,0.0,2332.64,647.19
19155,0,0,0,0,0.0,0.0,0.0,0.0,0.0,0.0,774.84,155.9
19163,0,0,0,0,0.0,0.0,0.0,0.0,0.0,0.0,750.12,202.57
19165,0,0,0,0,0.0,0.0,0.0,0.0,0.0,0.0,774.84,203.02
19180,0,0,0,0,0.0,0.0,0.0,0.0,0.0,0.0,646.14,161.3
19222,0,0,0,0,0.0,0.0,0.0,0.0,0.0,0.0,839.63,192.85
19226,0,0,0,0,0.0,0.0,0.0,0.0,0.0,0.0,911.66,240.1
19238,0,0,0,0,0.0,0.0,0.0,0.0,0.0,0.0,911.66,260.63
19239,0,0,0,0,0.0,0.0,0.0,0.0,0.0,0.0,1475.53,355.75
19249,0,0,0,0,0.0,0.0,0.0,0.0,0.0,0.0,191.37,115.92
19256,0,0,0,0,0.0,0.0,0.0,0.0,0.0,0.0,1498.13,382.16
19273,0,0,0,0,0.0,0.0,0.0,0.0,0.0,0.0,1314.0,351.57
19279,0,0,0,0,0.0,0.0,0.0,0.0,0.0,0.0,1445.7,354.91
19293,0,0,0,0,0.0,0.0,0.0,0.0,0.0,0.0,1080.43,194.8
19310,0,0,0,0,0.0,0.0,0.0,0.0,0.0,0.0,1013.52,279.8
19316,0,0,0,0,0.0,0.0,0.0,0.0,0.0,0.0,1346.83,315.21
19317,0,0,0,0,0.0,0.0,0.0,0.0,0.0,0.0,1162.7,283.3
19345,0,0,0,0,0.0,0.0,0.0,0.0,0.0,0.0,1418.86,300.42
19351,0,0,0,0,0.0,0.0,0.0,0.0,0.0,0.0,1470.41,348.9
19372,0,0,0,0,0.0,0.0,0.0,0.0,0.0,0.0,2176.23,387.42
19374,0,0,0,0,0.0,0.0,0.0,0.0,0.0,0.0,690.45,262.22
19408,0,0,0,0,0.0,0.0,0.0,0.0,0.0,0.0,1758.53,390.55
19425,0,0,0,0,0.0,0.0,0.0,0.0,0.0,0.0,1229.61,277.35
19442,0,0,0,0,0.0,0.0,0.0,0.0,0.0,0.0,1770.89,386.53
19465,0,0,0,0,0.0,0.0,0.0,0.0,0.0,0.0,978.57,256.7
19469,0,0,0,0,0.0,0.0,0.0,0.0,0.0,0.0,1162.7,292.33
19477,0,0,0,0,0.0,0.0,0.0,0.0,0.0,0.0,1842.92,419.79
19487,0,0,0,0,0.0,0.0,0.0,0.0,0.0,0.0,1433.34,402.65
19488,0,0,0,0,0.0,0.0,0.0,0.0,0.0,0.0,442.41,124.83
19510,0,0,0,0,0.0,0.0,0.0,0.0,0.0,0.0,660.62,258.55
19543,0,0,0,0,0.0,0.0,0.0,0.0,0.0,0.0,1023.76,324.26
19598,0,0,0,0,0.0,0.0,0.0,0.0,0.0,0.0,924.02,303.35
19606,0,0,0,0,0.0,0.0,0.0,0.0,0.0,0.0,1120.51,252.07
19637,0,0,0,0,0.0,0.0,0.0,0.0,0.0,0.0,809.8,130.07
19644,0,0,0,0,0.0,0.0,0.0,0.0,0.0,0.0,1070.2,267.1
19657,0,0,0,0,0.0,0.0,0.0,0.0,0.0,0.0,2324.52,669.76
19661,0,0,0,0,0.0,0.0,0.0,0.0,0.0,0.0,742.89,196.63
19692,0,0,0,0,0.0,0.0,0.0,0.0,0.0,0.0,2277.21,628.04
19723,0,0,0,0,0.0,0.0,0.0,0.0,0.0,0.0,707.93,183.25
19745,0,0,0,0,0.0,0.0,0.0,0.0,0.0,0.0,832.39,143.25
19748,0,0,0,0,0.0,0.0,0.0,0.0,0.0,0.0,1100.91,357.69
19900,0,0,0,0,0.0,0.0,0.0,0.0,0.0,0.0,1150.34,272.68
19941,0,0,0,0,0.0,0.0,0.0,0.0,0.0,0.0,911.66,294.35
19942,0,0,0,0,0.0,0.0,0.0,0.0,0.0,0.0,715.17,267.53
19965,0,0,0,0,0.0,0.0,0.0,0.0,0.0,0.0,941.5,198.13
19970,0,0,0,0,0.0,0.0,0.0,0.0,0.0,0.0,829.39,134.06
19973,0,0,0,0,0.0,0.0,0.0,0.0,0.0,0.0,643.14,254.49
19975,0,0,0,0,0.0,0.0,0.0,0.0,0.0,0.0,993.93,302.36
20083,0,0,0,0,0.0,0.0,0.0,0.0,0.0,0.0,961.09,296.91
20104,0,0,0,0,0.0,0.0,0.0,0.0,0.0,0.0,929.14,189.36
20196,0,0,0,0,0.0,0.0,0.0,0.0,0.0,0.0,484.61,223.69
20213,0,0,0,0,0.0,0.0,0.0,0.0,0.0,0.0,1057.84,200.8
20216,0,0,0,0,0.0,0.0,0.0,0.0,0.0,0.0,848.99,316.03
20422,0,0,0,0,0.0,0.0,0.0,0.0,0.0,0.0,1247.09,189.7
20433,0,0,0,0,0.0,0.0,0.0,0.0,0.0,0.0,829.39,303.18
20485,0,0,0,0,0.0,0.0,0.0,0.0,0.0,0.0,643.14,195.45
20487,0,0,0,0,0.0,0.0,0.0,0.0,0.0,0.0,606.07,164.05
20522,0,0,0,0,0.0,0.0,0.0,0.0,0.0,0.0,807.68,174.98
20525,0,0,0,0,0.0,0.0,0.0,0.0,0.0,0.0,725.41,180.75
20543,0,0,0,0,0.0,0.0,0.0,0.0,0.0,0.0,648.26,148.1
20551,0,0,0,0,0.0,0.0,0.0,0.0,0.0,0.0,936.38,163.24
20616,0,0,0,0,0.0,0.0,0.0,0.0,0.0,0.0,929.14,171.95
20636,0,0,0,0,0.0,0.0,0.0,0.0,0.0,0.0,653.38,122.88
20671,0,0,0,0,0.0,0.0,0.0,0.0,0.0,0.0,700.69,174.81
20676,0,0,0,0,0.0,0.0,0.0,0.0,0.0,0.0,678.1,128.6
20708,0,0,0,0,0.0,0.0,0.0,0.0,0.0,0.0,700.69,169.56
20736,0,0,0,0,0.0,0.0,0.0,0.0,0.0,0.0,727.53,162.94
20746,0,0,0,0,0.0,0.0,0.0,0.0,0.0,0.0,653.38,113.54
20780,0,0,0,0,0.0,0.0,0.0,0.0,0.0,0.0,787.2,155.54
20811,0,0,0,0,0.0,0.0,0.0,0.0,0.0,0.0,574.11,176.05
20845,0,0,0,0,0.0,0.0,0.0,0.0,0.0,0.0,1031.0,347.99
20876,0,0,0,0,0.0,0.0,0.0,0.0,0.0,0.0,511.44,162.92
20886,0,0,0,0,0.0,0.0,0.0,0.0,0.0,0.0,886.94,235.35
20888,0,0,0,0,0.0,0.0,0.0,0.0,0.0,0.0,1025.88,293.37
20889,0,0,0,0,0.0,0.0,0.0,0.0,0.0,0.0,772.72,162.51
20917,0,0,0,0,0.0,0.0,0.0,0.0,0.0,0.0,641.02,164.28
20936,0,0,0,0,0.0,0.0,0.0,0.0,0.0,0.0,1614.47,361.41
20992,0,0,0,0,0.0,0.0,0.0,0.0,0.0,0.0,1418.86,231.08
21121,0,0,0,0,0.0,0.0,0.0,0.0,0.0,0.0,849.87,161.63
21143,0,0,0,0,0.0,0.0,0.0,0.0,0.0,0.0,1159.7,189.9
21144,0,0,0,0,0.0,0.0,0.0,0.0,0.0,0.0,1020.76,217.72
21215,0,0,0,0,0.0,0.0,0.0,0.0,0.0,0.0,1485.77,321.86
21256,0,0,0,0,0.0,0.0,0.0,0.0,0.0,0.0,678.1,174.64
21260,0,0,0,0,0.0,0.0,0.0,0.0,0.0,0.0,690.45,253.89
21264,0,0,0,0,0.0,0.0,0.0,0.0,0.0,0.0,1723.58,330.73
21298,0,0,0,0,0.0,0.0,0.0,0.0,0.0,0.0,1333.6,321.66
21308,0,0,0,0,0.0,0.0,0.0,0.0,0.0,0.0,1314.0,300.73
21384,0,0,0,0,0.0,0.0,0.0,0.0,0.0,0.0,1331.48,299.72
21417,0,0,0,0,0.0,0.0,0.0,0.0,0.0,0.0,2014.69,374.05
21483,0,0,0,0,0.0,0.0,0.0,0.0,0.0,0.0,665.74,213.52
21519,0,0,0,0,0.0,0.0,0.0,0.0,0.0,0.0,1018.64,245.01
21695,0,0,0,0,0.0,0.0,0.0,0.0,0.0,0.0,971.33,232.85
21730,0,0,0,0,0.0,0.0,0.0,0.0,0.0,0.0,1570.16,296.74
21835,0,0,0,0,0.0,0.0,0.0,0.0,0.0,0.0,988.81,196.43
21883,0,0,0,0,0.0,0.0,0.0,0.0,0.0,0.0,317.95,52.74
21934,0,0,0,0,0.0,0.0,0.0,0.0,0.0,0.0,1756.41,378.77
21960,0,0,0,0,0.0,0.0,0.0,0.0,0.0,0.0,623.54,237.77
21961,0,0,0,0,0.0,0.0,0.0,0.0,0.0,0.0,1022.88,303.72
22030,0,0,0,0,0.0,0.0,0.0,0.0,0.0,0.0,1210.01,280.03
22176,0,0,0,0,0.0,0.0,0.0,0.0,0.0,0.0,1025.88,206.52
22213,0,0,0,0,0.0,0.0,0.0,0.0,0.0,0.0,1129.87,288.64
22237,0,0,0,0,0.0,0.0,0.0,0.0,0.0,0.0,715.17,118.29
22377,0,0,0,0,0.0,0.0,0.0,0.0,0.0,0.0,1006.29,248.66
22384,0,0,0,0,0.0,0.0,0.0,0.0,0.0,0.0,1187.42,202.43
22508,0,0,0,0,0.0,0.0,0.0,0.0,0.0,0.0,444.53,68.52
22545,0,0,0,0,0.0,0.0,0.0,0.0,0.0,0.0,1013.52,192.26
22564,0,0,0,0,0.0,0.0,0.0,0.0,0.0,0.0,593.71,106.41
22634,0,0,0,0,0.0,0.0,0.0,0.0,0.0,0.0,641.02,97.71
22702,0,0,0,0,0.0,0.0,0.0,0.0,0.0,0.0,964.09,188.2
22784,0,0,0,0,0.0,0.0,0.0,0.0,0.0,0.0,372.5,79.71
22845,0,0,0,0,0.0,0.0,0.0,0.0,0.0,0.0,330.31,104.54
22846,0,0,0,0,0.0,0.0,0.0,0.0,0.0,0.0,658.5,112.05
22891,0,0,0,0,0.0,0.0,0.0,0.0,0.0,0.0,1196.78,235.36
22964,0,0,0,0,0.0,0.0,0.0,0.0,0.0,0.0,414.7,103.91
23011,0,0,0,0,0.0,0.0,0.0,0.0,0.0,0.0,437.29,95.03
23033,0,0,0,0,0.0,0.0,0.0,0.0,0.0,0.0,653.38,112.72
23038,0,0,0,0,0.0,0.0,0.0,0.0,0.0,0.0,288.12,53.46
23045,0,0,0,0,0.0,0.0,0.0,0.0,0.0,0.0,588.59,231.46
23093,0,0,0,0,0.0,0.0,0.0,0.0,0.0,0.0,690.45,102.07
23242,0,0,0,0,0.0,0.0,0.0,0.0,0.0,0.0,514.44,114.79
23264,0,0,0,0,0.0,0.0,0.0,0.0,0.0,0.0,1050.6,139.7
23276,0,0,0,0,0.0,0.0,0.0,0.0,0.0,0.0,382.74,96.74
23342,0,0,0,0,0.0,0.0,0.0,0.0,0.0,0.0,760.36,209.37
23425,0,0,0,0,0.0,0.0,0.0,0.0,0.0,0.0,3020.1,576.66
23478,0,0,0,0,0.0,0.0,0.0,0.0,0.0,0.0,576.23,99.64
23490,0,0,0,0,0.0,0.0,0.0,0.0,0.0,0.0,1335.72,287.02
23506,0,0,0,0,0.0,0.0,0.0,0.0,0.0,0.0,683.21,204.84
23596,0,0,0,0,0.0,0.0,0.0,0.0,0.0,0.0,802.56,257.51
23597,0,0,0,0,0.0,0.0,0.0,0.0,0.0,0.0,628.66,265.93
23647,0,0,0,0,0.0,0.0,0.0,0.0,0.0,0.0,683.21,171.46
23720,0,0,0,0,0.0,0.0,0.0,0.0,0.0,0.0,769.72,155.49
23797,0,0,0,0,0.0,0.0,0.0,0.0,0.0,0.0,2856.44,592.2
23871,0,0,0,0,0.0,0.0,0.0,0.0,0.0,0.0,760.36,121.79
23910,0,0,0,0,0.0,0.0,0.0,0.0,0.0,0.0,864.35,255.41
24013,0,0,0,0,0.0,0.0,0.0,0.0,0.0,0.0,1345.95,190.31
24070,0,0,0,0,0.0,0.0,0.0,0.0,0.0,0.0,2794.65,583.45
24071,0,0,0,0,0.0,0.0,0.0,0.0,0.0,0.0,2315.16,496.14
24102,0,0,0,0,0.0,0.0,0.0,0.0,0.0,0.0,491.84,147.19
24144,0,0,0,0,0.0,0.0,0.0,0.0,0.0,0.0,586.47,106.89
24235,0,0,0,0,0.0,0.0,0.0,0.0,0.0,0.0,2146.39,486.87
24241,0,0,0,0,0.0,0.0,0.0,0.0,0.0,0.0,820.03,215.17
24265,0,0,0,0,0.0,0.0,0.0,0.0,0.0,0.0,976.45,287.03
24295,0,0,0,0,0.0,0.0,0.0,0.0,0.0,0.0,2578.56,566.51
24316,0,0,0,0,0.0,0.0,0.0,0.0,0.0,0.0,762.48,119.39
24333,0,0,0,0,0.0,0.0,0.0,0.0,0.0,0.0,869.47,230.12
24338,0,0,0,0,0.0,0.0,0.0,0.0,0.0,0.0,700.69,158.69
24357,0,0,0,0,0.0,0.0,0.0,0.0,0.0,0.0,2136.15,476.73
24367,0,0,0,0,0.0,0.0,0.0,0.0,0.0,0.0,2652.71,654.56
24427,0,0,0,0,0.0,0.0,0.0,0.0,0.0,0.0,1568.04,529.08
24463,0,0,0,0,0.0,0.0,0.0,0.0,0.0,0.0,1527.96,517.35
24468,0,0,0,0,0.0,0.0,0.0,0.0,0.0,0.0,1292.28,252.78
24500,0,0,0,0,0.0,0.0,0.0,0.0,0.0,0.0,2046.65,461.68
24540,0,0,0,0,0.0,0.0,0.0,0.0,0.0,0.0,2255.49,485.02
24541,0,0,0,0,0.0,0.0,0.0,0.0,0.0,0.0,2027.05,366.32
24542,0,0,0,0,0.0,0.0,0.0,0.0,0.0,0.0,1212.13,208.67
24555,0,0,0,0,0.0,0.0,0.0,0.0,0.0,0.0,844.75,222.85
24588,0,0,0,0,0.0,0.0,0.0,0.0,0.0,0.0,1082.55,213.93
24590,0,0,0,0,0.0,0.0,0.0,0.0,0.0,0.0,2153.63,536.3
24598,0,0,0,0,0.0,0.0,0.0,0.0,0.0,0.0,941.5,248.28
24610,0,0,0,0,0.0,0.0,0.0,0.0,0.0,0.0,395.1,58.26
24629,0,0,0,0,0.0,0.0,0.0,0.0,0.0,0.0,1087.67,335.78
24630,0,0,0,0,0.0,0.0,0.0,0.0,0.0,0.0,1033.12,321.16
24659,0,0,0,0,0.0,0.0,0.0,0.0,0.0,0.0,667.86,121.63
24663,0,0,0,0,0.0,0.0,0.0,0.0,0.0,0.0,2091.84,576.62
24680,0,0,0,0,0.0,0.0,0.0,0.0,0.0,0.0,1036.12,321.55
24709,0,0,0,0,0.0,0.0,0.0,0.0,0.0,0.0,1062.96,342.83
24733,0,0,0,0,0.0,0.0,0.0,0.0,0.0,0.0,1637.07,314.26
24735,0,0,0,0,0.0,0.0,0.0,0.0,0.0,0.0,1810.96,454.68
24737,0,0,0,0,0.0,0.0,0.0,0.0,0.0,0.0,969.21,190.22
24759,0,0,0,0,0.0,0.0,0.0,0.0,0.0,0.0,1122.63,339.77
24760,0,0,0,0,0.0,0.0,0.0,0.0,0.0,0.0,1057.84,343.56
24761,0,0,0,0,0.0,0.0,0.0,0.0,0.0,0.0,1105.15,334.66
24785,0,0,0,0,0.0,0.0,0.0,0.0,0.0,0.0,715.17,204.37
24791,0,0,0,0,0.0,0.0,0.0,0.0,0.0,0.0,1361.31,508.37
24804,0,0,0,0,0.0,0.0,0.0,0.0,0.0,0.0,1122.63,209.49
24816,0,0,0,0,0.0,0.0,0.0,0.0,0.0,0.0,685.34,127.22
24825,0,0,0,0,0.0,0.0,0.0,0.0,0.0,0.0,958.97,175.16
24837,0,0,0,0,0.0,0.0,0.0,0.0,0.0,0.0,389.98,94.51
24861,0,0,0,0,0.0,0.0,0.0,0.0,0.0,0.0,2536.37,653.09
24867,0,0,0,0,0.0,0.0,0.0,0.0,0.0,0.0,1599.12,551.01
24957,0,0,0,0,0.0,0.0,0.0,0.0,0.0,0.0,2680.43,712.96
24982,0,0,0,0,0.0,0.0,0.0,0.0,0.0,0.0,2200.94,614.04
24996,0,0,0,0,0.0,0.0,0.0,0.0,0.0,0.0,1542.44,333.36
25001,0,0,0,0,0.0,0.0,0.0,0.0,0.0,0.0,1217.25,464.76
25022,0,0,0,0,0.0,0.0,0.0,0.0,0.0,0.0,561.75,128.83
25047,0,0,0,0,0.0,0.0,0.0,0.0,0.0,0.0,1574.4,566.92
25051,0,0,0,0,0.0,0.0,0.0,0.0,0.0,0.0,1597.0,571.46
25079,0,0,0,0,0.0,0.0,0.0,0.0,0.0,0.0,1591.88,631.76
25084,0,0,0,0,0.0,0.0,0.0,0.0,0.0,0.0,1085.55,315.98
25118,0,0,0,0,0.0,0.0,0.0,0.0,0.0,0.0,1597.0,633.78
25121,0,0,0,0,0.0,0.0,0.0,0.0,0.0,0.0,1403.5,480.29
25151,0,0,0,0,0.0,0.0,0.0,0.0,0.0,0.0,2337.76,641.27
25194,0,0,0,0,0.0,0.0,0.0,0.0,0.0,0.0,1480.65,625.99
25214,0,0,0,0,0.0,0.0,0.0,0.0,0.0,0.0,916.78,274.13
25242,0,0,0,0,0.0,0.0,0.0,0.0,0.0,0.0,1321.24,507.35
25243,0,0,0,0,0.0,0.0,0.0,0.0,0.0,0.0,2004.45,559.47
25245,0,0,0,0,0.0,0.0,0.0,0.0,0.0,0.0,377.62,116.33
25246,0,0,0,0,0.0,0.0,0.0,0.0,0.0,0.0,583.47,362.49
25247,0,0,0,0,0.0,0.0,0.0,0.0,0.0,0.0,370.38,68.17
25320,0,0,0,0,0.0,0.0,0.0,0.0,0.0,0.0,439.41,323.34
25382,0,0,0,0,0.0,0.0,0.0,0.0,0.0,0.0,1306.76,493.3
25383,0,0,0,0,0.0,0.0,0.0,0.0,0.0,0.0,1097.91,522.74
25421,0,0,0,0,0.0,0.0,0.0,0.0,0.0,0.0,427.05,339.32
25434,0,0,0,0,0.0,0.0,0.0,0.0,0.0,0.0,1853.16,533.03
25441,0,0,0,0,0.0,0.0,0.0,0.0,0.0,0.0,1575.28,500.62
25456,0,0,0,0,0.0,0.0,0.0,0.0,0.0,0.0,660.62,189.1
25492,0,0,0,0,0.0,0.0,0.0,0.0,0.0,0.0,1373.67,460.98
25494,0,0,0,0,0.0,0.0,0.0,0.0,0.0,0.0,1361.31,451.72
25509,0,0,0,0,0.0,0.0,0.0,0.0,0.0,0.0,1068.08,289.61
25527,0,0,0,0,0.0,0.0,0.0,0.0,0.0,0.0,372.5,299.34
25528,0,0,0,0,0.0,0.0,0.0,0.0,0.0,0.0,1391.15,470.7
25537,0,0,0,0,0.0,0.0,0.0,0.0,0.0,0.0,1097.91,314.87
25559,0,0,0,0,0.0,0.0,0.0,0.0,0.0,0.0,628.66,280.79
25564,0,0,0,0,0.0,0.0,0.0,0.0,0.0,0.0,462.01,264.78
25615,0,0,0,0,0.0,0.0,0.0,0.0,0.0,0.0,216.09,100.16
25636,0,0,0,0,0.0,0.0,0.0,0.0,0.0,0.0,186.25,79.92
25645,0,0,0,0,0.0,0.0,0.0,0.0,0.0,0.0,1207.02,456.23
25679,0,0,0,0,0.0,0.0,0.0,0.0,0.0,0.0,1289.28,449.61
25680,0,0,0,0,0.0,0.0,0.0,0.0,0.0,0.0,1222.37,519.29
25704,0,0,0,0,0.0,0.0,0.0,0.0,0.0,0.0,1495.13,486.84
25715,0,0,0,0,0.0,0.0,0.0,0.0,0.0,0.0,101.86,77.2
25732,0,0,0,0,0.0,0.0,0.0,0.0,0.0,0.0,1236.85,295.94
25760,0,0,0,0,0.0,0.0,0.0,0.0,0.0,0.0,1482.77,474.81
25825,0,0,0,0,0.0,0.0,0.0,0.0,0.0,0.0,924.02,268.78
25858,0,0,0,0,0.0,0.0,0.0,0.0,0.0,0.0,1440.58,463.85
25888,0,0,0,0,0.0,0.0,0.0,0.0,0.0,0.0,1428.22,469.84
25907,0,0,0,0,0.0,0.0,0.0,0.0,0.0,0.0,1328.48,450.97
25919,0,0,0,0,0.0,0.0,0.0,0.0,0.0,0.0,1167.82,457.57
25920,0,0,0,0,0.0,0.0,0.0,0.0,0.0,0.0,1366.43,467.36
25963,0,0,0,0,0.0,0.0,0.0,0.0,0.0,0.0,389.98,289.45
26039,0,0,0,0,0.0,0.0,0.0,0.0,0.0,0.0,670.86,206.17
26040,0,0,0,0,0.0,0.0,0.0,0.0,0.0,0.0,521.68,90.07
26076,0,0,0,0,0.0,0.0,0.0,0.0,0.0,0.0,653.38,274.41
26145,0,0,0,0,0.0,0.0,0.0,0.0,0.0,0.0,1197.66,193.31
26281,0,0,0,0,0.0,0.0,0.0,0.0,0.0,0.0,690.45,218.3
26361,0,0,0,0,0.0,0.0,0.0,0.0,0.0,0.0,1231.73,199.56
26371,0,0,0,0,0.0,0.0,0.0,0.0,0.0,0.0,707.93,120.97
26390,0,0,0,0,0.0,0.0,0.0,0.0,0.0,0.0,655.5,193.57
26441,0,0,0,0,0.0,0.0,0.0,0.0,0.0,0.0,1143.1,204.0
26495,0,0,0,0,0.0,0.0,0.0,0.0,0.0,0.0,502.08,172.61
26562,0,0,0,0,0.0,0.0,0.0,0.0,0.0,0.0,832.39,208.85
26580,0,0,0,0,0.0,0.0,0.0,0.0,0.0,0.0,526.8,185.42
26584,0,0,0,0,0.0,0.0,0.0,0.0,0.0,0.0,544.28,195.19
26634,0,0,0,0,0.0,0.0,0.0,0.0,0.0,0.0,822.15,253.6
26635,0,0,0,0,0.0,0.0,0.0,0.0,0.0,0.0,414.7,113.32
26669,0,0,0,0,0.0,0.0,0.0,0.0,0.0,0.0,854.99,220.94
26707,0,0,0,0,0.0,0.0,0.0,0.0,0.0,0.0,419.82,70.0
26728,0,0,0,0,0.0,0.0,0.0,0.0,0.0,0.0,586.47,157.21
26806,0,0,0,0,0.0,0.0,0.0,0.0,0.0,0.0,1498.13,576.93
26853,0,0,0,0,0.0,0.0,0.0,0.0,0.0,0.0,1862.52,350.44
26882,0,0,0,0,0.0,0.0,0.0,0.0,0.0,0.0,936.38,240.82
26909,0,0,0,0,0.0,0.0,0.0,0.0,0.0,0.0,660.62,223.0
26912,0,0,0,0,0.0,0.0,0.0,0.0,0.0,0.0,993.05,233.75
26918,0,0,0,0,0.0,0.0,0.0,0.0,0.0,0.0,484.61,158.88
26933,0,0,0,0,0.0,0.0,0.0,0.0,0.0,0.0,2049.64,377.02
26935,0,0,0,0,0.0,0.0,0.0,0.0,0.0,0.0,892.06,201.33
26955,0,0,0,0,0.0,0.0,0.0,0.0,0.0,0.0,787.2,245.12
26956,0,0,0,0,0.0,0.0,0.0,0.0,0.0,0.0,1572.28,646.99
26957,0,0,0,0,0.0,0.0,0.0,0.0,0.0,0.0,1266.69,365.13
26958,0,0,0,0,0.0,0.0,0.0,0.0,0.0,0.0,534.04,149.41
26959,0,0,0,0,0.0,0.0,0.0,0.0,0.0,0.0,1393.27,438.77
26960,0,0,0,0,0.0,0.0,0.0,0.0,0.0,0.0,1843.8,352.97
26974,0,0,0,0,0.0,0.0,0.0,0.0,0.0,0.0,1217.25,326.91
26980,0,0,0,0,0.0,0.0,0.0,0.0,0.0,0.0,742.89,184.01
26992,0,0,0,0,0.0,0.0,0.0,0.0,0.0,0.0,748.0,200.56
27066,0,0,0,0,0.0,0.0,0.0,0.0,0.0,0.0,1236.85,482.03
27099,0,0,0,0,0.0,0.0,0.0,0.0,0.0,0.0,790.2,236.78
27103,0,0,0,0,0.0,0.0,0.0,0.0,0.0,0.0,633.78,139.88
27111,0,0,0,0,0.0,0.0,0.0,0.0,0.0,0.0,623.54,105.26
27164,0,0,0,0,0.0,0.0,0.0,0.0,0.0,0.0,1637.07,325.81
27166,0,0,0,0,0.0,0.0,0.0,0.0,0.0,0.0,663.62,143.79
27167,0,0,0,0,0.0,0.0,0.0,0.0,0.0,0.0,814.91,168.7
27185,0,0,0,0,0.0,0.0,0.0,0.0,0.0,0.0,484.61,122.21
27205,0,0,0,0,0.0,0.0,0.0,0.0,0.0,0.0,1358.31,682.05
27232,0,0,0,0,0.0,0.0,0.0,0.0,0.0,0.0,809.8,183.18
27301,0,0,0,0,0.0,0.0,0.0,0.0,0.0,0.0,1244.97,194.26
27323,0,0,0,0,0.0,0.0,0.0,0.0,0.0,0.0,355.03,84.15
27343,0,0,0,0,0.0,0.0,0.0,0.0,0.0,0.0,1015.64,218.06
27356,0,0,0,0,0.0,0.0,0.0,0.0,0.0,0.0,365.26,82.86
27373,0,0,0,0,0.0,0.0,0.0,0.0,0.0,0.0,941.5,202.77
27387,0,0,0,0,0.0,0.0,0.0,0.0,0.0,0.0,1185.3,216.94
27388,0,0,0,0,0.0,0.0,0.0,0.0,0.0,0.0,1008.41,200.45
27465,0,0,0,0,0.0,0.0,0.0,0.0,0.0,0.0,300.47,120.67
27472,0,0,0,0,0.0,0.0,0.0,0.0,0.0,0.0,969.21,198.02
27558,0,0,0,0,0.0,0.0,0.0,0.0,0.0,0.0,1055.72,182.57
27610,0,0,0,0,0.0,0.0,0.0,0.0,0.0,0.0,755.24,185.93
27614,0,0,0,0,0.0,0.0,0.0,0.0,0.0,0.0,760.36,169.56
27659,0,0,0,0,0.0,0.0,0.0,0.0,0.0,0.0,774.84,229.4
27678,0,0,0,0,0.0,0.0,0.0,0.0,0.0,0.0,1701.86,570.7
27679,0,0,0,0,0.0,0.0,0.0,0.0,0.0,0.0,665.74,197.5
27686,0,0,0,0,0.0,0.0,0.0,0.0,0.0,0.0,1413.74,574.74
27760,0,0,0,0,0.0,0.0,0.0,0.0,0.0,0.0,593.71,150.86
27779,0,0,0,0,0.0,0.0,0.0,0.0,0.0,0.0,953.85,175.9
27804,0,0,0,0,0.0,0.0,0.0,0.0,0.0,0.0,705.81,164.65
27820,0,0,0,0,0.0,0.0,0.0,0.0,0.0,0.0,1754.29,338.63
27829,0,0,0,0,0.0,0.0,0.0,0.0,0.0,0.0,839.63,213.08
27832,0,0,0,0,0.0,0.0,0.0,0.0,0.0,0.0,628.66,149.65
27849,0,0,0,0,0.0,0.0,0.0,0.0,0.0,0.0,1944.78,534.28
27853,0,0,0,0,0.0,0.0,0.0,0.0,0.0,0.0,1435.46,682.97
27854,0,0,0,0,0.0,0.0,0.0,0.0,0.0,0.0,1204.89,568.23
27856,0,0,0,0,0.0,0.0,0.0,0.0,0.0,0.0,670.86,182.24
27859,0,0,0,0,0.0,0.0,0.0,0.0,0.0,0.0,742.89,131.84
27860,0,0,0,0,0.0,0.0,0.0,0.0,0.0,0.0,700.69,159.2
27870,0,0,0,0,0.0,0.0,0.0,0.0,0.0,0.0,785.08,174.13
27889,0,0,0,0,0.0,0.0,0.0,0.0,0.0,0.0,777.84,175.39
27901,0,0,0,0,0.0,0.0,0.0,0.0,0.0,0.0,444.53,134.47
27934,0,0,0,0,0.0,0.0,0.0,0.0,0.0,0.0,1466.17,540.6
27939,0,0,0,0,0.0,0.0,0.0,0.0,0.0,0.0,598.83,97.79
27943,0,0,0,0,0.0,0.0,0.0,0.0,0.0,0.0,499.08,141.01
27944,0,0,0,0,0.0,0.0,0.0,0.0,0.0,0.0,563.87,137.16
27967,0,0,0,0,0.0,0.0,0.0,0.0,0.0,0.0,1729.57,337.27
27998,0,0,0,0,0.0,0.0,0.0,0.0,0.0,0.0,899.3,201.19
28020,0,0,0,0,0.0,0.0,0.0,0.0,0.0,0.0,1060.84,292.99
28021,0,0,0,0,0.0,0.0,0.0,0.0,0.0,0.0,663.62,205.96
28058,0,0,0,0,0.0,0.0,0.0,0.0,0.0,0.0,782.96,174.01
28071,0,0,0,0,0.0,0.0,0.0,0.0,0.0,0.0,799.56,233.72
28105,0,0,0,0,0.0,0.0,0.0,0.0,0.0,0.0,1525.84,627.11
28107,0,0,0,0,0.0,0.0,0.0,0.0,0.0,0.0,742.89,257.69
28111,0,0,0,0,0.0,0.0,0.0,0.0,0.0,0.0,737.77,235.45
28116,0,0,0,0,0.0,0.0,0.0,0.0,0.0,0.0,732.65,213.88
28132,0,0,0,0,0.0,0.0,0.0,0.0,0.0,0.0,737.77,227.26
28144,0,0,0,0,0.0,0.0,0.0,0.0,0.0,0.0,725.41,160.6
28163,0,0,0,0,0.0,0.0,0.0,0.0,0.0,0.0,814.91,141.45
28172,0,0,0,0,0.0,0.0,0.0,0.0,0.0,0.0,258.28,132.27
28212,0,0,0,0,0.0,0.0,0.0,0.0,0.0,0.0,1145.22,215.25
28216,0,0,0,0,0.0,0.0,0.0,0.0,0.0,0.0,1389.03,553.36
28238,0,0,0,0,0.0,0.0,0.0,0.0,0.0,0.0,1389.03,564.33
28254,0,0,0,0,0.0,0.0,0.0,0.0,0.0,0.0,1167.82,222.75
28255,0,0,0,0,0.0,0.0,0.0,0.0,0.0,0.0,1095.79,174.57
28258,0,0,0,0,0.0,0.0,0.0,0.0,0.0,0.0,367.38,79.82
28283,0,0,0,0,0.0,0.0,0.0,0.0,0.0,0.0,837.51,156.19
28291,0,0,0,0,0.0,0.0,0.0,0.0,0.0,0.0,1110.27,274.01
28343,0,0,0,0,0.0,0.0,0.0,0.0,0.0,0.0,1396.27,315.9
28377,0,0,0,0,0.0,0.0,0.0,0.0,0.0,0.0,1689.5,737.6
28408,0,0,0,0,0.0,0.0,0.0,0.0,0.0,0.0,576.23,156.0
28463,0,0,0,0,0.0,0.0,0.0,0.0,0.0,0.0,1025.88,256.14
28468,0,0,0,0,0.0,0.0,0.0,0.0,0.0,0.0,2093.96,378.32
28471,0,0,0,0,0.0,0.0,0.0,0.0,0.0,0.0,1043.36,256.5
28479,0,0,0,0,0.0,0.0,0.0,0.0,0.0,0.0,2134.03,360.02
28526,0,0,0,0,0.0,0.0,0.0,0.0,0.0,0.0,1408.62,323.15
28543,0,0,0,0,0.0,0.0,0.0,0.0,0.0,0.0,951.73,231.82
28544,0,0,0,0,0.0,0.0,0.0,0.0,0.0,0.0,1647.31,308.39
28577,0,0,0,0,0.0,0.0,0.0,0.0,0.0,0.0,983.69,193.47
28650,0,0,0,0,0.0,0.0,0.0,0.0,0.0,0.0,1317.0,291.69
28669,0,0,0,0,0.0,0.0,0.0,0.0,0.0,0.0,1301.64,273.05
28691,0,0,0,0,0.0,0.0,0.0,0.0,0.0,0.0,837.51,145.01
28693,0,0,0,0,0.0,0.0,0.0,0.0,0.0,0.0,1155.46,218.64
28751,0,0,0,0,0.0,0.0,0.0,0.0,0.0,0.0,1199.78,238.31
28758,0,0,0,0,0.0,0.0,0.0,0.0,0.0,0.0,1250.09,261.79
28768,0,0,0,0,0.0,0.0,0.0,0.0,0.0,0.0,1204.89,263.2
28814,0,0,0,0,0.0,0.0,0.0,0.0,0.0,0.0,969.21,199.45
28817,0,0,0,0,0.0,0.0,0.0,0.0,0.0,0.0,1271.8,269.26
28837,0,0,0,0,0.0,0.0,0.0,0.0,0.0,0.0,1605.11,693.51
28839,0,0,0,0,0.0,0.0,0.0,0.0,0.0,0.0,616.3,409.5
28849,0,0,0,0,0.0,0.0,0.0,0.0,0.0,0.0,1192.54,235.2
28867,0,0,0,0,0.0,0.0,0.0,0.0,0.0,0.0,1428.22,313.2
28890,0,0,0,0,0.0,0.0,0.0,0.0,0.0,0.0,1622.59,663.27
28891,0,0,0,0,0.0,0.0,0.0,0.0,0.0,0.0,1533.08,677.08
28900,0,0,0,0,0.0,0.0,0.0,0.0,0.0,0.0,990.93,227.0
28903,0,0,0,0,0.0,0.0,0.0,0.0,0.0,0.0,1135.86,204.63
28907,0,0,0,0,0.0,0.0,0.0,0.0,0.0,0.0,1284.16,276.96
28908,0,0,0,0,0.0,0.0,0.0,0.0,0.0,0.0,1103.03,223.84
28920,0,0,0,0,0.0,0.0,0.0,0.0,0.0,0.0,1033.12,249.54
28943,0,0,0,0,0.0,0.0,0.0,0.0,0.0,0.0,583.47,402.96
28960,0,0,0,0,0.0,0.0,0.0,0.0,0.0,0.0,1373.67,282.51
28979,0,0,0,0,0.0,0.0,0.0,0.0,0.0,0.0,886.94,423.19
28984,0,0,0,0,0.0,0.0,0.0,0.0,0.0,0.0,1396.27,339.65
28987,0,0,0,0,0.0,0.0,0.0,0.0,0.0,0.0,1125.63,224.72
28988,0,0,0,0,0.0,0.0,0.0,0.0,0.0,0.0,1487.89,334.15
29009,0,0,0,0,0.0,0.0,0.0,0.0,0.0,0.0,996.05,222.81
29013,0,0,0,0,0.0,0.0,0.0,0.0,0.0,0.0,1351.95,290.61
29069,0,0,0,0,0.0,0.0,0.0,0.0,0.0,0.0,1050.6,253.79
29094,0,0,0,0,0.0,0.0,0.0,0.0,0.0,0.0,1369.43,271.25
29098,0,0,0,0,0.0,0.0,0.0,0.0,0.0,0.0,1431.22,330.98
29105,0,0,0,0,0.0,0.0,0.0,0.0,0.0,0.0,1110.27,252.0
29109,0,0,0,0,0.0,0.0,0.0,0.0,0.0,0.0,1162.7,242.46
29156,0,0,0,0,0.0,0.0,0.0,0.0,0.0,0.0,603.95,130.18
29170,0,0,0,0,0.0,0.0,0.0,0.0,0.0,0.0,581.35,111.41
29184,0,0,0,0,0.0,0.0,0.0,0.0,0.0,0.0,1097.91,227.93
29210,0,0,0,0,0.0,0.0,0.0,0.0,0.0,0.0,1269.68,248.91
29221,0,0,0,0,0.0,0.0,0.0,0.0,0.0,0.0,1405.62,247.56
29232,0,0,0,0,0.0,0.0,0.0,0.0,0.0,0.0,633.78,157.94
29282,0,0,0,0,0.0,0.0,0.0,0.0,0.0,0.0,504.2,135.61
29302,0,0,0,0,0.0,0.0,0.0,0.0,0.0,0.0,1311.88,263.0
29303,0,0,0,0,0.0,0.0,0.0,0.0,0.0,0.0,233.56,71.79
29345,0,0,0,0,0.0,0.0,0.0,0.0,0.0,0.0,437.29,89.41
29360,0,0,0,0,0.0,0.0,0.0,0.0,0.0,0.0,1155.46,242.22
29368,0,0,0,0,0.0,0.0,0.0,0.0,0.0,0.0,1568.04,302.18
29394,0,0,0,0,0.0,0.0,0.0,0.0,0.0,0.0,1689.5,327.54
29414,0,0,0,0,0.0,0.0,0.0,0.0,0.0,0.0,1190.42,265.42
29437,0,0,0,0,0.0,0.0,0.0,0.0,0.0,0.0,846.87,185.5
29438,0,0,0,0,0.0,0.0,0.0,0.0,0.0,0.0,558.75,101.88
29472,0,0,0,0,0.0,0.0,0.0,0.0,0.0,0.0,1610.23,315.25
29488,0,0,0,0,0.0,0.0,0.0,0.0,0.0,0.0,561.75,105.71
29519,0,0,0,0,0.0,0.0,0.0,0.0,0.0,0.0,1232.61,238.52
29525,0,0,0,0,0.0,0.0,0.0,0.0,0.0,0.0,191.37,59.31
29533,0,0,0,0,0.0,0.0,0.0,0.0,0.0,0.0,879.7,179.37
29538,0,0,0,0,0.0,0.0,0.0,0.0,0.0,0.0,1137.98,252.04
29541,0,0,0,0,0.0,0.0,0.0,0.0,0.0,0.0,576.23,168.08
29572,0,0,0,0,0.0,0.0,0.0,0.0,0.0,0.0,857.11,223.08
29596,0,0,0,0,0.0,0.0,0.0,0.0,0.0,0.0,568.99,115.07
29599,0,0,0,0,0.0,0.0,0.0,0.0,0.0,0.0,491.84,165.89
29622,0,0,0,0,0.0,0.0,0.0,0.0,0.0,0.0,663.62,95.47
29646,0,0,0,0,0.0,0.0,0.0,0.0,0.0,0.0,1597.87,294.8
29647,0,0,0,0,0.0,0.0,0.0,0.0,0.0,0.0,651.26,111.93
29652,0,0,0,0,0.0,0.0,0.0,0.0,0.0,0.0,683.21,150.85
29683,0,0,0,0,0.0,0.0,0.0,0.0,0.0,0.0,1543.32,276.82
29740,0,0,0,0,0.0,0.0,0.0,0.0,0.0,0.0,1244.97,294.76
29744,0,0,0,0,0.0,0.0,0.0,0.0,0.0,0.0,723.29,127.54
29752,0,0,0,0,0.0,0.0,0.0,0.0,0.0,0.0,1106.03,159.9
29753,0,0,0,0,0.0,0.0,0.0,0.0,0.0,0.0,630.78,140.9
29779,0,0,0,0,0.0,0.0,0.0,0.0,0.0,0.0,1071.07,179.95
29788,0,0,0,0,0.0,0.0,0.0,0.0,0.0,0.0,1219.37,162.36
29806,0,0,0,0,0.0,0.0,0.0,0.0,0.0,0.0,1118.39,201.79
29811,0,0,0,0,0.0,0.0,0.0,0.0,0.0,0.0,924.02,167.39
29813,0,0,0,0,0.0,0.0,0.0,0.0,0.0,0.0,221.21,60.89
29819,0,0,0,0,0.0,0.0,0.0,0.0,0.0,0.0,467.13,114.6
29838,0,0,0,0,0.0,0.0,0.0,0.0,0.0,0.0,953.85,168.22
29846,0,0,0,0,0.0,0.0,0.0,0.0,0.0,0.0,1013.52,178.42
29910,0,0,0,0,0.0,0.0,0.0,0.0,0.0,0.0,1652.43,316.65
29911,0,0,0,0,0.0,0.0,0.0,0.0,0.0,0.0,802.56,156.69
29939,0,0,0,0,0.0,0.0,0.0,0.0,0.0,0.0,814.91,156.65
29940,0,0,0,0,0.0,0.0,0.0,0.0,0.0,0.0,713.05,119.17
29970,0,0,0,0,0.0,0.0,0.0,0.0,0.0,0.0,951.73,182.93
30787,0,0,0,0,0.0,0.0,0.0,0.0,0.0,0.0,486.73,105.34
30866,0,0,0,0,0.0,0.0,0.0,0.0,0.0,0.0,496.96,143.38
31029,0,0,0,0,0.0,0.0,0.0,0.0,0.0,0.0,630.78,129.33
31033,0,0,0,0,0.0,0.0,0.0,0.0,0.0,0.0,794.44,245.88
31117,0,0,0,0,0.0,0.0,0.0,0.0,0.0,0.0,546.4,112.58
31134,0,0,0,0,0.0,0.0,0.0,0.0,0.0,0.0,400.22,110.61
31149,0,0,0,0,0.0,0.0,0.0,0.0,0.0,0.0,586.47,153.35
31215,0,0,0,0,0.0,0.0,0.0,0.0,0.0,0.0,941.5,129.64
31226,0,0,0,0,0.0,0.0,0.0,0.0,0.0,0.0,899.3,119.78
31347,0,0,0,0,0.0,0.0,0.0,0.0,0.0,0.0,849.87,134.68
31379,0,0,0,0,0.0,0.0,0.0,0.0,0.0,0.0,516.56,105.02
31441,0,0,0,0,0.0,0.0,0.0,0.0,0.0,0.0,467.13,88.32
31475,0,0,0,0,0.0,0.0,0.0,0.0,0.0,0.0,737.77,142.3
31546,0,0,0,0,0.0,0.0,0.0,0.0,0.0,0.0,484.61,120.59
31680,0,0,0,0,0.0,0.0,0.0,0.0,0.0,0.0,402.34,86.23
31713,0,0,0,0,0.0,0.0,0.0,0.0,0.0,0.0,851.99,136.17
31718,0,0,0,0,0.0,0.0,0.0,0.0,0.0,0.0,591.59,129.13
31739,0,0,0,0,0.0,0.0,0.0,0.0,0.0,0.0,1614.47,307.16
31766,0,0,0,0,0.0,0.0,0.0,0.0,0.0,0.0,1252.21,262.62
31809,0,0,0,0,0.0,0.0,0.0,0.0,0.0,0.0,479.49,100.95
31823,0,0,0,0,0.0,0.0,0.0,0.0,0.0,0.0,779.96,158.9
31829,0,0,0,0,0.0,0.0,0.0,0.0,0.0,0.0,1557.8,289.06
31837,0,0,0,0,0.0,0.0,0.0,0.0,0.0,0.0,1431.22,281.29
31865,0,0,0,0,0.0,0.0,0.0,0.0,0.0,0.0,419.82,75.71
31876,0,0,0,0,0.0,0.0,0.0,0.0,0.0,0.0,335.43,78.96
31911,0,0,0,0,0.0,0.0,0.0,0.0,0.0,0.0,502.08,99.25
31933,0,0,0,0,0.0,0.0,0.0,0.0,0.0,0.0,1465.3,273.63
31967,0,0,0,0,0.0,0.0,0.0,0.0,0.0,0.0,802.56,181.33
32045,0,0,0,0,0.0,0.0,0.0,0.0,0.0,0.0,1450.82,258.81
32068,0,0,0,0,0.0,0.0,0.0,0.0,0.0,0.0,1535.2,255.12
32123,0,0,0,0,0.0,0.0,0.0,0.0,0.0,0.0,1865.51,254.54
32182,0,0,0,0,0.0,0.0,0.0,0.0,0.0,0.0,641.02,111.25
32186,0,0,0,0,0.0,0.0,0.0,0.0,0.0,0.0,1470.41,249.74
32247,0,0,0,0,0.0,0.0,0.0,0.0,0.0,0.0,305.59,90.43
32307,0,0,0,0,0.0,0.0,0.0,0.0,0.0,0.0,1505.37,251.9
32308,0,0,0,0,0.0,0.0,0.0,0.0,0.0,0.0,511.44,157.44
32324,0,0,0,0,0.0,0.0,0.0,0.0,0.0,0.0,864.35,159.0
32336,0,0,0,0,0.0,0.0,0.0,0.0,0.0,0.0,389.98,56.75
32337,0,0,0,0,0.0,0.0,0.0,0.0,0.0,0.0,360.14,83.67
32341,0,0,0,0,0.0,0.0,0.0,0.0,0.0,0.0,2021.93,287.99
32349,0,0,0,0,0.0,0.0,0.0,0.0,0.0,0.0,432.17,70.9
32354,0,0,0,0,0.0,0.0,0.0,0.0,0.0,0.0,305.59,52.76
32358,0,0,0,0,0.0,0.0,0.0,0.0,0.0,0.0,648.26,141.28
32377,0,0,0,0,0.0,0.0,0.0,0.0,0.0,0.0,347.79,60.83
32408,0,0,0,0,0.0,0.0,0.0,0.0,0.0,0.0,486.73,79.59
32420,0,0,0,0,0.0,0.0,0.0,0.0,0.0,0.0,1043.36,116.49
32433,0,0,0,0,0.0,0.0,0.0,0.0,0.0,0.0,173.89,68.57
32485,0,0,0,0,0.0,0.0,0.0,0.0,0.0,0.0,347.79,64.58
32500,0,0,0,0,0.0,0.0,0.0,0.0,0.0,0.0,971.33,212.29
32509,0,0,0,0,0.0,0.0,0.0,0.0,0.0,0.0,1150.34,278.36
32571,0,0,0,0,0.0,0.0,0.0,0.0,0.0,0.0,1317.0,228.64
32593,0,0,0,0,0.0,0.0,0.0,0.0,0.0,0.0,551.52,65.1
32609,0,0,0,0,0.0,0.0,0.0,0.0,0.0,0.0,347.79,52.1
32616,0,0,0,0,0.0,0.0,0.0,0.0,0.0,0.0,583.47,178.93
32630,0,0,0,0,0.0,0.0,0.0,0.0,0.0,0.0,792.32,180.02
32647,0,0,0,0,0.0,0.0,0.0,0.0,0.0,0.0,1605.11,305.34
32725,0,0,0,0,0.0,0.0,0.0,0.0,0.0,0.0,370.38,64.97
32757,0,0,0,0,0.0,0.0,0.0,0.0,0.0,0.0,568.99,127.98
32759,0,0,0,0,0.0,0.0,0.0,0.0,0.0,0.0,454.77,123.14
32761,0,0,0,0,0.0,0.0,0.0,0.0,0.0,0.0,1167.82,258.67
32840,0,0,0,0,0.0,0.0,0.0,0.0,0.0,0.0,1522.85,292.43
32870,0,0,0,0,0.0,0.0,0.0,0.0,0.0,0.0,1786.25,240.94
32929,0,0,0,0,0.0,0.0,0.0,0.0,0.0,0.0,1090.67,191.6
32932,0,0,0,0,0.0,0.0,0.0,0.0,0.0,0.0,1137.98,198.71
32950,0,0,0,0,0.0,0.0,0.0,0.0,0.0,0.0,1356.19,251.37
32953,0,0,0,0,0.0,0.0,0.0,0.0,0.0,0.0,616.3,116.34
32971,0,0,0,0,0.0,0.0,0.0,0.0,0.0,0.0,1800.72,307.58
33002,0,0,0,0,0.0,0.0,0.0,0.0,0.0,0.0,568.99,108.37
33012,0,0,0,0,0.0,0.0,0.0,0.0,0.0,0.0,859.23,164.45
33025,0,0,0,0,0.0,0.0,0.0,0.0,0.0,0.0,618.43,173.54
33029,0,0,0,0,0.0,0.0,0.0,0.0,0.0,0.0,1319.12,199.9
33034,0,0,0,0,0.0,0.0,0.0,0.0,0.0,0.0,568.99,117.14
33041,0,0,0,0,0.0,0.0,0.0,0.0,0.0,0.0,1842.92,319.33
33061,0,0,0,0,0.0,0.0,0.0,0.0,0.0,0.0,556.63,105.44
33062,0,0,0,0,0.0,0.0,0.0,0.0,0.0,0.0,568.99,111.96
33067,0,0,0,0,0.0,0.0,0.0,0.0,0.0,0.0,1055.72,196.75
33075,0,0,0,0,0.0,0.0,0.0,0.0,0.0,0.0,1666.9,284.61
33081,0,0,0,0,0.0,0.0,0.0,0.0,0.0,0.0,1431.22,267.04
33102,0,0,0,0,0.0,0.0,0.0,0.0,0.0,0.0,1338.71,239.53
33134,0,0,0,0,0.0,0.0,0.0,0.0,0.0,0.0,1773.01,254.83
33160,0,0,0,0,0.0,0.0,0.0,0.0,0.0,0.0,1386.03,234.41
33163,0,0,0,0,0.0,0.0,0.0,0.0,0.0,0.0,909.54,157.99
33164,0,0,0,0,0.0,0.0,0.0,0.0,0.0,0.0,969.21,169.81
33168,0,0,0,0,0.0,0.0,0.0,0.0,0.0,0.0,1888.11,296.24
33190,0,0,0,0,0.0,0.0,0.0,0.0,0.0,0.0,1614.47,306.99
33204,0,0,0,0,0.0,0.0,0.0,0.0,0.0,0.0,832.39,161.48
33206,0,0,0,0,0.0,0.0,0.0,0.0,0.0,0.0,844.75,151.3
33208,0,0,0,0,0.0,0.0,0.0,0.0,0.0,0.0,1284.16,228.81
33211,0,0,0,0,0.0,0.0,0.0,0.0,0.0,0.0,1828.44,335.47
33214,0,0,0,0,0.0,0.0,0.0,0.0,0.0,0.0,1306.76,239.62
33245,0,0,0,0,0.0,0.0,0.0,0.0,0.0,0.0,675.98,201.19
33254,0,0,0,0,0.0,0.0,0.0,0.0,0.0,0.0,1798.6,277.75
33276,0,0,0,0,0.0,0.0,0.0,0.0,0.0,0.0,1415.86,248.6
33279,0,0,0,0,0.0,0.0,0.0,0.0,0.0,0.0,641.02,159.45
33290,0,0,0,0,0.0,0.0,0.0,0.0,0.0,0.0,467.13,132.08
33296,0,0,0,0,0.0,0.0,0.0,0.0,0.0,0.0,581.35,125.65
33313,0,0,0,0,0.0,0.0,0.0,0.0,0.0,0.0,1100.91,176.09
33314,0,0,0,0,0.0,0.0,0.0,0.0,0.0,0.0,1559.92,268.88
33315,0,0,0,0,0.0,0.0,0.0,0.0,0.0,0.0,846.87,159.16
33328,0,0,0,0,0.0,0.0,0.0,0.0,0.0,0.0,797.44,140.31
33331,0,0,0,0,0.0,0.0,0.0,0.0,0.0,0.0,1840.8,312.24
33334,0,0,0,0,0.0,0.0,0.0,0.0,0.0,0.0,1594.87,282.95
33338,0,0,0,0,0.0,0.0,0.0,0.0,0.0,0.0,1023.76,165.86
33428,0,0,0,0,0.0,0.0,0.0,0.0,0.0,0.0,1584.64,295.24
33474,0,0,0,0,0.0,0.0,0.0,0.0,0.0,0.0,846.87,156.36
33484,0,0,0,0,0.0,0.0,0.0,0.0,0.0,0.0,581.35,170.33
33496,0,0,0,0,0.0,0.0,0.0,0.0,0.0,0.0,1912.83,354.86
33511,0,0,0,0,0.0,0.0,0.0,0.0,0.0,0.0,911.66,190.73
33532,0,0,0,0,0.0,0.0,0.0,0.0,0.0,0.0,1616.59,318.26
33538,0,0,0,0,0.0,0.0,0.0,0.0,0.0,0.0,1872.75,351.18
33550,0,0,0,0,0.0,0.0,0.0,0.0,0.0,0.0,1143.1,209.93
33551,0,0,0,0,0.0,0.0,0.0,0.0,0.0,0.0,956.85,169.09
33552,0,0,0,0,0.0,0.0,0.0,0.0,0.0,0.0,839.63,204.99
33554,0,0,0,0,0.0,0.0,0.0,0.0,0.0,0.0,2125.91,359.34
33565,0,0,0,0,0.0,0.0,0.0,0.0,0.0,0.0,2083.72,350.0
33566,0,0,0,0,0.0,0.0,0.0,0.0,0.0,0.0,1925.18,349.85
33573,0,0,0,0,0.0,0.0,0.0,0.0,0.0,0.0,909.54,196.72
33588,0,0,0,0,0.0,0.0,0.0,0.0,0.0,0.0,1301.64,229.95
33595,0,0,0,0,0.0,0.0,0.0,0.0,0.0,0.0,802.56,153.41
33628,0,0,0,0,0.0,0.0,0.0,0.0,0.0,0.0,1776.01,322.86
33637,0,0,0,0,0.0,0.0,0.0,0.0,0.0,0.0,2186.46,410.45
33638,0,0,0,0,0.0,0.0,0.0,0.0,0.0,0.0,1468.29,255.41
33654,0,0,0,0,0.0,0.0,0.0,0.0,0.0,0.0,678.1,155.42
33670,0,0,0,0,0.0,0.0,0.0,0.0,0.0,0.0,2211.18,405.68
33693,0,0,0,0,0.0,0.0,0.0,0.0,0.0,0.0,1334.47,326.1
33714,0,0,0,0,0.0,0.0,0.0,0.0,0.0,0.0,725.41,128.32
33716,0,0,0,0,0.0,0.0,0.0,0.0,0.0,0.0,1364.31,332.32
33734,0,0,0,0,0.0,0.0,0.0,0.0,0.0,0.0,1008.41,214.52
33759,0,0,0,0,0.0,0.0,0.0,0.0,0.0,0.0,1227.49,210.02
33761,0,0,0,0,0.0,0.0,0.0,0.0,0.0,0.0,1083.43,208.79
33769,0,0,0,0,0.0,0.0,0.0,0.0,0.0,0.0,1050.6,270.03
33774,0,0,0,0,0.0,0.0,0.0,0.0,0.0,0.0,941.5,206.0
33792,0,0,0,0,0.0,0.0,0.0,0.0,0.0,0.0,966.21,216.17
33808,0,0,0,0,0.0,0.0,0.0,0.0,0.0,0.0,1317.0,220.33
33811,0,0,0,0,0.0,0.0,0.0,0.0,0.0,0.0,1334.47,231.09
33829,0,0,0,0,0.0,0.0,0.0,0.0,0.0,0.0,1304.64,328.88
33833,0,0,0,0,0.0,0.0,0.0,0.0,0.0,0.0,846.87,203.88
33845,0,0,0,0,0.0,0.0,0.0,0.0,0.0,0.0,941.5,227.15
33869,0,0,0,0,0.0,0.0,0.0,0.0,0.0,0.0,1266.69,296.39
33880,0,0,0,0,0.0,0.0,0.0,0.0,0.0,0.0,1199.78,335.2
33881,0,0,0,0,0.0,0.0,0.0,0.0,0.0,0.0,822.15,188.86
33883,0,0,0,0,0.0,0.0,0.0,0.0,0.0,0.0,978.57,225.13
33898,0,0,0,0,0.0,0.0,0.0,0.0,0.0,0.0,1038.24,277.25
33900,0,0,0,0,0.0,0.0,0.0,0.0,0.0,0.0,509.32,146.09
33906,0,0,0,0,0.0,0.0,0.0,0.0,0.0,0.0,280.88,75.1
33912,0,0,0,0,0.0,0.0,0.0,0.0,0.0,0.0,1254.33,290.93
33937,0,0,0,0,0.0,0.0,0.0,0.0,0.0,0.0,700.69,132.45
33939,0,0,0,0,0.0,0.0,0.0,0.0,0.0,0.0,774.84,150.95
33941,0,0,0,0,0.0,0.0,0.0,0.0,0.0,0.0,1068.08,233.85
33959,0,0,0,0,0.0,0.0,0.0,0.0,0.0,0.0,1038.24,214.98
33967,0,0,0,0,0.0,0.0,0.0,0.0,0.0,0.0,442.41,125.57
33974,0,0,0,0,0.0,0.0,0.0,0.0,0.0,0.0,978.57,213.82
33997,0,0,0,0,0.0,0.0,0.0,0.0,0.0,0.0,943.62,252.84
34007,0,0,0,0,0.0,0.0,0.0,0.0,0.0,0.0,663.62,172.12
34040,0,0,0,0,0.0,0.0,0.0,0.0,0.0,0.0,792.32,162.79
34043,0,0,0,0,0.0,0.0,0.0,0.0,0.0,0.0,437.29,147.37
34047,0,0,0,0,0.0,0.0,0.0,0.0,0.0,0.0,908.66,213.93
34050,0,0,0,0,0.0,0.0,0.0,0.0,0.0,0.0,1003.29,229.58
34069,0,0,0,0,0.0,0.0,0.0,0.0,0.0,0.0,1194.66,313.17
34079,0,0,0,0,0.0,0.0,0.0,0.0,0.0,0.0,869.47,246.27
34081,0,0,0,0,0.0,0.0,0.0,0.0,0.0,0.0,1210.01,273.3
34085,0,0,0,0,0.0,0.0,0.0,0.0,0.0,0.0,407.46,132.15
34116,0,0,0,0,0.0,0.0,0.0,0.0,0.0,0.0,678.1,194.98
34128,0,0,0,0,0.0,0.0,0.0,0.0,0.0,0.0,646.14,142.98
34131,0,0,0,0,0.0,0.0,0.0,0.0,0.0,0.0,462.01,93.15
34132,0,0,0,0,0.0,0.0,0.0,0.0,0.0,0.0,779.96,168.36
34135,0,0,0,0,0.0,0.0,0.0,0.0,0.0,0.0,725.41,208.55
34141,0,0,0,0,0.0,0.0,0.0,0.0,0.0,0.0,144.06,66.35
34149,0,0,0,0,0.0,0.0,0.0,0.0,0.0,0.0,342.67,111.93
34151,0,0,0,0,0.0,0.0,0.0,0.0,0.0,0.0,126.58,53.46
34161,0,0,0,0,0.0,0.0,0.0,0.0,0.0,0.0,730.53,175.49
34168,0,0,0,0,0.0,0.0,0.0,0.0,0.0,0.0,665.74,215.44
34178,0,0,0,0,0.0,0.0,0.0,0.0,0.0,0.0,772.72,156.27
34185,0,0,0,0,0.0,0.0,0.0,0.0,0.0,0.0,325.19,55.28
34189,0,0,0,0,0.0,0.0,0.0,0.0,0.0,0.0,772.72,267.35
34216,0,0,0,0,0.0,0.0,0.0,0.0,0.0,0.0,432.17,148.48
34219,0,0,0,0,0.0,0.0,0.0,0.0,0.0,0.0,558.75,153.18
34220,0,0,0,0,0.0,0.0,0.0,0.0,0.0,0.0,1172.94,242.79
34233,0,0,0,0,0.0,0.0,0.0,0.0,0.0,0.0,641.02,230.18
35258,0,0,0,0,0.0,0.0,0.0,0.0,0.0,0.0,576.23,124.17
35655,0,0,0,0,0.0,0.0,0.0,0.0,0.0,0.0,437.29,88.78
35766,0,0,0,0,0.0,0.0,0.0,0.0,0.0,0.0,449.65,109.79
